"","Pathogen","Disease","AgeGroup","CostItem","median","5%","95%"
"1","All gastro pathogens","Gastroenteritis","<5","GPSpecialist",2312337.8543052,1266438.7234706,3858977.57639312
"2","All gastro pathogens","Gastroenteritis","<5","ED",4154823.43885229,1977282.3020008,8251038.82539473
"3","All gastro pathogens","Gastroenteritis","<5","Medications",3233342.35207198,1706124.0832454,5639793.83525299
"4","All gastro pathogens","Gastroenteritis","<5","Tests",516022.348059362,220133.937875297,1152219.67682098
"5","All gastro pathogens","Gastroenteritis","<5","Hospitalisation",8058107.055465,4213031.7483532,14172538.232262
"6","All gastro pathogens","Gastroenteritis","<5","Deaths",5701288.63403943,2714353.72644119,11147591.675343
"7","All gastro pathogens","Gastroenteritis","<5","WTP",12704711.5253035,6830962.10137767,22152766.7764356
"8","All gastro pathogens","Gastroenteritis","<5","WTPOngoing",0,0,0
"9","All gastro pathogens","Gastroenteritis","<5","HumanCapital",71075497.255337,35068636.4243975,140303012.598526
"10","All gastro pathogens","Gastroenteritis","<5","FrictionHigh",56860397.8042696,28054909.139518,112242410.078821
"11","All gastro pathogens","Gastroenteritis","<5","FrictionLow",21322649.1766011,10520590.9273192,42090903.7795578
"12","All gastro pathogens","Gastroenteritis","<5","TotalHumanCapital",109966370.418125,63990236.3529741,189066824.299108
"13","All gastro pathogens","Gastroenteritis","<5","TotalFrictionHigh",95689186.3030528,56790774.5032963,161343117.993796
"14","All gastro pathogens","Gastroenteritis","<5","TotalFrictionLow",60019616.0184898,38167151.6199469,92720202.566114
"15","All gastro pathogens","Gastroenteritis","5-64","GPSpecialist",32190003.339561,17623294.9031803,53602962.5922457
"16","All gastro pathogens","Gastroenteritis","5-64","ED",57844471.1953938,27413123.8967574,114548186.873803
"17","All gastro pathogens","Gastroenteritis","5-64","Medications",30379400.7452071,16712384.7370976,50391192.2245511
"18","All gastro pathogens","Gastroenteritis","5-64","Tests",7155036.17539682,3049289.73211273,16069529.6403071
"19","All gastro pathogens","Gastroenteritis","5-64","Hospitalisation",45182925.7273946,23599787.4471416,79082753.8504712
"20","All gastro pathogens","Gastroenteritis","5-64","Deaths",18837884.5276276,9547937.09127318,34351015.2597169
"21","All gastro pathogens","Gastroenteritis","5-64","WTP",169486021.319643,87962035.2048154,301226948.802249
"22","All gastro pathogens","Gastroenteritis","5-64","WTPOngoing",0,0,0
"23","All gastro pathogens","Gastroenteritis","5-64","HumanCapital",1467944202.01781,808746636.326067,2454944414.3924
"24","All gastro pathogens","Gastroenteritis","5-64","FrictionHigh",1174355361.61424,646997309.060854,1963955531.51392
"25","All gastro pathogens","Gastroenteritis","5-64","FrictionLow",440383260.605342,242623990.89782,736483324.31772
"26","All gastro pathogens","Gastroenteritis","5-64","TotalHumanCapital",1841976969.12312,1052463519.46199,3004791561.16401
"27","All gastro pathogens","Gastroenteritis","5-64","TotalFrictionHigh",1548256904.41937,890017884.184028,2513834102.02417
"28","All gastro pathogens","Gastroenteritis","5-64","TotalFrictionLow",812853706.925343,480847292.620573,1293731883.50841
"29","All gastro pathogens","Gastroenteritis","65+","GPSpecialist",7200759.64334519,3952858.77982404,12023899.691085
"30","All gastro pathogens","Gastroenteritis","65+","ED",12939632.2225525,6138822.72719983,25716160.4528747
"31","All gastro pathogens","Gastroenteritis","65+","Medications",9246971.5940728,4846196.65494027,16482523.727227
"32","All gastro pathogens","Gastroenteritis","65+","Tests",1605243.58316378,687875.420610579,3586018.23437479
"33","All gastro pathogens","Gastroenteritis","65+","Hospitalisation",93023482.0318727,48660572.5678881,163472943.758987
"34","All gastro pathogens","Gastroenteritis","65+","Deaths",183196293.066101,95432337.1311854,322894315.305697
"35","All gastro pathogens","Gastroenteritis","65+","WTP",39734643.6328016,21404163.7978667,69256547.9257948
"36","All gastro pathogens","Gastroenteritis","65+","WTPOngoing",0,0,0
"37","All gastro pathogens","Gastroenteritis","65+","HumanCapital",177546436.592435,50280647.9422589,879771572.928652
"38","All gastro pathogens","Gastroenteritis","65+","FrictionHigh",142037149.273948,40224518.3538072,703817258.342922
"39","All gastro pathogens","Gastroenteritis","65+","FrictionLow",53263930.9777304,15084194.3826777,263931471.878596
"40","All gastro pathogens","Gastroenteritis","65+","TotalHumanCapital",558263364.607329,344227096.182306,1267411372.24255
"41","All gastro pathogens","Gastroenteritis","65+","TotalFrictionHigh",522944411.971568,329028748.150059,1094015711.56808
"42","All gastro pathogens","Gastroenteritis","65+","TotalFrictionLow",429598293.028469,284861429.403975,680604329.80807
"43","All gastro pathogens","Gastroenteritis","All ages","GPSpecialist",41816466.4530362,23089110.2005169,68800621.6034064
"44","All gastro pathogens","Gastroenteritis","All ages","ED",76191646.793653,38503582.4230844,141480462.088378
"45","All gastro pathogens","Gastroenteritis","All ages","Medications",43163292.6579934,23900352.8508155,70904407.4002004
"46","All gastro pathogens","Gastroenteritis","All ages","Tests",9511619.21232221,4512678.14412535,19376442.6923083
"47","All gastro pathogens","Gastroenteritis","All ages","Hospitalisation",149625362.183565,96122667.741554,225078131.255289
"48","All gastro pathogens","Gastroenteritis","All ages","Deaths",209656231.119108,120286595.081054,349730593.8488
"49","All gastro pathogens","Gastroenteritis","All ages","WTP",221996563.054197,116375209.82314,392599499.159699
"50","All gastro pathogens","Gastroenteritis","All ages","WTPOngoing",0,0,0
"51","All gastro pathogens","Gastroenteritis","All ages","HumanCapital",1790335659.80625,973202824.518607,3135127542.43317
"52","All gastro pathogens","Gastroenteritis","All ages","FrictionHigh",1432268527.845,778562259.614886,2508102033.94654
"53","All gastro pathogens","Gastroenteritis","All ages","FrictionLow",537100697.941874,291960847.355582,940538262.729951
"54","All gastro pathogens","Gastroenteritis","All ages","TotalHumanCapital",2570873756.47823,1573595100.25908,4129519783.14581
"55","All gastro pathogens","Gastroenteritis","All ages","TotalFrictionHigh",2212952372.43731,1377053435.96499,3506187329.14578
"56","All gastro pathogens","Gastroenteritis","All ages","TotalFrictionLow",1315951048.53623,874024818.933749,1957368468.38198
"57","All gastro pathogens","Reactive arthritis","<5","GPSpecialist",204430.029344735,109426.75693751,355171.581307907
"58","All gastro pathogens","Reactive arthritis","<5","ED",0,0,0
"59","All gastro pathogens","Reactive arthritis","<5","Medications",138492.448836002,69500.2851809595,265430.382666342
"60","All gastro pathogens","Reactive arthritis","<5","Tests",155466.630116025,82000.1968096303,276997.432453817
"61","All gastro pathogens","Reactive arthritis","<5","Hospitalisation",41058.1826610006,29981.679637713,54523.7401749981
"62","All gastro pathogens","Reactive arthritis","<5","Deaths",161968.066249423,18560.5772008641,747032.957631115
"63","All gastro pathogens","Reactive arthritis","<5","WTP",2701196.10493816,1255659.49904679,5286164.33945461
"64","All gastro pathogens","Reactive arthritis","<5","WTPOngoing",814808.350889588,265897.130396759,1842286.77631818
"65","All gastro pathogens","Reactive arthritis","<5","HumanCapital",7354483.13570326,3950022.29472764,12717241.9349134
"66","All gastro pathogens","Reactive arthritis","<5","FrictionHigh",5883586.50856261,3160017.83578211,10173793.5479307
"67","All gastro pathogens","Reactive arthritis","<5","FrictionLow",2206344.94071098,1185006.68841829,3815172.58047403
"68","All gastro pathogens","Reactive arthritis","<5","TotalHumanCapital",11735255.0648821,6326657.88132211,20453290.6438373
"69","All gastro pathogens","Reactive arthritis","<5","TotalFrictionHigh",10253991.7794072,5513914.47081819,17944783.7612071
"70","All gastro pathogens","Reactive arthritis","<5","TotalFrictionLow",6553160.61297432,3454608.176746,11780498.736144
"71","All gastro pathogens","Reactive arthritis","5-64","GPSpecialist",1231724.16324265,661597.657294348,2239361.05452884
"72","All gastro pathogens","Reactive arthritis","5-64","ED",0,0,0
"73","All gastro pathogens","Reactive arthritis","5-64","Medications",824753.507628785,412935.852099619,1689446.67038977
"74","All gastro pathogens","Reactive arthritis","5-64","Tests",932932.193394368,490736.78507757,1749200.82251059
"75","All gastro pathogens","Reactive arthritis","5-64","Hospitalisation",301886.76502229,211214.070268177,416859.389420201
"76","All gastro pathogens","Reactive arthritis","5-64","Deaths",157824.554033064,15818.6700605257,901581.452780441
"77","All gastro pathogens","Reactive arthritis","5-64","WTP",16305540.9040705,7571231.22336621,32857234.0249038
"78","All gastro pathogens","Reactive arthritis","5-64","WTPOngoing",4903306.28714517,1592171.65099309,11452142.6222374
"79","All gastro pathogens","Reactive arthritis","5-64","HumanCapital",52080955.7615782,28073061.1674567,93923924.0970053
"80","All gastro pathogens","Reactive arthritis","5-64","FrictionHigh",41664764.6092625,22458448.9339653,75139139.2776042
"81","All gastro pathogens","Reactive arthritis","5-64","FrictionLow",15624286.7284734,8421918.350237,28177177.2291016
"82","All gastro pathogens","Reactive arthritis","5-64","TotalHumanCapital",77278009.2209732,41424969.2426153,140955180.393194
"83","All gastro pathogens","Reactive arthritis","5-64","TotalFrictionHigh",66845165.2460226,35744079.6521168,122441182.710479
"84","All gastro pathogens","Reactive arthritis","5-64","TotalFrictionLow",40678233.6475746,21223635.3245899,76344648.3248144
"85","All gastro pathogens","Reactive arthritis","65+","GPSpecialist",374086.840086392,198645.898838264,686235.928120148
"86","All gastro pathogens","Reactive arthritis","65+","ED",0,0,0
"87","All gastro pathogens","Reactive arthritis","65+","Medications",250673.38592565,123390.224714243,522382.068266436
"88","All gastro pathogens","Reactive arthritis","65+","Tests",283537.355684548,147180.713977629,538411.20334684
"89","All gastro pathogens","Reactive arthritis","65+","Hospitalisation",69096.9005966015,47945.6128059139,96160.5315975417
"90","All gastro pathogens","Reactive arthritis","65+","Deaths",168927.89606089,15499.9181174356,1004638.40271094
"91","All gastro pathogens","Reactive arthritis","65+","WTP",4949906.75259875,2282854.45970777,10075686.3888923
"92","All gastro pathogens","Reactive arthritis","65+","WTPOngoing",1487277.51267989,483106.998066416,3515327.52091655
"93","All gastro pathogens","Reactive arthritis","65+","HumanCapital",6479436.28615648,3461833.34015081,11822871.7647496
"94","All gastro pathogens","Reactive arthritis","65+","FrictionHigh",5183549.02892519,2769466.67212065,9458297.41179967
"95","All gastro pathogens","Reactive arthritis","65+","FrictionLow",1943830.88584694,1038550.00204524,3546861.52942488
"96","All gastro pathogens","Reactive arthritis","65+","TotalHumanCapital",14291101.4193171,7532271.17853132,26735956.9029217
"97","All gastro pathogens","Reactive arthritis","65+","TotalFrictionHigh",12985973.1567988,6809413.04326726,24433011.7835666
"98","All gastro pathogens","Reactive arthritis","65+","TotalFrictionLow",9721948.50504575,4927715.89942231,18758595.6485546
"99","All gastro pathogens","Reactive arthritis","All ages","GPSpecialist",1815173.53196956,981602.655092168,3250303.84253668
"100","All gastro pathogens","Reactive arthritis","All ages","ED",0,0,0
"101","All gastro pathogens","Reactive arthritis","All ages","Medications",1235546.97038871,642559.330755582,2365607.51957269
"102","All gastro pathogens","Reactive arthritis","All ages","Tests",1381399.16240547,740074.747735403,2517859.35013402
"103","All gastro pathogens","Reactive arthritis","All ages","Hospitalisation",414024.907938463,318753.826082081,531479.855660151
"104","All gastro pathogens","Reactive arthritis","All ages","Deaths",674831.503258192,194216.249214443,1878232.37396597
"105","All gastro pathogens","Reactive arthritis","All ages","WTP",24009280.1805987,11204585.7333267,48007472.0178427
"106","All gastro pathogens","Reactive arthritis","All ages","WTPOngoing",7268571.11211794,2393247.62494878,16532705.8360259
"107","All gastro pathogens","Reactive arthritis","All ages","HumanCapital",66024142.0379714,35829153.3541987,117669913.542917
"108","All gastro pathogens","Reactive arthritis","All ages","FrictionHigh",52819313.6303771,28663322.683359,94135930.8343336
"109","All gastro pathogens","Reactive arthritis","All ages","FrictionLow",19807242.6113914,10748746.0062596,35300974.0628751
"110","All gastro pathogens","Reactive arthritis","All ages","TotalHumanCapital",103555639.590656,55897019.2580051,186898266.60815
"111","All gastro pathogens","Reactive arthritis","All ages","TotalFrictionHigh",90296306.1232508,48573848.2245384,163712741.649542
"112","All gastro pathogens","Reactive arthritis","All ages","TotalFrictionLow",57078699.7219815,29941044.3186858,106152434.628173
"113","All gastro pathogens","Irritable bowel syndrome","<5","GPSpecialist",948180.866721199,634327.029279696,1409651.5264653
"114","All gastro pathogens","Irritable bowel syndrome","<5","ED",0,0,0
"115","All gastro pathogens","Irritable bowel syndrome","<5","Medications",49448.5961659457,33131.1072316054,73482.4902117184
"116","All gastro pathogens","Irritable bowel syndrome","<5","Tests",615053.363513508,412414.009137884,913465.866931828
"117","All gastro pathogens","Irritable bowel syndrome","<5","Hospitalisation",4209.74381080123,2364.75784475227,7920.65934393319
"118","All gastro pathogens","Irritable bowel syndrome","<5","Deaths",45272.2681918291,3583.885117106,251837.842303408
"119","All gastro pathogens","Irritable bowel syndrome","<5","WTP",3144833.33129891,1916454.87572108,5040668.18714792
"120","All gastro pathogens","Irritable bowel syndrome","<5","WTPOngoing",4687097.60434864,2122004.54262733,9157988.19554335
"121","All gastro pathogens","Irritable bowel syndrome","<5","HumanCapital",3736751.9911813,2503906.35178545,5546887.88241327
"122","All gastro pathogens","Irritable bowel syndrome","<5","FrictionHigh",2989401.59294504,2003125.08142836,4437510.30593061
"123","All gastro pathogens","Irritable bowel syndrome","<5","FrictionLow",1121025.59735439,751171.905535635,1664066.36472398
"124","All gastro pathogens","Irritable bowel syndrome","<5","TotalHumanCapital",13347362.5909341,8301505.29836301,21351536.2462372
"125","All gastro pathogens","Irritable bowel syndrome","<5","TotalFrictionHigh",12589752.577066,7763670.21604456,20307844.6892813
"126","All gastro pathogens","Irritable bowel syndrome","<5","TotalFrictionLow",10700457.9078349,6387150.19689675,17731676.3620742
"127","All gastro pathogens","Irritable bowel syndrome","5-64","GPSpecialist",6153378.35718398,3925009.91932395,9749116.03943931
"128","All gastro pathogens","Irritable bowel syndrome","5-64","ED",0,0,0
"129","All gastro pathogens","Irritable bowel syndrome","5-64","Medications",320931.470614509,204909.901427945,508374.317125648
"130","All gastro pathogens","Irritable bowel syndrome","5-64","Tests",4679619.85240596,2978369.16307033,7446608.13378459
"131","All gastro pathogens","Irritable bowel syndrome","5-64","Hospitalisation",2633966.41887127,1421949.14965067,5628015.66212909
"132","All gastro pathogens","Irritable bowel syndrome","5-64","Deaths",183655.857583422,42239.8601621604,685522.316940069
"133","All gastro pathogens","Irritable bowel syndrome","5-64","WTP",20439875.7473551,11979138.4978988,34537178.9384608
"134","All gastro pathogens","Irritable bowel syndrome","5-64","WTPOngoing",30055611.505351,12931369.2824032,62976406.0766859
"135","All gastro pathogens","Irritable bowel syndrome","5-64","HumanCapital",28419605.5791124,18149874.3298114,44924521.4992283
"136","All gastro pathogens","Irritable bowel syndrome","5-64","FrictionHigh",22735684.46329,14519899.4638491,35939617.1993827
"137","All gastro pathogens","Irritable bowel syndrome","5-64","FrictionLow",8525881.67373373,5444962.29894343,13477356.4497685
"138","All gastro pathogens","Irritable bowel syndrome","5-64","TotalHumanCapital",94153553.3034218,57594361.505539,156949810.580774
"139","All gastro pathogens","Irritable bowel syndrome","5-64","TotalFrictionHigh",88404272.2963411,53658923.6841504,148376342.664006
"140","All gastro pathogens","Irritable bowel syndrome","5-64","TotalFrictionLow",74052412.6290994,43690035.6552668,127211729.762073
"141","All gastro pathogens","Irritable bowel syndrome","65+","GPSpecialist",1878350.66806968,1187052.65490023,3001942.53618336
"142","All gastro pathogens","Irritable bowel syndrome","65+","ED",0,0,0
"143","All gastro pathogens","Irritable bowel syndrome","65+","Medications",98054.9871942814,61952.7141257794,156693.636342234
"144","All gastro pathogens","Irritable bowel syndrome","65+","Tests",1641860.43841535,1035293.20648534,2632206.15726956
"145","All gastro pathogens","Irritable bowel syndrome","65+","Hospitalisation",630674.41678491,337104.583078664,1378140.70914051
"146","All gastro pathogens","Irritable bowel syndrome","65+","Deaths",1000157.7054848,421188.87461044,2572245.09948563
"147","All gastro pathogens","Irritable bowel syndrome","65+","WTP",6244463.39559674,3626629.1254436,10638362.4957553
"148","All gastro pathogens","Irritable bowel syndrome","65+","WTPOngoing",9181295.56293359,3924773.41970316,19477856.0894559
"149","All gastro pathogens","Irritable bowel syndrome","65+","HumanCapital",3534236.06492635,2235877.71558647,5637598.33890261
"150","All gastro pathogens","Irritable bowel syndrome","65+","FrictionHigh",2827388.85194108,1788702.17246918,4510078.67112209
"151","All gastro pathogens","Irritable bowel syndrome","65+","FrictionLow",1060270.81947791,670763.314675942,1691279.50167078
"152","All gastro pathogens","Irritable bowel syndrome","65+","TotalHumanCapital",24662413.367973,14898956.21409,41836612.5609927
"153","All gastro pathogens","Irritable bowel syndrome","65+","TotalFrictionHigh",23944641.380577,14400076.6272877,40790746.7866528
"154","All gastro pathogens","Irritable bowel syndrome","65+","TotalFrictionLow",22159229.8975142,13151487.6211293,38188306.6257469
"155","All gastro pathogens","Irritable bowel syndrome","All ages","GPSpecialist",8983494.30486603,5781703.22230373,14118604.0416598
"156","All gastro pathogens","Irritable bowel syndrome","All ages","ED",0,0,0
"157","All gastro pathogens","Irritable bowel syndrome","All ages","Medications",468683.433067914,301747.065961899,735760.429219351
"158","All gastro pathogens","Irritable bowel syndrome","All ages","Tests",6943453.70605733,4451632.42014972,10955367.0626094
"159","All gastro pathogens","Irritable bowel syndrome","All ages","Hospitalisation",3378529.62486601,2020586.45835764,6407018.68388704
"160","All gastro pathogens","Irritable bowel syndrome","All ages","Deaths",1336254.32756508,648289.016791001,2964859.20267584
"161","All gastro pathogens","Irritable bowel syndrome","All ages","WTP",29854838.08932,17597289.9825331,50094390.3313251
"162","All gastro pathogens","Irritable bowel syndrome","All ages","WTPOngoing",44585624.4990384,20335765.2403338,88172746.1905424
"163","All gastro pathogens","Irritable bowel syndrome","All ages","HumanCapital",35707991.5774142,23006686.9547981,55966148.9455192
"164","All gastro pathogens","Irritable bowel syndrome","All ages","FrictionHigh",28566393.2619314,18405349.5638385,44772919.1564154
"165","All gastro pathogens","Irritable bowel syndrome","All ages","FrictionLow",10712397.4732243,6902006.08643944,16789844.6836558
"166","All gastro pathogens","Irritable bowel syndrome","All ages","TotalHumanCapital",132458283.037113,81835921.0127092,217780139.586084
"167","All gastro pathogens","Irritable bowel syndrome","All ages","TotalFrictionHigh",125261371.704296,76886626.8081383,207112239.941468
"168","All gastro pathogens","Irritable bowel syndrome","All ages","TotalFrictionLow",107322871.245908,64328507.0177469,180671731.768265
"169","All gastro pathogens","Guillain-Barré syndrome","<5","GPSpecialist",6309.50262971992,3077.86012020014,13026.1047827124
"170","All gastro pathogens","Guillain-Barré syndrome","<5","ED",0,0,0
"171","All gastro pathogens","Guillain-Barré syndrome","<5","Medications",0,0,0
"172","All gastro pathogens","Guillain-Barré syndrome","<5","Tests",0,0,0
"173","All gastro pathogens","Guillain-Barré syndrome","<5","Hospitalisation",379783.726826315,185388.594370006,781701.735573891
"174","All gastro pathogens","Guillain-Barré syndrome","<5","Deaths",55745.1968996294,458.748208986089,544398.325019549
"175","All gastro pathogens","Guillain-Barré syndrome","<5","WTP",18458.7755357792,8640.75041689837,39627.8900364261
"176","All gastro pathogens","Guillain-Barré syndrome","<5","WTPOngoing",3070.48891272728,1296.98081366261,7087.04643082571
"177","All gastro pathogens","Guillain-Barré syndrome","<5","HumanCapital",170657.619456725,83305.2444189703,351261.383506407
"178","All gastro pathogens","Guillain-Barré syndrome","<5","FrictionHigh",136526.09556538,66644.1955351762,281009.106805125
"179","All gastro pathogens","Guillain-Barré syndrome","<5","FrictionLow",51197.2858370175,24991.5733256911,105378.415051922
"180","All gastro pathogens","Guillain-Barré syndrome","<5","TotalHumanCapital",699875.764348175,336293.89816085,1457204.00123766
"181","All gastro pathogens","Guillain-Barré syndrome","<5","TotalFrictionHigh",664492.062083411,317929.735788622,1394182.19110756
"182","All gastro pathogens","Guillain-Barré syndrome","<5","TotalFrictionLow",575284.910212177,271712.054137982,1235468.64645484
"183","All gastro pathogens","Guillain-Barré syndrome","5-64","GPSpecialist",57443.1628124096,28018.6017457668,118715.945684653
"184","All gastro pathogens","Guillain-Barré syndrome","5-64","ED",0,0,0
"185","All gastro pathogens","Guillain-Barré syndrome","5-64","Medications",0,0,0
"186","All gastro pathogens","Guillain-Barré syndrome","5-64","Tests",0,0,0
"187","All gastro pathogens","Guillain-Barré syndrome","5-64","Hospitalisation",3460096.0204213,1689020.07195404,7121850.86764552
"188","All gastro pathogens","Guillain-Barré syndrome","5-64","Deaths",4272099.07623058,1712942.26520791,8923737.49907636
"189","All gastro pathogens","Guillain-Barré syndrome","5-64","WTP",168172.386707892,78723.2943886423,361037.86162338
"190","All gastro pathogens","Guillain-Barré syndrome","5-64","WTPOngoing",59547.9018939012,25200.5183706494,137444.952329806
"191","All gastro pathogens","Guillain-Barré syndrome","5-64","HumanCapital",1821003.81055946,888909.431699883,3748138.05503572
"192","All gastro pathogens","Guillain-Barré syndrome","5-64","FrictionHigh",1456803.04844757,711127.545359906,2998510.44402857
"193","All gastro pathogens","Guillain-Barré syndrome","5-64","FrictionLow",546301.143167839,266672.829509965,1124441.41651072
"194","All gastro pathogens","Guillain-Barré syndrome","5-64","TotalHumanCapital",10296100.4652896,5840325.85077286,17394991.8603155
"195","All gastro pathogens","Guillain-Barré syndrome","5-64","TotalFrictionHigh",9923386.49707207,5614488.5646376,16737067.9066858
"196","All gastro pathogens","Guillain-Barré syndrome","5-64","TotalFrictionLow",8974615.15273831,5052640.81505587,15111022.0549286
"197","All gastro pathogens","Guillain-Barré syndrome","65+","GPSpecialist",18048.6484418699,8807.80360980272,37231.4806976995
"198","All gastro pathogens","Guillain-Barré syndrome","65+","ED",0,0,0
"199","All gastro pathogens","Guillain-Barré syndrome","65+","Medications",0,0,0
"200","All gastro pathogens","Guillain-Barré syndrome","65+","Tests",0,0,0
"201","All gastro pathogens","Guillain-Barré syndrome","65+","Hospitalisation",1085715.16941089,529983.764247296,2234707.20917836
"202","All gastro pathogens","Guillain-Barré syndrome","65+","Deaths",48901959.6030362,21376973.1583546,90473800.4968727
"203","All gastro pathogens","Guillain-Barré syndrome","65+","WTP",52769.4347923215,24701.9372870875,113287.111335264
"204","All gastro pathogens","Guillain-Barré syndrome","65+","WTPOngoing",57089.8595561712,24270.7108801097,130575.802149519
"205","All gastro pathogens","Guillain-Barré syndrome","65+","HumanCapital",232262.515330758,113377.214979258,478061.5874725
"206","All gastro pathogens","Guillain-Barré syndrome","65+","FrictionHigh",185810.012264606,90701.7719834067,382449.269978
"207","All gastro pathogens","Guillain-Barré syndrome","65+","FrictionLow",69678.7545992273,34013.1644937775,143418.47624175
"208","All gastro pathogens","Guillain-Barré syndrome","65+","TotalHumanCapital",50503041.0065211,22937906.2434793,92076493.7756277
"209","All gastro pathogens","Guillain-Barré syndrome","65+","TotalFrictionHigh",50451892.2366559,22888578.1348286,92028728.3697728
"210","All gastro pathogens","Guillain-Barré syndrome","65+","TotalFrictionLow",50327670.087321,22766960.1519322,91906395.7845691
"211","All gastro pathogens","Guillain-Barré syndrome","All ages","GPSpecialist",81833.6219222552,39927.185532312,168876.542478952
"212","All gastro pathogens","Guillain-Barré syndrome","All ages","ED",0,0,0
"213","All gastro pathogens","Guillain-Barré syndrome","All ages","Medications",0,0,0
"214","All gastro pathogens","Guillain-Barré syndrome","All ages","Tests",0,0,0
"215","All gastro pathogens","Guillain-Barré syndrome","All ages","Hospitalisation",4925594.9166585,2404392.43057134,10138259.8123978
"216","All gastro pathogens","Guillain-Barré syndrome","All ages","Deaths",53701746.4695123,25875286.1700682,95427842.7743813
"217","All gastro pathogens","Guillain-Barré syndrome","All ages","WTP",239400.597035993,112065.982092628,513952.86299507
"218","All gastro pathogens","Guillain-Barré syndrome","All ages","WTPOngoing",119773.482894093,50946.6379988743,274466.62826282
"219","All gastro pathogens","Guillain-Barré syndrome","All ages","HumanCapital",2223923.94534695,1085591.89109811,4577461.02601462
"220","All gastro pathogens","Guillain-Barré syndrome","All ages","FrictionHigh",1779139.15627756,868473.512878489,3661968.8208117
"221","All gastro pathogens","Guillain-Barré syndrome","All ages","FrictionLow",667177.183604084,325677.567329433,1373238.30780439
"222","All gastro pathogens","Guillain-Barré syndrome","All ages","TotalHumanCapital",62189627.5515309,33547044.1173825,104292053.094101
"223","All gastro pathogens","Guillain-Barré syndrome","All ages","TotalFrictionHigh",61688095.5946677,33118164.2535133,103769446.551196
"224","All gastro pathogens","Guillain-Barré syndrome","All ages","TotalFrictionLow",60434486.3479442,32064301.9238733,102386203.926465
"225","All gastro pathogens","Haemolytic uremic syndrome","<5","GPSpecialist",2050.83832362703,586.952745062563,6109.96160524496
"226","All gastro pathogens","Haemolytic uremic syndrome","<5","ED",0,0,0
"227","All gastro pathogens","Haemolytic uremic syndrome","<5","Medications",0,0,0
"228","All gastro pathogens","Haemolytic uremic syndrome","<5","Tests",0,0,0
"229","All gastro pathogens","Haemolytic uremic syndrome","<5","Hospitalisation",87307.6297404917,33111.3595757846,220683.266578938
"230","All gastro pathogens","Haemolytic uremic syndrome","<5","Deaths",76754.242026589,655.398118870045,728906.730402243
"231","All gastro pathogens","Haemolytic uremic syndrome","<5","WTP",31106.1883107167,11451.7336929539,81356.470400792
"232","All gastro pathogens","Haemolytic uremic syndrome","<5","WTPOngoing",11754.1013721294,3626.49786487434,35868.8589664263
"233","All gastro pathogens","Haemolytic uremic syndrome","<5","HumanCapital",61848.5513018816,23456.0212834204,156331.587228328
"234","All gastro pathogens","Haemolytic uremic syndrome","<5","FrictionHigh",49478.8410415053,18764.8170267363,125065.269782663
"235","All gastro pathogens","Haemolytic uremic syndrome","<5","FrictionLow",18554.5653905645,7036.80638502611,46899.4761684985
"236","All gastro pathogens","Haemolytic uremic syndrome","<5","TotalHumanCapital",325442.525838295,111782.88933953,1005957.46600239
"237","All gastro pathogens","Haemolytic uremic syndrome","<5","TotalFrictionHigh",310577.620786789,105881.769103085,985232.627123453
"238","All gastro pathogens","Haemolytic uremic syndrome","<5","TotalFrictionLow",273355.251220682,90182.0067772354,934895.723067906
"239","All gastro pathogens","Haemolytic uremic syndrome","5-64","GPSpecialist",9859.92912340759,2813.69826713318,29325.2406024393
"240","All gastro pathogens","Haemolytic uremic syndrome","5-64","ED",0,0,0
"241","All gastro pathogens","Haemolytic uremic syndrome","5-64","Medications",0,0,0
"242","All gastro pathogens","Haemolytic uremic syndrome","5-64","Tests",0,0,0
"243","All gastro pathogens","Haemolytic uremic syndrome","5-64","Hospitalisation",420393.945243386,159434.11962747,1062609.4118243
"244","All gastro pathogens","Haemolytic uremic syndrome","5-64","Deaths",4644027.04072,2071752.24309851,9487918.71296568
"245","All gastro pathogens","Haemolytic uremic syndrome","5-64","WTP",149779.042957583,55141.1087595332,391738.587618575
"246","All gastro pathogens","Haemolytic uremic syndrome","5-64","WTPOngoing",56622.5438648904,17342.0608267704,172491.547763666
"247","All gastro pathogens","Haemolytic uremic syndrome","5-64","HumanCapital",350092.825737777,132772.467565109,884912.677383474
"248","All gastro pathogens","Haemolytic uremic syndrome","5-64","FrictionHigh",280074.260590221,106217.974052087,707930.141906779
"249","All gastro pathogens","Haemolytic uremic syndrome","5-64","FrictionLow",105027.847721333,39831.7402695328,265473.803215042
"250","All gastro pathogens","Haemolytic uremic syndrome","5-64","TotalHumanCapital",5823060.95607083,3011416.63679669,10788647.0837815
"251","All gastro pathogens","Haemolytic uremic syndrome","5-64","TotalFrictionHigh",5741289.09367926,2955287.38718348,10687324.8995317
"252","All gastro pathogens","Haemolytic uremic syndrome","5-64","TotalFrictionLow",5532964.86590209,2814249.87080715,10440017.50495
"253","All gastro pathogens","Haemolytic uremic syndrome","65+","GPSpecialist",2833.84200260001,807.878369926416,8499.03664529102
"254","All gastro pathogens","Haemolytic uremic syndrome","65+","ED",0,0,0
"255","All gastro pathogens","Haemolytic uremic syndrome","65+","Medications",0,0,0
"256","All gastro pathogens","Haemolytic uremic syndrome","65+","Tests",0,0,0
"257","All gastro pathogens","Haemolytic uremic syndrome","65+","Hospitalisation",120822.381172394,45821.8064067571,305396.880343935
"258","All gastro pathogens","Haemolytic uremic syndrome","65+","Deaths",8436367.40233588,4012748.99096187,16302373.205554
"259","All gastro pathogens","Haemolytic uremic syndrome","65+","WTP",43046.9107003443,15847.7069810214,112586.752232563
"260","All gastro pathogens","Haemolytic uremic syndrome","65+","WTPOngoing",16261.1035012436,5014.68643605869,49551.4237061886
"261","All gastro pathogens","Haemolytic uremic syndrome","65+","HumanCapital",41287.9633326676,15658.4321911299,104361.584958007
"262","All gastro pathogens","Haemolytic uremic syndrome","65+","FrictionHigh",33030.3706661341,12526.7457529039,83489.2679664052
"263","All gastro pathogens","Haemolytic uremic syndrome","65+","FrictionLow",12386.3889998003,4697.52965733896,31308.475487402
"264","All gastro pathogens","Haemolytic uremic syndrome","65+","TotalHumanCapital",8702138.39933659,4270554.97641443,16563790.9345443
"265","All gastro pathogens","Haemolytic uremic syndrome","65+","TotalFrictionHigh",8692189.60932582,4259903.55915712,16554926.1752381
"266","All gastro pathogens","Haemolytic uremic syndrome","65+","TotalFrictionLow",8669129.51030264,4237358.0675255,16532126.4335783
"267","All gastro pathogens","Haemolytic uremic syndrome","All ages","GPSpecialist",15117.1808428449,5120.09539310787,41742.1046748722
"268","All gastro pathogens","Haemolytic uremic syndrome","All ages","ED",0,0,0
"269","All gastro pathogens","Haemolytic uremic syndrome","All ages","Medications",0,0,0
"270","All gastro pathogens","Haemolytic uremic syndrome","All ages","Tests",0,0,0
"271","All gastro pathogens","Haemolytic uremic syndrome","All ages","Hospitalisation",628523.956156272,238367.285610012,1588689.55874717
"272","All gastro pathogens","Haemolytic uremic syndrome","All ages","Deaths",13743498.9706547,8007638.3332787,22565958.3784191
"273","All gastro pathogens","Haemolytic uremic syndrome","All ages","WTP",223932.141968644,82440.5494335085,585681.81025193
"274","All gastro pathogens","Haemolytic uremic syndrome","All ages","WTPOngoing",86686.7426167032,28795.2885748941,249819.232763726
"275","All gastro pathogens","Haemolytic uremic syndrome","All ages","HumanCapital",453229.340372326,171886.92103966,1145605.84956981
"276","All gastro pathogens","Haemolytic uremic syndrome","All ages","FrictionHigh",362583.472297861,137509.536831728,916484.679655847
"277","All gastro pathogens","Haemolytic uremic syndrome","All ages","FrictionLow",135968.802111698,51566.0763118979,343681.754870943
"278","All gastro pathogens","Haemolytic uremic syndrome","All ages","TotalHumanCapital",15410625.6568342,9466174.77837695,24389446.4894069
"279","All gastro pathogens","Haemolytic uremic syndrome","All ages","TotalFrictionHigh",15304991.2215079,9385509.30563333,24263118.5906386
"280","All gastro pathogens","Haemolytic uremic syndrome","All ages","TotalFrictionLow",15034128.663094,9171494.28921855,23939997.3039177
"281","All gastro pathogens","Initial and sequel disease","<5","GPSpecialist",3516875.68740575,2361369.52068591,5131067.07813822
"282","All gastro pathogens","Initial and sequel disease","<5","ED",4154823.43885229,1977282.3020008,8251038.82539473
"283","All gastro pathogens","Initial and sequel disease","<5","Medications",3432305.43788215,1903079.89414695,5841056.57815044
"284","All gastro pathogens","Initial and sequel disease","<5","Tests",1327414.04774449,887173.083771795,2031566.45748297
"285","All gastro pathogens","Initial and sequel disease","<5","Hospitalisation",8628096.22167723,4753501.15458936,14747885.122162
"286","All gastro pathogens","Initial and sequel disease","<5","Deaths",6347355.35105875,3269402.39363757,11849385.6436216
"287","All gastro pathogens","Initial and sequel disease","<5","WTP",19022915.6218859,12329464.9238841,28914604.8655975
"288","All gastro pathogens","Initial and sequel disease","<5","WTPOngoing",5594799.21224711,2812204.08030153,10355403.9295036
"289","All gastro pathogens","Initial and sequel disease","<5","HumanCapital",83021533.5780924,46312531.2153116,152292779.02179
"290","All gastro pathogens","Initial and sequel disease","<5","FrictionHigh",66417226.8624739,37050024.9722493,121834223.217432
"291","All gastro pathogens","Initial and sequel disease","<5","FrictionLow",24906460.0734277,13893759.3645935,45687833.7065371
"292","All gastro pathogens","Initial and sequel disease","<5","TotalHumanCapital",137588001.394323,89726245.1991412,217175815.508477
"293","All gastro pathogens","Initial and sequel disease","<5","TotalFrictionHigh",120959757.508738,80125207.843042,187144183.497831
"294","All gastro pathogens","Initial and sequel disease","<5","TotalFrictionLow",79281453.2965458,55640995.6200615,113139178.368603
"295","All gastro pathogens","Initial and sequel disease","5-64","GPSpecialist",39996182.3406769,24968514.7354488,61736600.7938305
"296","All gastro pathogens","Initial and sequel disease","5-64","ED",57844471.1953938,27413123.8967574,114548186.873803
"297","All gastro pathogens","Initial and sequel disease","5-64","Medications",31624913.4386925,17914583.5495957,51655958.0232661
"298","All gastro pathogens","Initial and sequel disease","5-64","Tests",13155446.4511782,8115808.66068412,22339255.1260952
"299","All gastro pathogens","Initial and sequel disease","5-64","Hospitalisation",52775314.6389976,30837703.686896,86868586.4860169
"300","All gastro pathogens","Initial and sequel disease","5-64","Deaths",29203799.8780469,18389107.937056,45599583.9867277
"301","All gastro pathogens","Initial and sequel disease","5-64","WTP",209337873.477327,124504704.21366,343097565.146326
"302","All gastro pathogens","Initial and sequel disease","5-64","WTPOngoing",35597441.2047364,17068605.0185829,70482271.3662973
"303","All gastro pathogens","Initial and sequel disease","5-64","HumanCapital",1556050393.01322,893012133.388554,2543177867.47865
"304","All gastro pathogens","Initial and sequel disease","5-64","FrictionHigh",1244840314.41058,714409706.710844,2034542293.98292
"305","All gastro pathogens","Initial and sequel disease","5-64","FrictionLow",466815117.903967,267903640.016566,762953360.243596
"306","All gastro pathogens","Initial and sequel disease","5-64","TotalHumanCapital",2041136359.96886,1243658827.3024,3205469468.54567
"307","All gastro pathogens","Initial and sequel disease","5-64","TotalFrictionHigh",1729615576.03897,1063958495.80142,2696999218.29918
"308","All gastro pathogens","Initial and sequel disease","5-64","TotalFrictionLow",950954955.511767,612529594.541272,1435063311.13169
"309","All gastro pathogens","Initial and sequel disease","65+","GPSpecialist",9590294.02252643,6149965.76377659,14563248.5331477
"310","All gastro pathogens","Initial and sequel disease","65+","ED",12939632.2225525,6138822.72719983,25716160.4528747
"311","All gastro pathogens","Initial and sequel disease","65+","Medications",9626159.7745026,5216375.99320045,16872564.3810168
"312","All gastro pathogens","Initial and sequel disease","65+","Tests",3653606.17708486,2344153.8035141,5826650.70100969
"313","All gastro pathogens","Initial and sequel disease","65+","Hospitalisation",95131408.6061451,50776627.4999905,165595927.039224
"314","All gastro pathogens","Initial and sequel disease","65+","Deaths",246118196.994132,150149122.190091,389280734.804797
"315","All gastro pathogens","Initial and sequel disease","65+","WTP",51921991.8468449,32354779.0664663,82086153.2224671
"316","All gastro pathogens","Initial and sequel disease","65+","WTPOngoing",10919066.4068855,5193592.92827606,21836117.0981072
"317","All gastro pathogens","Initial and sequel disease","65+","HumanCapital",188455381.830445,61119533.62212,890987053.769063
"318","All gastro pathogens","Initial and sequel disease","65+","FrictionHigh",150764305.464356,48895626.897696,712789643.01525
"319","All gastro pathogens","Initial and sequel disease","65+","FrictionLow",56536614.5491334,18335860.086636,267296116.130719
"320","All gastro pathogens","Initial and sequel disease","65+","TotalHumanCapital",662982828.108638,443492767.534403,1371783235.14084
"321","All gastro pathogens","Initial and sequel disease","65+","TotalFrictionHigh",625528118.188539,425858462.092989,1195692209.71135
"322","All gastro pathogens","Initial and sequel disease","65+","TotalFrictionLow",526349273.1979,375490098.29414,780932471.315713
"323","All gastro pathogens","Initial and sequel disease","All ages","GPSpecialist",53264786.4880343,33778909.3132766,80686151.3445977
"324","All gastro pathogens","Initial and sequel disease","All ages","ED",76191646.793653,38503582.4230844,141480462.088378
"325","All gastro pathogens","Initial and sequel disease","All ages","Medications",44991264.3420992,25671258.5600502,72730873.2292613
"326","All gastro pathogens","Initial and sequel disease","All ages","Tests",18342867.1589259,11941375.2956978,28853814.1060988
"327","All gastro pathogens","Initial and sequel disease","All ages","Hospitalisation",159966458.455369,106155357.096076,235372431.858196
"328","All gastro pathogens","Initial and sequel disease","All ages","Deaths",283230485.455826,186092986.490876,427082251.200281
"329","All gastro pathogens","Initial and sequel disease","All ages","WTP",280229888.565625,169493079.90042,453967949.915382
"330","All gastro pathogens","Initial and sequel disease","All ages","WTPOngoing",52734813.4930023,26416798.6512441,99337226.8000739
"331","All gastro pathogens","Initial and sequel disease","All ages","HumanCapital",1900524219.94707,1081932825.58989,3244142350.32239
"332","All gastro pathogens","Initial and sequel disease","All ages","FrictionHigh",1520419375.95766,865546260.47191,2595313880.25791
"333","All gastro pathogens","Initial and sequel disease","All ages","FrictionLow",570157265.984122,324579847.676966,973242705.096717
"334","All gastro pathogens","Initial and sequel disease","All ages","TotalHumanCapital",2901483590.5547,1894530044.6975,4463116052.31639
"335","All gastro pathogens","Initial and sequel disease","All ages","TotalFrictionHigh",2521093008.86534,1674839391.73361,3818008377.81852
"336","All gastro pathogens","Initial and sequel disease","All ages","TotalFrictionLow",1569732083.48043,1116803373.41298,2218656534.37772
"337","Norovirus","Norovirus","<5","GPSpecialist",162001.30925415,44823.0254553356,340455.98268554
"338","Norovirus","Norovirus","<5","ED",287666.351520367,75547.7147285713,699692.080615751
"339","Norovirus","Norovirus","<5","Medications",225533.060409717,61415.9605486907,494128.785650742
"340","Norovirus","Norovirus","<5","Tests",35195.6117001932,8886.2084818484,96217.776399794
"341","Norovirus","Norovirus","<5","Hospitalisation",793610.512258949,218355.876713704,1690563.09525773
"342","Norovirus","Norovirus","<5","Deaths",575988.32446666,115091.598094522,1873557.57719423
"343","Norovirus","Norovirus","<5","WTP",653203.630645518,240457.144636643,1337706.62149518
"344","Norovirus","Norovirus","<5","WTPOngoing",0,0,0
"345","Norovirus","Norovirus","<5","HumanCapital",5103009.78162892,1552027.00417237,12013046.0246751
"346","Norovirus","Norovirus","<5","FrictionHigh",4082407.82530314,1241621.6033379,9610436.8197401
"347","Norovirus","Norovirus","<5","FrictionLow",1530902.93448868,465608.101251712,3603913.80740254
"348","Norovirus","Norovirus","<5","TotalHumanCapital",8179850.58014034,3408641.08611193,16254457.0669076
"349","Norovirus","Norovirus","<5","TotalFrictionHigh",7153228.82796478,3073047.64907534,13883825.0571884
"350","Norovirus","Norovirus","<5","TotalFrictionLow",4575964.10733748,2167345.16923791,8086722.81034254
"351","Norovirus","Norovirus","5-64","GPSpecialist",2254439.65768843,625578.892877597,4727320.32823446
"352","Norovirus","Norovirus","5-64","ED",3996809.18271996,1046137.93305267,9757052.08333204
"353","Norovirus","Norovirus","5-64","Medications",2121866.10391809,590262.270907514,4453863.87179543
"354","Norovirus","Norovirus","5-64","Tests",492551.42430304,123218.989163466,1339625.60696993
"355","Norovirus","Norovirus","5-64","Hospitalisation",712060.3544215,194672.185120861,1520106.1880528
"356","Norovirus","Norovirus","5-64","Deaths",839888.418559526,183434.286869064,2555412.29916369
"357","Norovirus","Norovirus","5-64","WTP",7716881.87174311,2152013.85445617,17228086.8716748
"358","Norovirus","Norovirus","5-64","WTPOngoing",0,0,0
"359","Norovirus","Norovirus","5-64","HumanCapital",102066180.962284,28519462.6259256,214480116.790484
"360","Norovirus","Norovirus","5-64","FrictionHigh",81652944.7698268,22815570.1007405,171584093.432388
"361","Norovirus","Norovirus","5-64","FrictionLow",30619854.2886851,8555838.78777767,64344035.0371453
"362","Norovirus","Norovirus","5-64","TotalHumanCapital",121176657.364709,35266701.7757413,250671667.842093
"363","Norovirus","Norovirus","5-64","TotalFrictionHigh",100758678.333573,29564065.5047686,207955592.388253
"364","Norovirus","Norovirus","5-64","TotalFrictionLow",49629720.7772949,15211934.375002,100948690.812651
"365","Norovirus","Norovirus","65+","GPSpecialist",504746.327903508,139763.838256081,1060903.91665972
"366","Norovirus","Norovirus","65+","ED",895951.311851081,236502.844018666,2190586.55763907
"367","Norovirus","Norovirus","65+","Medications",647222.546240999,175647.149049413,1431035.34016923
"368","Norovirus","Norovirus","65+","Tests",109698.589515938,27526.8243090867,300721.878433762
"369","Norovirus","Norovirus","65+","Hospitalisation",1776493.47536117,488063.71605836,3784540.84048368
"370","Norovirus","Norovirus","65+","Deaths",16143184.6929845,4275681.9808989,35329724.3974444
"371","Norovirus","Norovirus","65+","WTP",1771830.42004857,526680.006212549,3900304.89748803
"372","Norovirus","Norovirus","65+","WTPOngoing",0,0,0
"373","Norovirus","Norovirus","65+","HumanCapital",11706772.4281009,2292590.99494014,66444849.7665754
"374","Norovirus","Norovirus","65+","FrictionHigh",9365417.94248069,1834072.79595212,53155879.8132603
"375","Norovirus","Norovirus","65+","FrictionLow",3512031.72843026,687777.298482043,19933454.9299726
"376","Norovirus","Norovirus","65+","TotalHumanCapital",37177580.2883575,16165498.1930307,94317329.2611885
"377","Norovirus","Norovirus","65+","TotalFrictionHigh",34693117.7683244,15236256.0719034,81568728.1083698
"378","Norovirus","Norovirus","65+","TotalFrictionLow",27802283.162555,12455922.7522119,53522774.0128128
"379","Norovirus","Norovirus","All ages","GPSpecialist",2930847.03958519,815812.825836527,6082824.18403857
"380","Norovirus","Norovirus","All ages","ED",5299601.47307488,1422722.05777736,12187822.408024
"381","Norovirus","Norovirus","All ages","Medications",3019863.52528381,838473.126892038,6286410.02970207
"382","Norovirus","Norovirus","All ages","Tests",662134.24165955,172867.408425759,1643447.18708129
"383","Norovirus","Norovirus","All ages","Hospitalisation",3419032.19620352,1755460.9173157,5644981.98335483
"384","Norovirus","Norovirus","All ages","Deaths",17931807.6874247,5939090.72806058,37190962.0045472
"385","Norovirus","Norovirus","All ages","WTP",10139808.1578954,2930693.99845341,22463057.9425979
"386","Norovirus","Norovirus","All ages","WTPOngoing",0,0,0
"387","Norovirus","Norovirus","All ages","HumanCapital",124711835.454774,34931391.3495689,270863555.38228
"388","Norovirus","Norovirus","All ages","FrictionHigh",99769468.3638195,27945113.0796551,216690844.305824
"389","Norovirus","Norovirus","All ages","FrictionLow",37413550.6364323,10479417.4048707,81259066.6146841
"390","Norovirus","Norovirus","All ages","TotalHumanCapital",170740049.928591,63355297.5951571,339165981.99768
"391","Norovirus","Norovirus","All ages","TotalFrictionHigh",145758756.822283,56072543.2981959,285080013.979007
"392","Norovirus","Norovirus","All ages","TotalFrictionLow",83275499.5370365,37007862.8474923,151381397.262729
"393","Norovirus","Initial and sequel disease","<5","GPSpecialist",162001.30925415,44823.0254553356,340455.98268554
"394","Norovirus","Initial and sequel disease","<5","ED",287666.351520367,75547.7147285713,699692.080615751
"395","Norovirus","Initial and sequel disease","<5","Medications",225533.060409717,61415.9605486907,494128.785650742
"396","Norovirus","Initial and sequel disease","<5","Tests",35195.6117001932,8886.2084818484,96217.776399794
"397","Norovirus","Initial and sequel disease","<5","Hospitalisation",793610.512258949,218355.876713704,1690563.09525773
"398","Norovirus","Initial and sequel disease","<5","Deaths",575988.32446666,115091.598094522,1873557.57719423
"399","Norovirus","Initial and sequel disease","<5","WTP",653203.630645518,240457.144636643,1337706.62149518
"400","Norovirus","Initial and sequel disease","<5","WTPOngoing",0,0,0
"401","Norovirus","Initial and sequel disease","<5","HumanCapital",5103009.78162892,1552027.00417237,12013046.0246751
"402","Norovirus","Initial and sequel disease","<5","FrictionHigh",4082407.82530314,1241621.6033379,9610436.8197401
"403","Norovirus","Initial and sequel disease","<5","FrictionLow",1530902.93448868,465608.101251712,3603913.80740254
"404","Norovirus","Initial and sequel disease","<5","TotalHumanCapital",8179850.58014034,3408641.08611193,16254457.0669076
"405","Norovirus","Initial and sequel disease","<5","TotalFrictionHigh",7153228.82796478,3073047.64907534,13883825.0571884
"406","Norovirus","Initial and sequel disease","<5","TotalFrictionLow",4575964.10733748,2167345.16923791,8086722.81034254
"407","Norovirus","Initial and sequel disease","5-64","GPSpecialist",2254439.65768843,625578.892877597,4727320.32823446
"408","Norovirus","Initial and sequel disease","5-64","ED",3996809.18271996,1046137.93305267,9757052.08333204
"409","Norovirus","Initial and sequel disease","5-64","Medications",2121866.10391809,590262.270907514,4453863.87179543
"410","Norovirus","Initial and sequel disease","5-64","Tests",492551.42430304,123218.989163466,1339625.60696993
"411","Norovirus","Initial and sequel disease","5-64","Hospitalisation",712060.3544215,194672.185120861,1520106.1880528
"412","Norovirus","Initial and sequel disease","5-64","Deaths",839888.418559526,183434.286869064,2555412.29916369
"413","Norovirus","Initial and sequel disease","5-64","WTP",7716881.87174311,2152013.85445617,17228086.8716748
"414","Norovirus","Initial and sequel disease","5-64","WTPOngoing",0,0,0
"415","Norovirus","Initial and sequel disease","5-64","HumanCapital",102066180.962284,28519462.6259256,214480116.790484
"416","Norovirus","Initial and sequel disease","5-64","FrictionHigh",81652944.7698268,22815570.1007405,171584093.432388
"417","Norovirus","Initial and sequel disease","5-64","FrictionLow",30619854.2886851,8555838.78777767,64344035.0371453
"418","Norovirus","Initial and sequel disease","5-64","TotalHumanCapital",121176657.364709,35266701.7757413,250671667.842093
"419","Norovirus","Initial and sequel disease","5-64","TotalFrictionHigh",100758678.333573,29564065.5047686,207955592.388253
"420","Norovirus","Initial and sequel disease","5-64","TotalFrictionLow",49629720.7772949,15211934.375002,100948690.812651
"421","Norovirus","Initial and sequel disease","65+","GPSpecialist",504746.327903508,139763.838256081,1060903.91665972
"422","Norovirus","Initial and sequel disease","65+","ED",895951.311851081,236502.844018666,2190586.55763907
"423","Norovirus","Initial and sequel disease","65+","Medications",647222.546240999,175647.149049413,1431035.34016923
"424","Norovirus","Initial and sequel disease","65+","Tests",109698.589515938,27526.8243090867,300721.878433762
"425","Norovirus","Initial and sequel disease","65+","Hospitalisation",1776493.47536117,488063.71605836,3784540.84048368
"426","Norovirus","Initial and sequel disease","65+","Deaths",16143184.6929845,4275681.9808989,35329724.3974444
"427","Norovirus","Initial and sequel disease","65+","WTP",1771830.42004857,526680.006212549,3900304.89748803
"428","Norovirus","Initial and sequel disease","65+","WTPOngoing",0,0,0
"429","Norovirus","Initial and sequel disease","65+","HumanCapital",11706772.4281009,2292590.99494014,66444849.7665754
"430","Norovirus","Initial and sequel disease","65+","FrictionHigh",9365417.94248069,1834072.79595212,53155879.8132603
"431","Norovirus","Initial and sequel disease","65+","FrictionLow",3512031.72843026,687777.298482043,19933454.9299726
"432","Norovirus","Initial and sequel disease","65+","TotalHumanCapital",37177580.2883575,16165498.1930307,94317329.2611885
"433","Norovirus","Initial and sequel disease","65+","TotalFrictionHigh",34693117.7683244,15236256.0719034,81568728.1083698
"434","Norovirus","Initial and sequel disease","65+","TotalFrictionLow",27802283.162555,12455922.7522119,53522774.0128128
"435","Norovirus","Initial and sequel disease","All ages","GPSpecialist",2930847.03958519,815812.825836527,6082824.18403857
"436","Norovirus","Initial and sequel disease","All ages","ED",5299601.47307488,1422722.05777736,12187822.408024
"437","Norovirus","Initial and sequel disease","All ages","Medications",3019863.52528381,838473.126892038,6286410.02970207
"438","Norovirus","Initial and sequel disease","All ages","Tests",662134.24165955,172867.408425759,1643447.18708129
"439","Norovirus","Initial and sequel disease","All ages","Hospitalisation",3419032.19620352,1755460.9173157,5644981.98335483
"440","Norovirus","Initial and sequel disease","All ages","Deaths",17931807.6874247,5939090.72806058,37190962.0045472
"441","Norovirus","Initial and sequel disease","All ages","WTP",10139808.1578954,2930693.99845341,22463057.9425979
"442","Norovirus","Initial and sequel disease","All ages","WTPOngoing",0,0,0
"443","Norovirus","Initial and sequel disease","All ages","HumanCapital",124711835.454774,34931391.3495689,270863555.38228
"444","Norovirus","Initial and sequel disease","All ages","FrictionHigh",99769468.3638195,27945113.0796551,216690844.305824
"445","Norovirus","Initial and sequel disease","All ages","FrictionLow",37413550.6364323,10479417.4048707,81259066.6146841
"446","Norovirus","Initial and sequel disease","All ages","TotalHumanCapital",170740049.928591,63355297.5951571,339165981.99768
"447","Norovirus","Initial and sequel disease","All ages","TotalFrictionHigh",145758756.822283,56072543.2981959,285080013.979007
"448","Norovirus","Initial and sequel disease","All ages","TotalFrictionLow",83275499.5370365,37007862.8474923,151381397.262729
"449","Escherichia coli (Non-STEC)","Escherichia coli (Non-STEC)","<5","GPSpecialist",285676.665789318,103842.944169398,694106.235843847
"450","Escherichia coli (Non-STEC)","Escherichia coli (Non-STEC)","<5","ED",771536.964500923,249546.158725378,2135007.22784554
"451","Escherichia coli (Non-STEC)","Escherichia coli (Non-STEC)","<5","Medications",192819.813934267,63518.7054092016,506557.656962669
"452","Escherichia coli (Non-STEC)","Escherichia coli (Non-STEC)","<5","Tests",34365.2088586567,10914.33573623,99096.0910403409
"453","Escherichia coli (Non-STEC)","Escherichia coli (Non-STEC)","<5","Hospitalisation",11324.3070994751,4248.636679376,26132.1699315769
"454","Escherichia coli (Non-STEC)","Escherichia coli (Non-STEC)","<5","Deaths",278909.954642275,35225.6629187183,1308912.52504829
"455","Escherichia coli (Non-STEC)","Escherichia coli (Non-STEC)","<5","WTP",787661.016921738,283599.550301373,1932262.83514932
"456","Escherichia coli (Non-STEC)","Escherichia coli (Non-STEC)","<5","WTPOngoing",0,0,0
"457","Escherichia coli (Non-STEC)","Escherichia coli (Non-STEC)","<5","HumanCapital",4612990.9356805,1588984.51445028,12125916.1325007
"458","Escherichia coli (Non-STEC)","Escherichia coli (Non-STEC)","<5","FrictionHigh",3690392.7485444,1271187.61156022,9700732.90600058
"459","Escherichia coli (Non-STEC)","Escherichia coli (Non-STEC)","<5","FrictionLow",1383897.28070415,476695.354335084,3637774.83975022
"460","Escherichia coli (Non-STEC)","Escherichia coli (Non-STEC)","<5","TotalHumanCapital",7281872.46900789,2847119.42606944,17284948.538186
"461","Escherichia coli (Non-STEC)","Escherichia coli (Non-STEC)","<5","TotalFrictionHigh",6355428.19686274,2510270.31371022,14871608.4183668
"462","Escherichia coli (Non-STEC)","Escherichia coli (Non-STEC)","<5","TotalFrictionLow",4026656.60043777,1641663.30569272,8969169.61797875
"463","Escherichia coli (Non-STEC)","Escherichia coli (Non-STEC)","5-64","GPSpecialist",3968607.92273293,1444251.50414636,9648388.83511786
"464","Escherichia coli (Non-STEC)","Escherichia coli (Non-STEC)","5-64","ED",10758081.9715989,3487829.58881519,29864698.2510584
"465","Escherichia coli (Non-STEC)","Escherichia coli (Non-STEC)","5-64","Medications",3757390.19936503,1384828.04144154,8938948.91188538
"466","Escherichia coli (Non-STEC)","Escherichia coli (Non-STEC)","5-64","Tests",477235.877323983,150732.744893251,1375661.54814543
"467","Escherichia coli (Non-STEC)","Escherichia coli (Non-STEC)","5-64","Hospitalisation",54800.9735477594,20592.950073113,126842.66123234
"468","Escherichia coli (Non-STEC)","Escherichia coli (Non-STEC)","5-64","Deaths",59625.1211282825,506.083605643345,631115.610570791
"469","Escherichia coli (Non-STEC)","Escherichia coli (Non-STEC)","5-64","WTP",10941166.9962232,3924641.86976995,26872855.682705
"470","Escherichia coli (Non-STEC)","Escherichia coli (Non-STEC)","5-64","WTPOngoing",0,0,0
"471","Escherichia coli (Non-STEC)","Escherichia coli (Non-STEC)","5-64","HumanCapital",96983989.4719239,36497343.1291421,225329611.655907
"472","Escherichia coli (Non-STEC)","Escherichia coli (Non-STEC)","5-64","FrictionHigh",77587191.5775391,29197874.5033137,180263689.324725
"473","Escherichia coli (Non-STEC)","Escherichia coli (Non-STEC)","5-64","FrictionLow",29095196.8415772,10949202.9387426,67598883.496772
"474","Escherichia coli (Non-STEC)","Escherichia coli (Non-STEC)","5-64","TotalHumanCapital",128376746.939165,48744530.9677875,296014301.552593
"475","Escherichia coli (Non-STEC)","Escherichia coli (Non-STEC)","5-64","TotalFrictionHigh",109029081.677086,41387080.933826,251229995.150111
"476","Escherichia coli (Non-STEC)","Escherichia coli (Non-STEC)","5-64","TotalFrictionLow",60400097.0569623,22943659.737604,139112618.730485
"477","Escherichia coli (Non-STEC)","Escherichia coli (Non-STEC)","65+","GPSpecialist",889226.900562431,324276.367183873,2154474.89370651
"478","Escherichia coli (Non-STEC)","Escherichia coli (Non-STEC)","65+","ED",2405600.30359152,780438.585630871,6635767.44058365
"479","Escherichia coli (Non-STEC)","Escherichia coli (Non-STEC)","65+","Medications",1647768.26132787,591893.9588177,4075079.69494805
"480","Escherichia coli (Non-STEC)","Escherichia coli (Non-STEC)","65+","Tests",106778.538440318,33861.6525574979,308644.892949777
"481","Escherichia coli (Non-STEC)","Escherichia coli (Non-STEC)","65+","Hospitalisation",198638.176509633,74369.3776710586,459853.452419713
"482","Escherichia coli (Non-STEC)","Escherichia coli (Non-STEC)","65+","Deaths",335377.623658985,41554.2912755662,1573249.00317988
"483","Escherichia coli (Non-STEC)","Escherichia coli (Non-STEC)","65+","WTP",2457729.48588265,887078.103195356,6025059.4423572
"484","Escherichia coli (Non-STEC)","Escherichia coli (Non-STEC)","65+","WTPOngoing",0,0,0
"485","Escherichia coli (Non-STEC)","Escherichia coli (Non-STEC)","65+","HumanCapital",11433419.0799665,2409930.29683799,66277502.6599599
"486","Escherichia coli (Non-STEC)","Escherichia coli (Non-STEC)","65+","FrictionHigh",9146735.26397317,1927944.23747039,53022002.1279679
"487","Escherichia coli (Non-STEC)","Escherichia coli (Non-STEC)","65+","FrictionLow",3430025.72398994,722979.089051396,19883250.797988
"488","Escherichia coli (Non-STEC)","Escherichia coli (Non-STEC)","65+","TotalHumanCapital",21077845.011969,6939146.42195378,80155092.9455402
"489","Escherichia coli (Non-STEC)","Escherichia coli (Non-STEC)","65+","TotalFrictionHigh",18764378.4813536,6375408.94837171,67056666.6072825
"490","Escherichia coli (Non-STEC)","Escherichia coli (Non-STEC)","65+","TotalFrictionLow",12758857.3594926,4816226.11179843,35161557.8625991
"491","Escherichia coli (Non-STEC)","Escherichia coli (Non-STEC)","All ages","GPSpecialist",5189822.35019812,1925615.16968234,12310477.6882513
"492","Escherichia coli (Non-STEC)","Escherichia coli (Non-STEC)","All ages","ED",14278868.7531791,4933798.08688764,36938123.8870847
"493","Escherichia coli (Non-STEC)","Escherichia coli (Non-STEC)","All ages","Medications",5660808.66447125,2118973.42269536,13234806.7088021
"494","Escherichia coli (Non-STEC)","Escherichia coli (Non-STEC)","All ages","Tests",638514.661235524,216760.39507848,1694881.90441834
"495","Escherichia coli (Non-STEC)","Escherichia coli (Non-STEC)","All ages","Hospitalisation",275228.824448959,134978.287285489,541650.364453339
"496","Escherichia coli (Non-STEC)","Escherichia coli (Non-STEC)","All ages","Deaths",900741.121206961,258879.148270465,2565433.16359007
"497","Escherichia coli (Non-STEC)","Escherichia coli (Non-STEC)","All ages","WTP",14187212.5581749,5095667.79742221,34825721.9075332
"498","Escherichia coli (Non-STEC)","Escherichia coli (Non-STEC)","All ages","WTPOngoing",0,0,0
"499","Escherichia coli (Non-STEC)","Escherichia coli (Non-STEC)","All ages","HumanCapital",118110708.163922,43755325.5257025,283968804.659625
"500","Escherichia coli (Non-STEC)","Escherichia coli (Non-STEC)","All ages","FrictionHigh",94488566.5311375,35004260.420562,227175043.7277
"501","Escherichia coli (Non-STEC)","Escherichia coli (Non-STEC)","All ages","FrictionLow",35433212.4491766,13126597.6577107,85190641.3978873
"502","Escherichia coli (Non-STEC)","Escherichia coli (Non-STEC)","All ages","TotalHumanCapital",161023653.488884,61170827.4902113,378805402.917047
"503","Escherichia coli (Non-STEC)","Escherichia coli (Non-STEC)","All ages","TotalFrictionHigh",137417449.510662,52397564.5591773,321686817.899822
"504","Escherichia coli (Non-STEC)","Escherichia coli (Non-STEC)","All ages","TotalFrictionLow",78199441.5809373,30273631.8688255,179867120.251629
"505","Escherichia coli (Non-STEC)","Initial and sequel disease","<5","GPSpecialist",285676.665789318,103842.944169398,694106.235843847
"506","Escherichia coli (Non-STEC)","Initial and sequel disease","<5","ED",771536.964500923,249546.158725378,2135007.22784554
"507","Escherichia coli (Non-STEC)","Initial and sequel disease","<5","Medications",192819.813934267,63518.7054092016,506557.656962669
"508","Escherichia coli (Non-STEC)","Initial and sequel disease","<5","Tests",34365.2088586567,10914.33573623,99096.0910403409
"509","Escherichia coli (Non-STEC)","Initial and sequel disease","<5","Hospitalisation",11324.3070994751,4248.636679376,26132.1699315769
"510","Escherichia coli (Non-STEC)","Initial and sequel disease","<5","Deaths",278909.954642275,35225.6629187183,1308912.52504829
"511","Escherichia coli (Non-STEC)","Initial and sequel disease","<5","WTP",787661.016921738,283599.550301373,1932262.83514932
"512","Escherichia coli (Non-STEC)","Initial and sequel disease","<5","WTPOngoing",0,0,0
"513","Escherichia coli (Non-STEC)","Initial and sequel disease","<5","HumanCapital",4612990.9356805,1588984.51445028,12125916.1325007
"514","Escherichia coli (Non-STEC)","Initial and sequel disease","<5","FrictionHigh",3690392.7485444,1271187.61156022,9700732.90600058
"515","Escherichia coli (Non-STEC)","Initial and sequel disease","<5","FrictionLow",1383897.28070415,476695.354335084,3637774.83975022
"516","Escherichia coli (Non-STEC)","Initial and sequel disease","<5","TotalHumanCapital",7281872.46900789,2847119.42606944,17284948.538186
"517","Escherichia coli (Non-STEC)","Initial and sequel disease","<5","TotalFrictionHigh",6355428.19686274,2510270.31371022,14871608.4183668
"518","Escherichia coli (Non-STEC)","Initial and sequel disease","<5","TotalFrictionLow",4026656.60043777,1641663.30569272,8969169.61797875
"519","Escherichia coli (Non-STEC)","Initial and sequel disease","5-64","GPSpecialist",3968607.92273293,1444251.50414636,9648388.83511786
"520","Escherichia coli (Non-STEC)","Initial and sequel disease","5-64","ED",10758081.9715989,3487829.58881519,29864698.2510584
"521","Escherichia coli (Non-STEC)","Initial and sequel disease","5-64","Medications",3757390.19936503,1384828.04144154,8938948.91188538
"522","Escherichia coli (Non-STEC)","Initial and sequel disease","5-64","Tests",477235.877323983,150732.744893251,1375661.54814543
"523","Escherichia coli (Non-STEC)","Initial and sequel disease","5-64","Hospitalisation",54800.9735477594,20592.950073113,126842.66123234
"524","Escherichia coli (Non-STEC)","Initial and sequel disease","5-64","Deaths",59625.1211282825,506.083605643345,631115.610570791
"525","Escherichia coli (Non-STEC)","Initial and sequel disease","5-64","WTP",10941166.9962232,3924641.86976995,26872855.682705
"526","Escherichia coli (Non-STEC)","Initial and sequel disease","5-64","WTPOngoing",0,0,0
"527","Escherichia coli (Non-STEC)","Initial and sequel disease","5-64","HumanCapital",96983989.4719239,36497343.1291421,225329611.655907
"528","Escherichia coli (Non-STEC)","Initial and sequel disease","5-64","FrictionHigh",77587191.5775391,29197874.5033137,180263689.324725
"529","Escherichia coli (Non-STEC)","Initial and sequel disease","5-64","FrictionLow",29095196.8415772,10949202.9387426,67598883.496772
"530","Escherichia coli (Non-STEC)","Initial and sequel disease","5-64","TotalHumanCapital",128376746.939165,48744530.9677875,296014301.552593
"531","Escherichia coli (Non-STEC)","Initial and sequel disease","5-64","TotalFrictionHigh",109029081.677086,41387080.933826,251229995.150111
"532","Escherichia coli (Non-STEC)","Initial and sequel disease","5-64","TotalFrictionLow",60400097.0569623,22943659.737604,139112618.730485
"533","Escherichia coli (Non-STEC)","Initial and sequel disease","65+","GPSpecialist",889226.900562431,324276.367183873,2154474.89370651
"534","Escherichia coli (Non-STEC)","Initial and sequel disease","65+","ED",2405600.30359152,780438.585630871,6635767.44058365
"535","Escherichia coli (Non-STEC)","Initial and sequel disease","65+","Medications",1647768.26132787,591893.9588177,4075079.69494805
"536","Escherichia coli (Non-STEC)","Initial and sequel disease","65+","Tests",106778.538440318,33861.6525574979,308644.892949777
"537","Escherichia coli (Non-STEC)","Initial and sequel disease","65+","Hospitalisation",198638.176509633,74369.3776710586,459853.452419713
"538","Escherichia coli (Non-STEC)","Initial and sequel disease","65+","Deaths",335377.623658985,41554.2912755662,1573249.00317988
"539","Escherichia coli (Non-STEC)","Initial and sequel disease","65+","WTP",2457729.48588265,887078.103195356,6025059.4423572
"540","Escherichia coli (Non-STEC)","Initial and sequel disease","65+","WTPOngoing",0,0,0
"541","Escherichia coli (Non-STEC)","Initial and sequel disease","65+","HumanCapital",11433419.0799665,2409930.29683799,66277502.6599599
"542","Escherichia coli (Non-STEC)","Initial and sequel disease","65+","FrictionHigh",9146735.26397317,1927944.23747039,53022002.1279679
"543","Escherichia coli (Non-STEC)","Initial and sequel disease","65+","FrictionLow",3430025.72398994,722979.089051396,19883250.797988
"544","Escherichia coli (Non-STEC)","Initial and sequel disease","65+","TotalHumanCapital",21077845.011969,6939146.42195378,80155092.9455402
"545","Escherichia coli (Non-STEC)","Initial and sequel disease","65+","TotalFrictionHigh",18764378.4813536,6375408.94837171,67056666.6072825
"546","Escherichia coli (Non-STEC)","Initial and sequel disease","65+","TotalFrictionLow",12758857.3594926,4816226.11179843,35161557.8625991
"547","Escherichia coli (Non-STEC)","Initial and sequel disease","All ages","GPSpecialist",5189822.35019812,1925615.16968234,12310477.6882513
"548","Escherichia coli (Non-STEC)","Initial and sequel disease","All ages","ED",14278868.7531791,4933798.08688764,36938123.8870847
"549","Escherichia coli (Non-STEC)","Initial and sequel disease","All ages","Medications",5660808.66447125,2118973.42269536,13234806.7088021
"550","Escherichia coli (Non-STEC)","Initial and sequel disease","All ages","Tests",638514.661235524,216760.39507848,1694881.90441834
"551","Escherichia coli (Non-STEC)","Initial and sequel disease","All ages","Hospitalisation",275228.824448959,134978.287285489,541650.364453339
"552","Escherichia coli (Non-STEC)","Initial and sequel disease","All ages","Deaths",900741.121206961,258879.148270465,2565433.16359007
"553","Escherichia coli (Non-STEC)","Initial and sequel disease","All ages","WTP",14187212.5581749,5095667.79742221,34825721.9075332
"554","Escherichia coli (Non-STEC)","Initial and sequel disease","All ages","WTPOngoing",0,0,0
"555","Escherichia coli (Non-STEC)","Initial and sequel disease","All ages","HumanCapital",118110708.163922,43755325.5257025,283968804.659625
"556","Escherichia coli (Non-STEC)","Initial and sequel disease","All ages","FrictionHigh",94488566.5311375,35004260.420562,227175043.7277
"557","Escherichia coli (Non-STEC)","Initial and sequel disease","All ages","FrictionLow",35433212.4491766,13126597.6577107,85190641.3978873
"558","Escherichia coli (Non-STEC)","Initial and sequel disease","All ages","TotalHumanCapital",161023653.488884,61170827.4902113,378805402.917047
"559","Escherichia coli (Non-STEC)","Initial and sequel disease","All ages","TotalFrictionHigh",137417449.510662,52397564.5591773,321686817.899822
"560","Escherichia coli (Non-STEC)","Initial and sequel disease","All ages","TotalFrictionLow",78199441.5809373,30273631.8688255,179867120.251629
"561","Campylobacter","Campylobacteriosis","<5","GPSpecialist",339508.491661523,185770.842157217,604269.189603206
"562","Campylobacter","Campylobacteriosis","<5","ED",925883.275501729,417358.48139815,1942385.50496873
"563","Campylobacter","Campylobacteriosis","<5","Medications",231919.884895817,106351.40187078,454052.191078965
"564","Campylobacter","Campylobacteriosis","<5","Tests",182079.48,182079.48,182079.48
"565","Campylobacter","Campylobacteriosis","<5","Hospitalisation",653093.094497187,432464.694837219,910399.816757449
"566","Campylobacter","Campylobacteriosis","<5","Deaths",181127.006232183,1645.65329605073,1594338.89626802
"567","Campylobacter","Campylobacteriosis","<5","WTP",5237009.48476712,3070801.65766303,8828236.65760375
"568","Campylobacter","Campylobacteriosis","<5","WTPOngoing",0,0,0
"569","Campylobacter","Campylobacteriosis","<5","HumanCapital",5655187.02346476,2891592.95162978,11084022.4402039
"570","Campylobacter","Campylobacteriosis","<5","FrictionHigh",4524149.61877181,2313274.36130383,8867217.95216316
"571","Campylobacter","Campylobacteriosis","<5","FrictionLow",1696556.10703943,867477.885488935,3325206.73206118
"572","Campylobacter","Campylobacteriosis","<5","TotalHumanCapital",13840657.9798106,8479666.73349302,22921642.4523461
"573","Campylobacter","Campylobacteriosis","<5","TotalFrictionHigh",12699741.2896759,7846062.94596559,20795516.3837228
"574","Campylobacter","Campylobacteriosis","<5","TotalFrictionLow",9807083.23269017,6196309.3563163,15638730.8105066
"575","Campylobacter","Campylobacteriosis","5-64","GPSpecialist",3092779.06976912,1702998.32448097,5510227.24482188
"576","Campylobacter","Campylobacteriosis","5-64","ED",8439841.85023149,3803753.35831627,17724540.795147
"577","Campylobacter","Campylobacteriosis","5-64","Medications",2913505.29614301,1652299.90518133,5085367.33291537
"578","Campylobacter","Campylobacteriosis","5-64","Tests",1658871.72,1658871.72,1658871.72
"579","Campylobacter","Campylobacteriosis","5-64","Hospitalisation",9312644.76783162,6183585.05689808,12945892.4553953
"580","Campylobacter","Campylobacteriosis","5-64","Deaths",2770840.21672324,891692.403792113,6753228.40318526
"581","Campylobacter","Campylobacteriosis","5-64","WTP",47996910.7178868,28255369.6167807,80752105.2287795
"582","Campylobacter","Campylobacteriosis","5-64","WTPOngoing",0,0,0
"583","Campylobacter","Campylobacteriosis","5-64","HumanCapital",78839997.2354943,48014758.4884323,130989407.521852
"584","Campylobacter","Campylobacteriosis","5-64","FrictionHigh",63071997.7883954,38411806.7907458,104791526.017481
"585","Campylobacter","Campylobacteriosis","5-64","FrictionLow",23651999.1706483,14404427.5465297,39296822.2565555
"586","Campylobacter","Campylobacteriosis","5-64","TotalHumanCapital",156426768.549808,100829564.579138,247503063.227466
"587","Campylobacter","Campylobacteriosis","5-64","TotalFrictionHigh",140638266.492424,91061416.7728801,221641303.804381
"588","Campylobacter","Campylobacteriosis","5-64","TotalFrictionLow",101073248.978818,66397526.1701022,157476417.854916
"589","Campylobacter","Campylobacteriosis","65+","GPSpecialist",970301.14692709,531294.950937384,1724529.04421283
"590","Campylobacter","Campylobacteriosis","65+","ED",2644986.91644518,1194436.4924049,5542256.43217295
"591","Campylobacter","Campylobacteriosis","65+","Medications",1802008.8587364,965537.852667738,3266621.53840179
"592","Campylobacter","Campylobacteriosis","65+","Tests",520523.76,520523.76,520523.76
"593","Campylobacter","Campylobacteriosis","65+","Hospitalisation",19795221.1680446,13143224.3550516,27524677.0009137
"594","Campylobacter","Campylobacteriosis","65+","Deaths",21297647.7816931,12435455.3977421,34509791.7243575
"595","Campylobacter","Campylobacteriosis","65+","WTP",15300323.4567398,9077704.35538577,25585729.5376853
"596","Campylobacter","Campylobacteriosis","65+","WTPOngoing",0,0,0
"597","Campylobacter","Campylobacteriosis","65+","HumanCapital",14270312.2757073,5085292.49915932,64691142.5781267
"598","Campylobacter","Campylobacteriosis","65+","FrictionHigh",11416249.8205658,4068233.99932746,51752914.0625014
"599","Campylobacter","Campylobacteriosis","65+","FrictionLow",4281093.68271219,1525587.7497478,19407342.773438
"600","Campylobacter","Campylobacteriosis","65+","TotalHumanCapital",80522583.8794571,57712740.5718683,134995929.914059
"601","Campylobacter","Campylobacteriosis","65+","TotalFrictionHigh",77501503.9494921,56200946.2075024,122909932.248964
"602","Campylobacter","Campylobacteriosis","65+","TotalFrictionLow",69518135.104388,51910720.1538799,95593040.6719273
"603","Campylobacter","Campylobacteriosis","All ages","GPSpecialist",4428840.77631717,2557282.49486492,7600216.85744618
"604","Campylobacter","Campylobacteriosis","All ages","ED",12276229.3671262,6324713.97035329,23413819.2923814
"605","Campylobacter","Campylobacteriosis","All ages","Medications",4989917.83068898,2910728.03940463,8491947.59042362
"606","Campylobacter","Campylobacteriosis","All ages","Tests",2361474.96,2361474.96,2361474.96
"607","Campylobacter","Campylobacteriosis","All ages","Hospitalisation",29871640.7766556,22407210.2110531,38294598.0456569
"608","Campylobacter","Campylobacteriosis","All ages","Deaths",24889850.4769738,15425361.1516744,38466416.9687073
"609","Campylobacter","Campylobacteriosis","All ages","WTP",68533982.7185591,40414030.3736902,115152298.38214
"610","Campylobacter","Campylobacteriosis","All ages","WTPOngoing",0,0,0
"611","Campylobacter","Campylobacteriosis","All ages","HumanCapital",103277469.026248,61389588.117434,186307765.432898
"612","Campylobacter","Campylobacteriosis","All ages","FrictionHigh",82621975.2209981,49111670.4939472,149046212.346318
"613","Campylobacter","Campylobacteriosis","All ages","FrictionLow",30983240.7078743,18416876.4352302,55892329.6298694
"614","Campylobacter","Campylobacteriosis","All ages","TotalHumanCapital",253848467.530309,174685250.390235,388233461.445943
"615","Campylobacter","Campylobacteriosis","All ages","TotalFrictionHigh",233148115.417088,162065662.321551,351839544.978755
"616","Campylobacter","Campylobacteriosis","All ages","TotalFrictionLow",180930573.017272,129866465.628733,262179004.544322
"617","Campylobacter","Reactive arthritis","<5","GPSpecialist",106107.87318629,49129.7518652476,213884.371836185
"618","Campylobacter","Reactive arthritis","<5","ED",0,0,0
"619","Campylobacter","Reactive arthritis","<5","Medications",70415.4328072353,29354.8783519868,163243.08546879
"620","Campylobacter","Reactive arthritis","<5","Tests",80467.6264591333,36227.926150009,168199.414786619
"621","Campylobacter","Reactive arthritis","<5","Hospitalisation",21617.973098261,9956.68483505947,39021.2697152084
"622","Campylobacter","Reactive arthritis","<5","Deaths",54403.1863159404,468.383814698343,530443.240633007
"623","Campylobacter","Reactive arthritis","<5","WTP",1400016.3450888,581785.764757318,3113341.96365398
"624","Campylobacter","Reactive arthritis","<5","WTPOngoing",415797.899251816,124553.654740228,1079645.23171392
"625","Campylobacter","Reactive arthritis","<5","HumanCapital",3824004.29419981,1780285.19277305,7651277.4136526
"626","Campylobacter","Reactive arthritis","<5","FrictionHigh",3059203.43535984,1424228.15421844,6121021.93092208
"627","Campylobacter","Reactive arthritis","<5","FrictionLow",1147201.28825994,534085.557831914,2295383.22409578
"628","Campylobacter","Reactive arthritis","<5","TotalHumanCapital",6107485.69276962,2833590.08238363,12298051.9565223
"629","Campylobacter","Reactive arthritis","<5","TotalFrictionHigh",5335140.81319265,2465341.0452479,10797616.5895642
"630","Campylobacter","Reactive arthritis","<5","TotalFrictionLow",3407642.72826282,1541635.2101794,7057018.58169831
"631","Campylobacter","Reactive arthritis","5-64","GPSpecialist",967713.647496842,448885.776655488,1951381.47130592
"632","Campylobacter","Reactive arthritis","5-64","ED",0,0,0
"633","Campylobacter","Reactive arthritis","5-64","Medications",641600.9877643,267787.913852864,1493067.50563999
"634","Campylobacter","Reactive arthritis","5-64","Tests",731662.016148308,328576.397556262,1532104.11932903
"635","Campylobacter","Reactive arthritis","5-64","Hospitalisation",235664.73550305,138959.940615831,364962.361526174
"636","Campylobacter","Reactive arthritis","5-64","Deaths",92083.9244187941,766.399514179302,830507.401377036
"637","Campylobacter","Reactive arthritis","5-64","WTP",12755130.4650341,5300476.21101778,28364728.0747663
"638","Campylobacter","Reactive arthritis","5-64","WTPOngoing",3792348.53148651,1130660.08400416,9836139.17989769
"639","Campylobacter","Reactive arthritis","5-64","HumanCapital",40951528.6048692,19065198.2549424,81938063.2872826
"640","Campylobacter","Reactive arthritis","5-64","FrictionHigh",32761222.8838954,15252158.6039539,65550450.6298261
"641","Campylobacter","Reactive arthritis","5-64","FrictionLow",12285458.5814608,5719559.47648272,24581418.9861848
"642","Campylobacter","Reactive arthritis","5-64","TotalHumanCapital",60802685.4209499,28191980.0654335,122754352.735999
"643","Campylobacter","Reactive arthritis","5-64","TotalFrictionHigh",52561996.4240017,24351305.2297331,106520890.796441
"644","Campylobacter","Reactive arthritis","5-64","TotalFrictionLow",31927119.8388001,14468396.9706962,66405643.7603901
"645","Campylobacter","Reactive arthritis","65+","GPSpecialist",303644.995708428,140254.678912589,612446.202471007
"646","Campylobacter","Reactive arthritis","65+","ED",0,0,0
"647","Campylobacter","Reactive arthritis","65+","Medications",201443.404959424,83701.0630859023,470331.218131675
"648","Campylobacter","Reactive arthritis","65+","Tests",229588.656411026,103132.732717157,481381.065502667
"649","Campylobacter","Reactive arthritis","65+","Hospitalisation",55565.2179791197,33386.6971022663,85370.7194954044
"650","Campylobacter","Reactive arthritis","65+","Deaths",104063.646490786,865.723182949303,942123.610669752
"651","Campylobacter","Reactive arthritis","65+","WTP",4002327.8406061,1663192.98465678,8900335.52977498
"652","Campylobacter","Reactive arthritis","65+","WTPOngoing",1188991.44188236,356937.266931788,3085571.11820425
"653","Campylobacter","Reactive arthritis","65+","HumanCapital",5263639.18222509,2450514.74194964,10531777.8145966
"654","Campylobacter","Reactive arthritis","65+","FrictionHigh",4210911.34578007,1960411.79355971,8425422.25167729
"655","Campylobacter","Reactive arthritis","65+","FrictionLow",1579091.75466753,735154.422584892,3159533.34437898
"656","Campylobacter","Reactive arthritis","65+","TotalHumanCapital",11588900.8206139,5343263.42476989,23741007.5116536
"657","Campylobacter","Reactive arthritis","65+","TotalFrictionHigh",10537169.1419726,4832263.4009753,21711744.6567221
"658","Campylobacter","Reactive arthritis","65+","TotalFrictionLow",7875978.12323855,3525100.65285682,16609034.4770885
"659","Campylobacter","Reactive arthritis","All ages","GPSpecialist",1378727.48577925,641501.750379296,2773537.1967658
"660","Campylobacter","Reactive arthritis","All ages","ED",0,0,0
"661","Campylobacter","Reactive arthritis","All ages","Medications",930792.061785503,407734.51207185,2034963.5443056
"662","Campylobacter","Reactive arthritis","All ages","Tests",1047950.83177686,478075.163884032,2145036.9884882
"663","Campylobacter","Reactive arthritis","All ages","Hospitalisation",316701.5043236,201344.188816137,457279.405028697
"664","Campylobacter","Reactive arthritis","All ages","Deaths",435727.085334372,60230.5216281109,1618923.54453158
"665","Campylobacter","Reactive arthritis","All ages","WTP",18157474.650729,7545454.96043188,40378405.5681953
"666","Campylobacter","Reactive arthritis","All ages","WTPOngoing",5431738.02987515,1645438.40484723,13824085.4583611
"667","Campylobacter","Reactive arthritis","All ages","HumanCapital",50039172.0812941,23295998.1896651,100121118.515532
"668","Campylobacter","Reactive arthritis","All ages","FrictionHigh",40031337.6650353,18636798.5517321,80096894.8124254
"669","Campylobacter","Reactive arthritis","All ages","FrictionLow",15011751.6243882,6988799.45689953,30036335.5546595
"670","Campylobacter","Reactive arthritis","All ages","TotalHumanCapital",78530260.897048,36453592.6182385,158691856.20857
"671","Campylobacter","Reactive arthritis","All ages","TotalFrictionHigh",68438134.1415291,31705305.4877255,138949570.520754
"672","Campylobacter","Reactive arthritis","All ages","TotalFrictionLow",43239873.4220941,19610114.6281843,89935784.1100349
"673","Campylobacter","Irritable bowel syndrome","<5","GPSpecialist",575724.764190811,339972.034543291,967832.426011868
"674","Campylobacter","Irritable bowel syndrome","<5","ED",0,0,0
"675","Campylobacter","Irritable bowel syndrome","<5","Medications",30041.1612953636,17742.0028781893,50397.0528108193
"676","Campylobacter","Irritable bowel syndrome","<5","Tests",373605.472734713,220968.644801964,627143.309746751
"677","Campylobacter","Irritable bowel syndrome","<5","Hospitalisation",2396.48884421284,1077.685718385,5948.64881676871
"678","Campylobacter","Irritable bowel syndrome","<5","Deaths",17874.438476309,151.303369007255,189521.366688271
"679","Campylobacter","Irritable bowel syndrome","<5","WTP",1910130.51755173,1047703.51053867,3408652.3538268
"680","Campylobacter","Irritable bowel syndrome","<5","WTPOngoing",2792823.49895816,1092141.57529007,6282594.50132266
"681","Campylobacter","Irritable bowel syndrome","<5","HumanCapital",2270133.60677083,1342728.10361644,3804342.31655585
"682","Campylobacter","Irritable bowel syndrome","<5","FrictionHigh",1816106.88541667,1074182.48289315,3043473.85324468
"683","Campylobacter","Irritable bowel syndrome","<5","FrictionLow",681040.08203125,402818.431084932,1141302.69496675
"684","Campylobacter","Irritable bowel syndrome","<5","TotalHumanCapital",8094010.09133332,4457231.94780208,14558735.1733767
"685","Campylobacter","Irritable bowel syndrome","<5","TotalFrictionHigh",7632045.22494159,4167398.96978389,13839225.3388373
"686","Campylobacter","Irritable bowel syndrome","<5","TotalFrictionLow",6480604.63175089,3439769.67174755,12065148.8547508
"687","Campylobacter","Irritable bowel syndrome","5-64","GPSpecialist",5244064.02473857,3097591.67088856,8815372.28021099
"688","Campylobacter","Irritable bowel syndrome","5-64","ED",0,0,0
"689","Campylobacter","Irritable bowel syndrome","5-64","Medications",273744.546256942,161607.071256182,459978.841081445
"690","Campylobacter","Irritable bowel syndrome","5-64","Tests",3992091.49310419,2347653.86078122,6735455.09387721
"691","Campylobacter","Irritable bowel syndrome","5-64","Hospitalisation",2175111.85182731,1045796.52276675,5197412.11747027
"692","Campylobacter","Irritable bowel syndrome","5-64","Deaths",143310.940344509,19215.679627602,643612.979075412
"693","Campylobacter","Irritable bowel syndrome","5-64","WTP",17402628.2207942,9545313.53328402,31055212.7734257
"694","Campylobacter","Irritable bowel syndrome","5-64","WTPOngoing",25425515.0941534,9982541.61031513,56962197.6265443
"695","Campylobacter","Irritable bowel syndrome","5-64","HumanCapital",24248458.5512132,14342365.871763,40636126.7471176
"696","Campylobacter","Irritable bowel syndrome","5-64","FrictionHigh",19398766.8409705,11473892.6974104,32508901.3976941
"697","Campylobacter","Irritable bowel syndrome","5-64","FrictionLow",7274537.56536395,4302709.76152891,12190838.0241353
"698","Campylobacter","Irritable bowel syndrome","5-64","TotalHumanCapital",80106811.1551879,45533654.9752129,141557596.773285
"699","Campylobacter","Irritable bowel syndrome","5-64","TotalFrictionHigh",75221877.8426358,42465689.5753025,133821337.278487
"700","Campylobacter","Irritable bowel syndrome","5-64","TotalFrictionLow",62978384.9677232,34625067.6360347,114558771.338892
"701","Campylobacter","Irritable bowel syndrome","65+","GPSpecialist",1645988.55918328,970354.136977483,2764177.17013191
"702","Campylobacter","Irritable bowel syndrome","65+","ED",0,0,0
"703","Campylobacter","Irritable bowel syndrome","65+","Medications",85925.5398041803,50724.9996038193,144152.887271163
"704","Campylobacter","Irritable bowel syndrome","65+","Tests",1438630.03412662,847455.391731163,2424643.51090507
"705","Campylobacter","Irritable bowel syndrome","65+","Hospitalisation",538219.95792421,259461.733448869,1288112.86485375
"706","Campylobacter","Irritable bowel syndrome","65+","Deaths",844743.887285718,300734.751612525,2426784.20430367
"707","Campylobacter","Irritable bowel syndrome","65+","WTP",5460628.06795567,2995145.69500521,9744560.67068499
"708","Campylobacter","Irritable bowel syndrome","65+","WTPOngoing",7965048.21070741,3157417.48943882,17906686.6770731
"709","Campylobacter","Irritable bowel syndrome","65+","HumanCapital",3096892.26321575,1831735.48168695,5189843.56322752
"710","Campylobacter","Irritable bowel syndrome","65+","FrictionHigh",2477513.8105726,1465388.38534956,4151874.85058201
"711","Campylobacter","Irritable bowel syndrome","65+","FrictionLow",929067.678964724,549520.644506086,1556953.06896826
"712","Campylobacter","Irritable bowel syndrome","65+","TotalHumanCapital",21567178.9270536,12205962.1420467,38429117.1421461
"713","Campylobacter","Irritable bowel syndrome","65+","TotalFrictionHigh",20940276.1757665,11804606.5329044,37449899.5511461
"714","Campylobacter","Irritable bowel syndrome","65+","TotalFrictionLow",19363538.1344727,10782162.8009783,35037496.6913399
"715","Campylobacter","Irritable bowel syndrome","All ages","GPSpecialist",7468756.73194205,4409740.80728746,12536583.1215703
"716","Campylobacter","Irritable bowel syndrome","All ages","ED",0,0,0
"717","Campylobacter","Irritable bowel syndrome","All ages","Medications",389754.52227003,230010.046778726,654328.504408579
"718","Campylobacter","Irritable bowel syndrome","All ages","Tests",5805428.33845464,3425367.10971322,9772261.5689642
"719","Campylobacter","Irritable bowel syndrome","All ages","Hospitalisation",2830669.33952482,1539011.17125218,5892714.74407587
"720","Campylobacter","Irritable bowel syndrome","All ages","Deaths",1114334.98451898,462105.818087824,2746290.38475227
"721","Campylobacter","Irritable bowel syndrome","All ages","WTP",24773386.8063016,13588162.7388279,44208425.7979375
"722","Campylobacter","Irritable bowel syndrome","All ages","WTPOngoing",36751632.5532972,15532447.8061801,77893157.908136
"723","Campylobacter","Irritable bowel syndrome","All ages","HumanCapital",29615484.4211998,17516829.4570664,49630312.626901
"724","Campylobacter","Irritable bowel syndrome","All ages","FrictionHigh",23692387.5369598,14013463.5656532,39704250.1015208
"725","Campylobacter","Irritable bowel syndrome","All ages","FrictionLow",8884645.32635992,5255048.83711993,14889093.7880703
"726","Campylobacter","Irritable bowel syndrome","All ages","TotalHumanCapital",110092649.711862,62952530.9725215,192645635.907638
"727","Campylobacter","Irritable bowel syndrome","All ages","TotalFrictionHigh",104129505.745969,59172097.7414698,183332900.272819
"728","Campylobacter","Irritable bowel syndrome","All ages","TotalFrictionLow",89174569.1273399,49687194.6846837,159621986.557775
"729","Campylobacter","Guillain-Barré syndrome","<5","GPSpecialist",6309.50262971992,3077.86012020014,13026.1047827124
"730","Campylobacter","Guillain-Barré syndrome","<5","ED",0,0,0
"731","Campylobacter","Guillain-Barré syndrome","<5","Medications",0,0,0
"732","Campylobacter","Guillain-Barré syndrome","<5","Tests",0,0,0
"733","Campylobacter","Guillain-Barré syndrome","<5","Hospitalisation",379783.726826315,185388.594370006,781701.735573891
"734","Campylobacter","Guillain-Barré syndrome","<5","Deaths",55745.1968996294,458.748208986089,544398.325019549
"735","Campylobacter","Guillain-Barré syndrome","<5","WTP",18458.7755357792,8640.75041689837,39627.8900364261
"736","Campylobacter","Guillain-Barré syndrome","<5","WTPOngoing",3070.48891272728,1296.98081366261,7087.04643082571
"737","Campylobacter","Guillain-Barré syndrome","<5","HumanCapital",170657.619456725,83305.2444189703,351261.383506407
"738","Campylobacter","Guillain-Barré syndrome","<5","FrictionHigh",136526.09556538,66644.1955351762,281009.106805125
"739","Campylobacter","Guillain-Barré syndrome","<5","FrictionLow",51197.2858370175,24991.5733256911,105378.415051922
"740","Campylobacter","Guillain-Barré syndrome","<5","TotalHumanCapital",699875.764348175,336293.89816085,1457204.00123766
"741","Campylobacter","Guillain-Barré syndrome","<5","TotalFrictionHigh",664492.062083411,317929.735788622,1394182.19110756
"742","Campylobacter","Guillain-Barré syndrome","<5","TotalFrictionLow",575284.910212177,271712.054137982,1235468.64645484
"743","Campylobacter","Guillain-Barré syndrome","5-64","GPSpecialist",57443.1628124096,28018.6017457668,118715.945684653
"744","Campylobacter","Guillain-Barré syndrome","5-64","ED",0,0,0
"745","Campylobacter","Guillain-Barré syndrome","5-64","Medications",0,0,0
"746","Campylobacter","Guillain-Barré syndrome","5-64","Tests",0,0,0
"747","Campylobacter","Guillain-Barré syndrome","5-64","Hospitalisation",3460096.0204213,1689020.07195404,7121850.86764552
"748","Campylobacter","Guillain-Barré syndrome","5-64","Deaths",4272099.07623058,1712942.26520791,8923737.49907636
"749","Campylobacter","Guillain-Barré syndrome","5-64","WTP",168172.386707892,78723.2943886423,361037.86162338
"750","Campylobacter","Guillain-Barré syndrome","5-64","WTPOngoing",59547.9018939012,25200.5183706494,137444.952329806
"751","Campylobacter","Guillain-Barré syndrome","5-64","HumanCapital",1821003.81055946,888909.431699883,3748138.05503572
"752","Campylobacter","Guillain-Barré syndrome","5-64","FrictionHigh",1456803.04844757,711127.545359906,2998510.44402857
"753","Campylobacter","Guillain-Barré syndrome","5-64","FrictionLow",546301.143167839,266672.829509965,1124441.41651072
"754","Campylobacter","Guillain-Barré syndrome","5-64","TotalHumanCapital",10296100.4652896,5840325.85077286,17394991.8603155
"755","Campylobacter","Guillain-Barré syndrome","5-64","TotalFrictionHigh",9923386.49707207,5614488.5646376,16737067.9066858
"756","Campylobacter","Guillain-Barré syndrome","5-64","TotalFrictionLow",8974615.15273831,5052640.81505587,15111022.0549286
"757","Campylobacter","Guillain-Barré syndrome","65+","GPSpecialist",18048.6484418699,8807.80360980272,37231.4806976995
"758","Campylobacter","Guillain-Barré syndrome","65+","ED",0,0,0
"759","Campylobacter","Guillain-Barré syndrome","65+","Medications",0,0,0
"760","Campylobacter","Guillain-Barré syndrome","65+","Tests",0,0,0
"761","Campylobacter","Guillain-Barré syndrome","65+","Hospitalisation",1085715.16941089,529983.764247296,2234707.20917836
"762","Campylobacter","Guillain-Barré syndrome","65+","Deaths",48901959.6030362,21376973.1583546,90473800.4968727
"763","Campylobacter","Guillain-Barré syndrome","65+","WTP",52769.4347923215,24701.9372870875,113287.111335264
"764","Campylobacter","Guillain-Barré syndrome","65+","WTPOngoing",57089.8595561712,24270.7108801097,130575.802149519
"765","Campylobacter","Guillain-Barré syndrome","65+","HumanCapital",232262.515330758,113377.214979258,478061.5874725
"766","Campylobacter","Guillain-Barré syndrome","65+","FrictionHigh",185810.012264606,90701.7719834067,382449.269978
"767","Campylobacter","Guillain-Barré syndrome","65+","FrictionLow",69678.7545992273,34013.1644937775,143418.47624175
"768","Campylobacter","Guillain-Barré syndrome","65+","TotalHumanCapital",50503041.0065211,22937906.2434793,92076493.7756277
"769","Campylobacter","Guillain-Barré syndrome","65+","TotalFrictionHigh",50451892.2366559,22888578.1348286,92028728.3697728
"770","Campylobacter","Guillain-Barré syndrome","65+","TotalFrictionLow",50327670.087321,22766960.1519322,91906395.7845691
"771","Campylobacter","Guillain-Barré syndrome","All ages","GPSpecialist",81833.6219222552,39927.185532312,168876.542478952
"772","Campylobacter","Guillain-Barré syndrome","All ages","ED",0,0,0
"773","Campylobacter","Guillain-Barré syndrome","All ages","Medications",0,0,0
"774","Campylobacter","Guillain-Barré syndrome","All ages","Tests",0,0,0
"775","Campylobacter","Guillain-Barré syndrome","All ages","Hospitalisation",4925594.9166585,2404392.43057134,10138259.8123978
"776","Campylobacter","Guillain-Barré syndrome","All ages","Deaths",53701746.4695123,25875286.1700682,95427842.7743813
"777","Campylobacter","Guillain-Barré syndrome","All ages","WTP",239400.597035993,112065.982092628,513952.86299507
"778","Campylobacter","Guillain-Barré syndrome","All ages","WTPOngoing",119773.482894093,50946.6379988743,274466.62826282
"779","Campylobacter","Guillain-Barré syndrome","All ages","HumanCapital",2223923.94534695,1085591.89109811,4577461.02601462
"780","Campylobacter","Guillain-Barré syndrome","All ages","FrictionHigh",1779139.15627756,868473.512878489,3661968.8208117
"781","Campylobacter","Guillain-Barré syndrome","All ages","FrictionLow",667177.183604084,325677.567329433,1373238.30780439
"782","Campylobacter","Guillain-Barré syndrome","All ages","TotalHumanCapital",62189627.5515309,33547044.1173825,104292053.094101
"783","Campylobacter","Guillain-Barré syndrome","All ages","TotalFrictionHigh",61688095.5946677,33118164.2535133,103769446.551196
"784","Campylobacter","Guillain-Barré syndrome","All ages","TotalFrictionLow",60434486.3479442,32064301.9238733,102386203.926465
"785","Campylobacter","Initial and sequel disease","<5","GPSpecialist",1036503.45269197,614485.253493964,1728425.05960667
"786","Campylobacter","Initial and sequel disease","<5","ED",925883.275501729,417358.48139815,1942385.50496873
"787","Campylobacter","Initial and sequel disease","<5","Medications",338494.269937371,177353.018825698,624564.408995792
"788","Campylobacter","Initial and sequel disease","<5","Tests",639611.238651575,451765.645215646,952207.572577131
"789","Campylobacter","Initial and sequel disease","<5","Hospitalisation",1078240.54161717,754728.429389192,1534319.67414231
"790","Campylobacter","Initial and sequel disease","<5","Deaths",530958.533833339,93022.2140891257,2035449.0353122
"791","Campylobacter","Initial and sequel disease","<5","WTP",8668528.92809744,5134705.29691482,14586165.8299755
"792","Campylobacter","Initial and sequel disease","<5","WTPOngoing",3274861.72375986,1422361.76533607,6982504.99642651
"793","Campylobacter","Initial and sequel disease","<5","HumanCapital",12146736.5855301,6883849.98190923,21324653.2932142
"794","Campylobacter","Initial and sequel disease","<5","FrictionHigh",9717389.2684241,5507079.98552739,17059722.6345714
"795","Campylobacter","Initial and sequel disease","<5","FrictionLow",3644020.97565904,2065154.99457277,6397395.98796427
"796","Campylobacter","Initial and sequel disease","<5","TotalHumanCapital",29177917.5940297,17704900.1592065,48137990.0450107
"797","Campylobacter","Initial and sequel disease","<5","TotalFrictionHigh",26734754.6623161,16276889.4363868,43992836.7060977
"798","Campylobacter","Initial and sequel disease","<5","TotalFrictionLow",20586868.3896773,12641136.7974319,33739509.9546986
"799","Campylobacter","Initial and sequel disease","5-64","GPSpecialist",9440292.61789916,5608342.64697451,15782631.81906
"800","Campylobacter","Initial and sequel disease","5-64","ED",8439841.85023149,3803753.35831627,17724540.795147
"801","Campylobacter","Initial and sequel disease","5-64","Medications",3881389.45562601,2236595.073966,6703568.34700889
"802","Campylobacter","Initial and sequel disease","5-64","Tests",6417372.32111212,4457243.1177181,9680847.78539015
"803","Campylobacter","Initial and sequel disease","5-64","Hospitalisation",15766815.1650394,11363210.4456622,21335193.6325887
"804","Campylobacter","Initial and sequel disease","5-64","Deaths",7863351.24454063,4128375.54119197,13662400.1014474
"805","Campylobacter","Initial and sequel disease","5-64","WTP",79281694.1336634,47034921.1619773,133199440.96591
"806","Campylobacter","Initial and sequel disease","5-64","WTPOngoing",29806024.5501222,13009351.4332363,63241756.3219752
"807","Campylobacter","Initial and sequel disease","5-64","HumanCapital",147166978.317498,88065178.3333624,246574299.613931
"808","Campylobacter","Initial and sequel disease","5-64","FrictionHigh",117733582.653998,70452142.6666899,197259439.691145
"809","Campylobacter","Initial and sequel disease","5-64","FrictionLow",44150093.4952493,26419553.5000087,73972289.8841794
"810","Campylobacter","Initial and sequel disease","5-64","TotalHumanCapital",310855310.294436,194701331.219902,503932556.276638
"811","Campylobacter","Initial and sequel disease","5-64","TotalFrictionHigh",281377380.697935,176737433.776668,454850080.246189
"812","Campylobacter","Initial and sequel disease","5-64","TotalFrictionLow",207420568.609758,131755132.488008,333530157.047327
"813","Campylobacter","Initial and sequel disease","65+","GPSpecialist",2963094.16972273,1757060.16660022,4951618.45990154
"814","Campylobacter","Initial and sequel disease","65+","ED",2644986.91644518,1194436.4924049,5542256.43217295
"815","Campylobacter","Initial and sequel disease","65+","Medications",2111153.07779343,1163297.87820287,3747146.93706686
"816","Campylobacter","Initial and sequel disease","65+","Tests",2200689.03064733,1510171.99078118,3346051.29929989
"817","Campylobacter","Initial and sequel disease","65+","Hospitalisation",21674938.8879053,14940423.4194556,29463628.4688457
"818","Campylobacter","Initial and sequel disease","65+","Deaths",72427003.0771894,42482242.6865962,115193808.696561
"819","Campylobacter","Initial and sequel disease","65+","WTP",25098573.8038273,14983126.7879716,42024737.3992345
"820","Campylobacter","Initial and sequel disease","65+","WTPOngoing",9394473.57632569,4134912.50949736,19956151.6722043
"821","Campylobacter","Initial and sequel disease","65+","HumanCapital",23823745.0359459,11575517.8830556,75568449.5140027
"822","Campylobacter","Initial and sequel disease","65+","FrictionHigh",19058996.0287567,9260414.30644448,60454759.6112021
"823","Campylobacter","Initial and sequel disease","65+","FrictionLow",7147123.51078377,3472655.36491668,22670534.8542008
"824","Campylobacter","Initial and sequel disease","65+","TotalHumanCapital",169812622.388859,120962001.187978,247375070.532207
"825","Campylobacter","Initial and sequel disease","65+","TotalFrictionHigh",164525716.38742,117672644.860573,234997558.710787
"826","Campylobacter","Initial and sequel disease","65+","TotalFrictionLow",150894522.412211,108933104.372725,206829387.397335
"827","Campylobacter","Initial and sequel disease","All ages","GPSpecialist",13446190.923777,8034379.98456437,22329335.7797786
"828","Campylobacter","Initial and sequel disease","All ages","ED",12276229.3671262,6324713.97035329,23413819.2923814
"829","Campylobacter","Initial and sequel disease","All ages","Medications",6365150.68842311,3738335.69569653,10781500.2025113
"830","Campylobacter","Initial and sequel disease","All ages","Tests",9259217.52282366,6426500.86912536,13947988.2298439
"831","Campylobacter","Initial and sequel disease","All ages","Hospitalisation",38717741.5522876,30093135.817074,48553613.484166
"832","Campylobacter","Initial and sequel disease","All ages","Deaths",81455760.6879654,51031271.4172724,124464994.193279
"833","Campylobacter","Initial and sequel disease","All ages","WTP",113047514.303173,67166538.2274111,189783124.838917
"834","Campylobacter","Initial and sequel disease","All ages","WTPOngoing",42994668.481915,19831084.6890613,86972716.8231261
"835","Campylobacter","Initial and sequel disease","All ages","HumanCapital",187817024.665081,111423111.139874,324006964.568259
"836","Campylobacter","Initial and sequel disease","All ages","FrictionHigh",150253619.732065,89138488.9118989,259205571.654607
"837","Campylobacter","Initial and sequel disease","All ages","FrictionLow",56345107.3995243,33426933.3419621,97202089.3704777
"838","Campylobacter","Initial and sequel disease","All ages","TotalHumanCapital",512160345.926069,348680921.821676,779579316.449614
"839","Campylobacter","Initial and sequel disease","All ages","TotalFrictionHigh",474421264.466868,325491228.18341,715932516.043227
"840","Campylobacter","Initial and sequel disease","All ages","TotalFrictionLow",379787389.508313,266748165.943677,558773724.927492
"841","Non-typhoidal Salmonella","Salmonellosis","<5","GPSpecialist",201476.942980695,102294.514010304,383177.648344775
"842","Non-typhoidal Salmonella","Salmonellosis","<5","ED",548539.343657078,234418.253659863,1218770.7268734
"843","Non-typhoidal Salmonella","Salmonellosis","<5","Medications",137610.17255693,59837.464828607,286284.942464392
"844","Non-typhoidal Salmonella","Salmonellosis","<5","Tests",188004.24,188004.24,188004.24
"845","Non-typhoidal Salmonella","Salmonellosis","<5","Hospitalisation",1457707.27950851,921990.211272798,2105000.68915405
"846","Non-typhoidal Salmonella","Salmonellosis","<5","Deaths",2042475.20546677,643666.797978426,5027818.06883315
"847","Non-typhoidal Salmonella","Salmonellosis","<5","WTP",3211534.27780156,1777567.62587581,5721646.71177889
"848","Non-typhoidal Salmonella","Salmonellosis","<5","WTPOngoing",0,0,0
"849","Non-typhoidal Salmonella","Salmonellosis","<5","HumanCapital",3832243.65618356,2079258.63961169,7462393.47680816
"850","Non-typhoidal Salmonella","Salmonellosis","<5","FrictionHigh",3065794.92494685,1663406.91168935,5969914.78144653
"851","Non-typhoidal Salmonella","Salmonellosis","<5","FrictionLow",1149673.09685507,623777.591883508,2238718.04304245
"852","Non-typhoidal Salmonella","Salmonellosis","<5","TotalHumanCapital",12101603.9042049,7908336.73392938,18891033.4398554
"853","Non-typhoidal Salmonella","Salmonellosis","<5","TotalFrictionHigh",11317865.6914583,7427241.90523855,17517256.0157327
"854","Non-typhoidal Salmonella","Salmonellosis","<5","TotalFrictionLow",9340971.52847051,6173290.2793677,14202232.7857682
"855","Non-typhoidal Salmonella","Salmonellosis","5-64","GPSpecialist",472529.78618617,239401.163514849,897252.529488386
"856","Non-typhoidal Salmonella","Salmonellosis","5-64","ED",1288815.85761638,551988.07039451,2843703.54717754
"857","Non-typhoidal Salmonella","Salmonellosis","5-64","Medications",445800.696330316,233842.484633589,828928.671593316
"858","Non-typhoidal Salmonella","Salmonellosis","5-64","Tests",441119.76,441119.76,441119.76
"859","Non-typhoidal Salmonella","Salmonellosis","5-64","Hospitalisation",2508603.91972263,1586138.81292016,3629084.22811494
"860","Non-typhoidal Salmonella","Salmonellosis","5-64","Deaths",14415915.8792109,7973543.64955686,24291071.6162238
"861","Non-typhoidal Salmonella","Salmonellosis","5-64","WTP",7453862.45165468,4093442.09429346,13339929.8632568
"862","Non-typhoidal Salmonella","Salmonellosis","5-64","WTPOngoing",0,0,0
"863","Non-typhoidal Salmonella","Salmonellosis","5-64","HumanCapital",12987798.8521532,7669414.23090206,22322199.3679568
"864","Non-typhoidal Salmonella","Salmonellosis","5-64","FrictionHigh",10390239.0817226,6135531.38472165,17857759.4943654
"865","Non-typhoidal Salmonella","Salmonellosis","5-64","FrictionLow",3896339.65564596,2300824.26927062,6696659.81038704
"866","Non-typhoidal Salmonella","Salmonellosis","5-64","TotalHumanCapital",41037860.350959,28381765.2873987,59611831.2287869
"867","Non-typhoidal Salmonella","Salmonellosis","5-64","TotalFrictionHigh",38414618.3367874,26638445.247275,55426766.8572344
"868","Non-typhoidal Salmonella","Salmonellosis","5-64","TotalFrictionLow",31795692.2941299,22070771.8977427,45411944.8922766
"869","Non-typhoidal Salmonella","Salmonellosis","65+","GPSpecialist",125010.987228213,63781.2167135424,237374.809853252
"870","Non-typhoidal Salmonella","Salmonellosis","65+","ED",341132.89694952,145639.774379757,755772.963050877
"871","Non-typhoidal Salmonella","Salmonellosis","65+","Medications",232331.897335864,115291.337176991,449890.100562613
"872","Non-typhoidal Salmonella","Salmonellosis","65+","Tests",116723.88,116723.88,116723.88
"873","Non-typhoidal Salmonella","Salmonellosis","65+","Hospitalisation",3985677.70579693,2524957.77841765,5766912.61566356
"874","Non-typhoidal Salmonella","Salmonellosis","65+","Deaths",56039558.5399918,34167488.383012,85098051.2855908
"875","Non-typhoidal Salmonella","Salmonellosis","65+","WTP",2016386.17815869,1124638.23537291,3574593.97027628
"876","Non-typhoidal Salmonella","Salmonellosis","65+","WTPOngoing",0,0,0
"877","Non-typhoidal Salmonella","Salmonellosis","65+","HumanCapital",2119970.56181814,891826.838485498,8784024.91267473
"878","Non-typhoidal Salmonella","Salmonellosis","65+","FrictionHigh",1695976.44945451,713461.470788398,7027219.93013978
"879","Non-typhoidal Salmonella","Salmonellosis","65+","FrictionLow",635991.168545443,267548.051545649,2635207.47380242
"880","Non-typhoidal Salmonella","Salmonellosis","65+","TotalHumanCapital",66211645.2082212,43618370.6938358,96282731.8840203
"881","Non-typhoidal Salmonella","Salmonellosis","65+","TotalFrictionHigh",65606130.951005,43170030.0053964,95443188.4402925
"882","Non-typhoidal Salmonella","Salmonellosis","65+","TotalFrictionLow",64048790.348662,41929368.8935024,93379142.9378934
"883","Non-typhoidal Salmonella","Salmonellosis","All ages","GPSpecialist",806718.314413326,430270.456658926,1470357.2581564
"884","Non-typhoidal Salmonella","Salmonellosis","All ages","ED",2244382.53571419,1106261.68870581,4418683.69981049
"885","Non-typhoidal Salmonella","Salmonellosis","All ages","Medications",825757.727869062,443902.877668074,1499082.45242803
"886","Non-typhoidal Salmonella","Salmonellosis","All ages","Tests",745847.88,745847.88,745847.88
"887","Non-typhoidal Salmonella","Salmonellosis","All ages","Hospitalisation",8020721.76758426,6130499.31323844,10150627.2140411
"888","Non-typhoidal Salmonella","Salmonellosis","All ages","Deaths",73465424.3238706,50038329.3996774,103949871.141598
"889","Non-typhoidal Salmonella","Salmonellosis","All ages","WTP",12682124.0026678,6993996.67208323,22630514.4954694
"890","Non-typhoidal Salmonella","Salmonellosis","All ages","WTPOngoing",0,0,0
"891","Non-typhoidal Salmonella","Salmonellosis","All ages","HumanCapital",19719025.0856691,11635847.3408976,35056730.1501946
"892","Non-typhoidal Salmonella","Salmonellosis","All ages","FrictionHigh",15775220.0685353,9308677.87271812,28045384.1201557
"893","Non-typhoidal Salmonella","Salmonellosis","All ages","FrictionLow",5915707.52570072,3490754.20226929,10517019.0450584
"894","Non-typhoidal Salmonella","Salmonellosis","All ages","TotalHumanCapital",120734494.376625,90276951.9969018,159834784.72244
"895","Non-typhoidal Salmonella","Salmonellosis","All ages","TotalFrictionHigh",116674849.671604,87252567.9722715,153941396.770929
"896","Non-typhoidal Salmonella","Salmonellosis","All ages","TotalFrictionLow",106351512.208001,79390982.4739209,140158797.471097
"897","Non-typhoidal Salmonella","Reactive arthritis","<5","GPSpecialist",78656.4378911879,20451.59185398,194996.619018406
"898","Non-typhoidal Salmonella","Reactive arthritis","<5","ED",0,0,0
"899","Non-typhoidal Salmonella","Reactive arthritis","<5","Medications",51864.0316069176,12849.9846340912,145258.561240119
"900","Non-typhoidal Salmonella","Reactive arthritis","<5","Tests",59360.3677526377,15230.5622247855,151611.185521054
"901","Non-typhoidal Salmonella","Reactive arthritis","<5","Hospitalisation",15657.2028305117,4969.31352013952,31664.7493868322
"902","Non-typhoidal Salmonella","Reactive arthritis","<5","Deaths",37327.2216926101,304.321577759491,400682.370446974
"903","Non-typhoidal Salmonella","Reactive arthritis","<5","WTP",1024872.30237905,252682.734797469,2786678.66009605
"904","Non-typhoidal Salmonella","Reactive arthritis","<5","WTPOngoing",297805.300913179,59386.0866337658,949992.405535827
"905","Non-typhoidal Salmonella","Reactive arthritis","<5","HumanCapital",2830117.53016965,738100.107705974,6953127.89200632
"906","Non-typhoidal Salmonella","Reactive arthritis","<5","FrictionHigh",2264094.02413572,590480.086164779,5562502.31360506
"907","Non-typhoidal Salmonella","Reactive arthritis","<5","FrictionLow",849035.259050895,221430.032311792,2085938.3676019
"908","Non-typhoidal Salmonella","Reactive arthritis","<5","TotalHumanCapital",4518319.04826479,1182740.83981195,11149550.1427286
"909","Non-typhoidal Salmonella","Reactive arthritis","<5","TotalFrictionHigh",3946105.2018058,1031896.4630309,9765407.2887873
"910","Non-typhoidal Salmonella","Reactive arthritis","<5","TotalFrictionLow",2516019.52334007,652787.043706226,6351420.35391224
"911","Non-typhoidal Salmonella","Reactive arthritis","5-64","GPSpecialist",184250.826056447,47901.7716976319,457951.589815382
"912","Non-typhoidal Salmonella","Reactive arthritis","5-64","ED",0,0,0
"913","Non-typhoidal Salmonella","Reactive arthritis","5-64","Medications",121543.786884246,30257.1612827489,342431.991984301
"914","Non-typhoidal Salmonella","Reactive arthritis","5-64","Tests",139088.564876311,35841.88812953,354997.722646742
"915","Non-typhoidal Salmonella","Reactive arthritis","5-64","Hospitalisation",44362.3795481901,10919.2918275077,118955.499369277
"916","Non-typhoidal Salmonella","Reactive arthritis","5-64","Deaths",15640.2967730286,125.571330112665,190241.737627539
"917","Non-typhoidal Salmonella","Reactive arthritis","5-64","WTP",2404687.38394462,592876.774108941,6538464.35452035
"918","Non-typhoidal Salmonella","Reactive arthritis","5-64","WTPOngoing",699955.402494393,138719.201687214,2231898.43900562
"919","Non-typhoidal Salmonella","Reactive arthritis","5-64","HumanCapital",7805366.26536546,2035654.56901907,19176486.2442955
"920","Non-typhoidal Salmonella","Reactive arthritis","5-64","FrictionHigh",6244293.01229237,1628523.65521526,15341188.9954364
"921","Non-typhoidal Salmonella","Reactive arthritis","5-64","FrictionLow",2341609.87960964,610696.370705722,5752945.87328865
"922","Non-typhoidal Salmonella","Reactive arthritis","5-64","TotalHumanCapital",11595871.7420037,3004234.03818305,28766767.7174147
"923","Non-typhoidal Salmonella","Reactive arthritis","5-64","TotalFrictionHigh",10019576.8948598,2591416.90574227,24955693.6421059
"924","Non-typhoidal Salmonella","Reactive arthritis","5-64","TotalFrictionLow",6077530.49710144,1558685.72876867,15487317.7013356
"925","Non-typhoidal Salmonella","Reactive arthritis","65+","GPSpecialist",48728.4947450984,12656.0232843133,120473.531290476
"926","Non-typhoidal Salmonella","Reactive arthritis","65+","ED",0,0,0
"927","Non-typhoidal Salmonella","Reactive arthritis","65+","Medications",32146.8274084784,7975.04458053544,90655.8868049816
"928","Non-typhoidal Salmonella","Reactive arthritis","65+","Tests",36880.8882454918,9445.76432745618,94090.5620498092
"929","Non-typhoidal Salmonella","Reactive arthritis","65+","Hospitalisation",8871.31484340999,2158.39247390084,24615.2100619915
"930","Non-typhoidal Salmonella","Reactive arthritis","65+","Deaths",14741.3364791876,112.507745860433,186380.246535655
"931","Non-typhoidal Salmonella","Reactive arthritis","65+","WTP",636299.860248984,156880.021506811,1730130.9030031
"932","Non-typhoidal Salmonella","Reactive arthritis","65+","WTPOngoing",185427.770144266,36790.4813891594,591132.192944341
"933","Non-typhoidal Salmonella","Reactive arthritis","65+","HumanCapital",846027.985160263,220645.72948376,2078549.9960078
"934","Non-typhoidal Salmonella","Reactive arthritis","65+","FrictionHigh",676822.388128211,176516.583587008,1662839.99680624
"935","Non-typhoidal Salmonella","Reactive arthritis","65+","FrictionLow",253808.395548079,66193.718845128,623564.998802341
"936","Non-typhoidal Salmonella","Reactive arthritis","65+","TotalHumanCapital",1864058.483673,481578.027152662,4697870.61210045
"937","Non-typhoidal Salmonella","Reactive arthritis","65+","TotalFrictionHigh",1692457.47952125,436004.218459986,4283595.95338025
"938","Non-typhoidal Salmonella","Reactive arthritis","65+","TotalFrictionLow",1263458.5917095,321121.517077002,3282889.63477328
"939","Non-typhoidal Salmonella","Reactive arthritis","All ages","GPSpecialist",311902.908377728,81277.9245516015,770853.761628312
"940","Non-typhoidal Salmonella","Reactive arthritis","All ages","ED",0,0,0
"941","Non-typhoidal Salmonella","Reactive arthritis","All ages","Medications",211757.927354528,54040.154887029,555072.34597494
"942","Non-typhoidal Salmonella","Reactive arthritis","All ages","Tests",237218.426793031,61681.5259029417,592664.851371977
"943","Non-typhoidal Salmonella","Reactive arthritis","All ages","Hospitalisation",70522.6125857298,19051.874646231,169083.722039396
"944","Non-typhoidal Salmonella","Reactive arthritis","All ages","Deaths",118498.536650192,12260.1393189021,592775.05116798
"945","Non-typhoidal Salmonella","Reactive arthritis","All ages","WTP",4065859.54657266,1002439.53041322,11055273.9176195
"946","Non-typhoidal Salmonella","Reactive arthritis","All ages","WTPOngoing",1195138.14213524,240814.86705222,3730766.43738319
"947","Non-typhoidal Salmonella","Reactive arthritis","All ages","HumanCapital",11481511.7806954,2994400.40620881,28208164.1323096
"948","Non-typhoidal Salmonella","Reactive arthritis","All ages","FrictionHigh",9185209.4245563,2395520.32496705,22566531.3058477
"949","Non-typhoidal Salmonella","Reactive arthritis","All ages","FrictionLow",3444453.53420861,898320.121862643,8462449.23969289
"950","Non-typhoidal Salmonella","Reactive arthritis","All ages","TotalHumanCapital",17988605.1457569,4670318.61648372,44613756.6359165
"951","Non-typhoidal Salmonella","Reactive arthritis","All ages","TotalFrictionHigh",15667472.2787858,4068061.15463357,38996780.9351785
"952","Non-typhoidal Salmonella","Reactive arthritis","All ages","TotalFrictionLow",9874016.04102809,2542001.34055566,25088420.0529172
"953","Non-typhoidal Salmonella","Irritable bowel syndrome","<5","GPSpecialist",342101.436606933,185651.321341558,616363.608452298
"954","Non-typhoidal Salmonella","Irritable bowel syndrome","<5","ED",0,0,0
"955","Non-typhoidal Salmonella","Irritable bowel syndrome","<5","Medications",17847.5068117668,9685.67142826006,32117.5869277516
"956","Non-typhoidal Salmonella","Irritable bowel syndrome","<5","Tests",222148.141645357,120633.946534819,399677.374426834
"957","Non-typhoidal Salmonella","Irritable bowel syndrome","<5","Hospitalisation",1433.81025596594,578.877309818322,3806.93408432555
"958","Non-typhoidal Salmonella","Irritable bowel syndrome","<5","Deaths",10481.628418382,86.2523572226656,116856.627148981
"959","Non-typhoidal Salmonella","Irritable bowel syndrome","<5","WTP",1134001.06985397,576028.459946898,2153564.47858102
"960","Non-typhoidal Salmonella","Irritable bowel syndrome","<5","WTPOngoing",1645462.0623096,623922.898857304,3923979.1365564
"961","Non-typhoidal Salmonella","Irritable bowel syndrome","<5","HumanCapital",1347923.2131527,733323.256070693,2424745.37167317
"962","Non-typhoidal Salmonella","Irritable bowel syndrome","<5","FrictionHigh",1078338.57052216,586658.604856555,1939796.29733853
"963","Non-typhoidal Salmonella","Irritable bowel syndrome","<5","FrictionLow",404376.963945809,219996.976821208,727423.61150195
"964","Non-typhoidal Salmonella","Irritable bowel syndrome","<5","TotalHumanCapital",4794919.24645018,2463726.30280814,9209709.00189271
"965","Non-typhoidal Salmonella","Irritable bowel syndrome","<5","TotalFrictionHigh",4519530.40808667,2304557.05055527,8755796.91239215
"966","Non-typhoidal Salmonella","Irritable bowel syndrome","<5","TotalFrictionLow",3834013.55883206,1905636.36021796,7610295.59044124
"967","Non-typhoidal Salmonella","Irritable bowel syndrome","5-64","GPSpecialist",802556.903923695,436037.668058388,1444616.30401694
"968","Non-typhoidal Salmonella","Irritable bowel syndrome","5-64","ED",0,0,0
"969","Non-typhoidal Salmonella","Irritable bowel syndrome","5-64","Medications",41873.1430140196,22758.8605049317,75308.2481776144
"970","Non-typhoidal Salmonella","Irritable bowel syndrome","5-64","Tests",610907.461905552,330009.959699048,1102362.48880446
"971","Non-typhoidal Salmonella","Irritable bowel syndrome","5-64","Hospitalisation",338098.402919846,120083.073162038,987003.404308407
"972","Non-typhoidal Salmonella","Irritable bowel syndrome","5-64","Deaths",21659.8234286607,2586.02768694255,113519.231282526
"973","Non-typhoidal Salmonella","Irritable bowel syndrome","5-64","WTP",2660739.35233442,1351552.15650958,5052970.32628725
"974","Non-typhoidal Salmonella","Irritable bowel syndrome","5-64","WTPOngoing",3859490.6558411,1448759.83386388,9178553.2298421
"975","Non-typhoidal Salmonella","Irritable bowel syndrome","5-64","HumanCapital",3707959.14435279,2017275.64788652,6670155.01023506
"976","Non-typhoidal Salmonella","Irritable bowel syndrome","5-64","FrictionHigh",2966367.31548223,1613820.51830922,5336124.00818805
"977","Non-typhoidal Salmonella","Irritable bowel syndrome","5-64","FrictionLow",1112387.74330584,605182.694365956,2001046.50307052
"978","Non-typhoidal Salmonella","Irritable bowel syndrome","5-64","TotalHumanCapital",12270453.8146013,6347966.88850133,23227389.8215518
"979","Non-typhoidal Salmonella","Irritable bowel syndrome","5-64","TotalFrictionHigh",11522508.7671051,5923809.10894144,21958512.5575317
"980","Non-typhoidal Salmonella","Irritable bowel syndrome","5-64","TotalFrictionLow",9636740.26107028,4832970.80790301,18796894.3928789
"981","Non-typhoidal Salmonella","Irritable bowel syndrome","65+","GPSpecialist",212333.079910454,115295.66244302,382597.734631494
"982","Non-typhoidal Salmonella","Irritable bowel syndrome","65+","ED",0,0,0
"983","Non-typhoidal Salmonella","Irritable bowel syndrome","65+","Medications",11071.8608965962,6011.82541504748,19961.4410445128
"984","Non-typhoidal Salmonella","Irritable bowel syndrome","65+","Tests",185558.589785031,100503.94527305,334815.150979562
"985","Non-typhoidal Salmonella","Irritable bowel syndrome","65+","Hospitalisation",70563.4634592436,24874.973340745,209015.78484182
"986","Non-typhoidal Salmonella","Irritable bowel syndrome","65+","Deaths",110046.48299067,30793.4163799912,385710.08223475
"987","Non-typhoidal Salmonella","Irritable bowel syndrome","65+","WTP",704053.295806021,357631.704664887,1337057.08855371
"988","Non-typhoidal Salmonella","Irritable bowel syndrome","65+","WTPOngoing",1027720.14832076,388355.516021687,2432740.69168546
"989","Non-typhoidal Salmonella","Irritable bowel syndrome","65+","HumanCapital",399348.768390205,217261.4406267,718378.516215844
"990","Non-typhoidal Salmonella","Irritable bowel syndrome","65+","FrictionHigh",319479.014712164,173809.15250136,574702.812972675
"991","Non-typhoidal Salmonella","Irritable bowel syndrome","65+","FrictionLow",119804.630517061,65178.4321880101,215513.554864753
"992","Non-typhoidal Salmonella","Irritable bowel syndrome","65+","TotalHumanCapital",2795067.60317632,1417449.42395398,5388875.91303105
"993","Non-typhoidal Salmonella","Irritable bowel syndrome","65+","TotalFrictionHigh",2714565.83509598,1370608.33824327,5250758.03512638
"994","Non-typhoidal Salmonella","Irritable bowel syndrome","65+","TotalFrictionLow",2512988.39970595,1251530.55494299,4915896.68441053
"995","Non-typhoidal Salmonella","Irritable bowel syndrome","All ages","GPSpecialist",1356924.71849673,737853.897569739,2442031.18469441
"996","Non-typhoidal Salmonella","Irritable bowel syndrome","All ages","ED",0,0,0
"997","Non-typhoidal Salmonella","Irritable bowel syndrome","All ages","Medications",70793.932206378,38504.3692481036,127391.410864343
"998","Non-typhoidal Salmonella","Irritable bowel syndrome","All ages","Tests",1018407.21390902,552413.596846225,1833779.50393197
"999","Non-typhoidal Salmonella","Irritable bowel syndrome","All ages","Hospitalisation",425724.745202801,164085.556240483,1125067.07343164
"1000","Non-typhoidal Salmonella","Irritable bowel syndrome","All ages","Deaths",170464.977566652,54870.6427006268,501308.389554939
"1001","Non-typhoidal Salmonella","Irritable bowel syndrome","All ages","WTP",4498793.71799442,2285212.32112137,8543591.89342199
"1002","Non-typhoidal Salmonella","Irritable bowel syndrome","All ages","WTPOngoing",6671893.56731961,2742499.88696577,14787757.5528794
"1003","Non-typhoidal Salmonella","Irritable bowel syndrome","All ages","HumanCapital",5455231.12589569,2967860.34458391,9813278.89812407
"1004","Non-typhoidal Salmonella","Irritable bowel syndrome","All ages","FrictionHigh",4364184.90071655,2374288.27566713,7850623.11849926
"1005","Non-typhoidal Salmonella","Irritable bowel syndrome","All ages","FrictionLow",1636569.33776871,890358.103375174,2943983.66943722
"1006","Non-typhoidal Salmonella","Irritable bowel syndrome","All ages","TotalHumanCapital",19923549.5176203,10348741.1304004,37456936.8586904
"1007","Non-typhoidal Salmonella","Irritable bowel syndrome","All ages","TotalFrictionHigh",18829627.2253921,9722544.71377761,35602794.7786253
"1008","Non-typhoidal Salmonella","Irritable bowel syndrome","All ages","TotalFrictionLow",16064377.1935973,8141555.98180368,30920775.8016898
"1009","Non-typhoidal Salmonella","Initial and sequel disease","<5","GPSpecialist",629991.899605925,340966.051568563,1134248.21617547
"1010","Non-typhoidal Salmonella","Initial and sequel disease","<5","ED",548539.343657078,234418.253659863,1218770.7268734
"1011","Non-typhoidal Salmonella","Initial and sequel disease","<5","Medications",212753.758957668,101786.955605342,424403.074526732
"1012","Non-typhoidal Salmonella","Initial and sequel disease","<5","Tests",472671.356460277,339944.698545674,710524.258984098
"1013","Non-typhoidal Salmonella","Initial and sequel disease","<5","Hospitalisation",1475804.02497936,940218.208687782,2124014.67144766
"1014","Non-typhoidal Salmonella","Initial and sequel disease","<5","Deaths",2170155.07011525,744703.022984765,5160811.3438615
"1015","Non-typhoidal Salmonella","Initial and sequel disease","<5","WTP",5475680.6334281,2976670.40601232,9956278.43325229
"1016","Non-typhoidal Salmonella","Initial and sequel disease","<5","WTPOngoing",2005137.91239445,829549.71265332,4529045.14748889
"1017","Non-typhoidal Salmonella","Initial and sequel disease","<5","HumanCapital",8186680.92514548,4303058.98475967,15498857.3437281
"1018","Non-typhoidal Salmonella","Initial and sequel disease","<5","FrictionHigh",6549344.74011638,3442447.18780774,12399085.8749825
"1019","Non-typhoidal Salmonella","Initial and sequel disease","<5","FrictionLow",2456004.27754364,1290917.6954279,4649657.20311842
"1020","Non-typhoidal Salmonella","Initial and sequel disease","<5","TotalHumanCapital",21707691.1427482,13236867.1855122,36520002.333624
"1021","Non-typhoidal Salmonella","Initial and sequel disease","<5","TotalFrictionHigh",20064689.793973,12316772.2008664,33475160.8034395
"1022","Non-typhoidal Salmonella","Initial and sequel disease","<5","TotalFrictionLow",15943142.087531,9977222.46967988,26009341.4847495
"1023","Non-typhoidal Salmonella","Initial and sequel disease","5-64","GPSpecialist",1477572.61679286,798696.513518431,2663426.91926405
"1024","Non-typhoidal Salmonella","Initial and sequel disease","5-64","ED",1288815.85761638,551988.07039451,2843703.54717754
"1025","Non-typhoidal Salmonella","Initial and sequel disease","5-64","Medications",622430.457177789,325679.861991579,1167064.50326037
"1026","Non-typhoidal Salmonella","Initial and sequel disease","5-64","Tests",1200164.24770581,846598.488331679,1831267.24981396
"1027","Non-typhoidal Salmonella","Initial and sequel disease","5-64","Hospitalisation",2972255.17879939,1958217.60187663,4212738.54477466
"1028","Non-typhoidal Salmonella","Initial and sequel disease","5-64","Deaths",14495140.1413919,8058737.71062717,24364621.0078858
"1029","Non-typhoidal Salmonella","Initial and sequel disease","5-64","WTP",12761570.3805652,6896501.9973935,23267406.9307566
"1030","Non-typhoidal Salmonella","Initial and sequel disease","5-64","WTPOngoing",4703201.41041411,1944145.93845094,10568313.0175793
"1031","Non-typhoidal Salmonella","Initial and sequel disease","5-64","HumanCapital",24768618.5993683,13510830.637667,45474104.4544625
"1032","Non-typhoidal Salmonella","Initial and sequel disease","5-64","FrictionHigh",19814894.8794947,10808664.5101336,36379283.56357
"1033","Non-typhoidal Salmonella","Initial and sequel disease","5-64","FrictionLow",7430585.5798105,4053249.19130009,13642231.3363388
"1034","Non-typhoidal Salmonella","Initial and sequel disease","5-64","TotalHumanCapital",65508369.3881396,42303417.201176,104768696.131174
"1035","Non-typhoidal Salmonella","Initial and sequel disease","5-64","TotalFrictionHigh",60556934.6982644,39420807.9746301,95805137.7992806
"1036","Non-typhoidal Salmonella","Initial and sequel disease","5-64","TotalFrictionLow",48159955.2496272,32017035.9106418,73901936.2578331
"1037","Non-typhoidal Salmonella","Initial and sequel disease","65+","GPSpecialist",390592.271875076,212165.602452975,704534.141444744
"1038","Non-typhoidal Salmonella","Initial and sequel disease","65+","ED",341132.89694952,145639.774379757,755772.963050877
"1039","Non-typhoidal Salmonella","Initial and sequel disease","65+","Medications",279797.492581097,142062.944022855,534328.864697867
"1040","Non-typhoidal Salmonella","Initial and sequel disease","65+","Tests",341521.700977112,237238.274888945,526581.143019169
"1041","Non-typhoidal Salmonella","Initial and sequel disease","65+","Hospitalisation",4084790.3126,2617346.59770716,5866883.44638813
"1042","Non-typhoidal Salmonella","Initial and sequel disease","65+","Deaths",56232123.2193866,34376029.9490371,85270349.5837132
"1043","Non-typhoidal Salmonella","Initial and sequel disease","65+","WTP",3420142.65488166,1868285.11807765,6208104.55365199
"1044","Non-typhoidal Salmonella","Initial and sequel disease","65+","WTPOngoing",1250995.91996034,515270.147643989,2802981.17287476
"1045","Non-typhoidal Salmonella","Initial and sequel disease","65+","HumanCapital",3554185.25592202,1710423.60825359,10536204.9341773
"1046","Non-typhoidal Salmonella","Initial and sequel disease","65+","FrictionHigh",2843348.20473762,1368338.88660287,8428963.94734186
"1047","Non-typhoidal Salmonella","Initial and sequel disease","65+","FrictionLow",1066255.57677661,513127.082476077,3160861.4802532
"1048","Non-typhoidal Salmonella","Initial and sequel disease","65+","TotalHumanCapital",71383994.8200921,48133937.148082,102186806.526883
"1049","Non-typhoidal Salmonella","Initial and sequel disease","65+","TotalFrictionHigh",70488995.3129043,47469373.0683365,100872636.029325
"1050","Non-typhoidal Salmonella","Initial and sequel disease","65+","TotalFrictionLow",68251552.3580673,45693889.6143357,97960162.4722668
"1051","Non-typhoidal Salmonella","Initial and sequel disease","All ages","GPSpecialist",2501832.33811844,1360089.71369848,4483925.30425633
"1052","Non-typhoidal Salmonella","Initial and sequel disease","All ages","ED",2244382.53571419,1106261.68870581,4418683.69981049
"1053","Non-typhoidal Salmonella","Initial and sequel disease","All ages","Medications",1124722.93730381,599790.862338754,2065322.98832974
"1054","Non-typhoidal Salmonella","Initial and sequel disease","All ages","Tests",2014832.7877406,1426156.66335694,3062982.39462499
"1055","Non-typhoidal Salmonella","Initial and sequel disease","All ages","Hospitalisation",8600671.11314869,6642349.28682358,10810834.5547302
"1056","Non-typhoidal Salmonella","Initial and sequel disease","All ages","Deaths",73859074.0584773,50444374.9588653,104322822.108223
"1057","Non-typhoidal Salmonella","Initial and sequel disease","All ages","WTP",21657790.3660818,11738376.9659922,39444564.759411
"1058","Non-typhoidal Salmonella","Initial and sequel disease","All ages","WTPOngoing",8088832.67572046,3557475.11417496,17196197.5589322
"1059","Non-typhoidal Salmonella","Initial and sequel disease","All ages","HumanCapital",37184360.8408049,20341586.9772798,68598005.1369864
"1060","Non-typhoidal Salmonella","Initial and sequel disease","All ages","FrictionHigh",29747488.672644,16273269.5818238,54878404.1095891
"1061","Non-typhoidal Salmonella","Initial and sequel disease","All ages","FrictionLow",11155308.2522415,6102476.09318394,20579401.5410959
"1062","Non-typhoidal Salmonella","Initial and sequel disease","All ages","TotalHumanCapital",160190948.69598,115601676.721201,226573470.891786
"1063","Non-typhoidal Salmonella","Initial and sequel disease","All ages","TotalFrictionHigh",152722431.580927,110788147.407057,213434946.895967
"1064","Non-typhoidal Salmonella","Initial and sequel disease","All ages","TotalFrictionLow",133880294.637915,98331237.8750779,181931071.39583
"1065","Shigella","Shigellosis","<5","GPSpecialist",3398.15788916603,1121.40024286699,8192.15273164265
"1066","Shigella","Shigellosis","<5","ED",9130.39725583915,2734.73839732853,25335.0475612546
"1067","Shigella","Shigellosis","<5","Medications",3509.86500472715,1150.55590180318,8465.1009504802
"1068","Shigella","Shigellosis","<5","Tests",21988.8,21988.8,21988.8
"1069","Shigella","Shigellosis","<5","Hospitalisation",16860.4849568617,6091.76744178934,33530.3716708056
"1070","Shigella","Shigellosis","<5","Deaths",20156.1223383064,162.341334143166,205411.970735436
"1071","Shigella","Shigellosis","<5","WTP",53612.872954898,18962.4357159128,122385.856575627
"1072","Shigella","Shigellosis","<5","WTPOngoing",0,0,0
"1073","Shigella","Shigellosis","<5","HumanCapital",61968.418783121,23984.834500329,150762.45652884
"1074","Shigella","Shigellosis","<5","FrictionHigh",49574.7350264968,19187.8676002632,120609.965223072
"1075","Shigella","Shigellosis","<5","FrictionLow",18590.5256349363,7195.45035009871,45228.736958652
"1076","Shigella","Shigellosis","<5","TotalHumanCapital",216646.220428415,105429.408616402,459020.922350401
"1077","Shigella","Shigellosis","<5","TotalFrictionHigh",203077.085858531,99625.7636819508,433433.359955446
"1078","Shigella","Shigellosis","<5","TotalFrictionLow",168488.013684203,84649.2823784594,374194.21368681
"1079","Shigella","Shigellosis","5-64","GPSpecialist",21707.8835458366,7123.96334616623,52457.9322500356
"1080","Shigella","Shigellosis","5-64","ED",58445.6430634572,17390.2586067935,161503.810364007
"1081","Shigella","Shigellosis","5-64","Medications",28886.1952660348,9729.64390443245,67126.976812617
"1082","Shigella","Shigellosis","5-64","Tests",140484,140484,140484
"1083","Shigella","Shigellosis","5-64","Hospitalisation",63890.7154107782,23129.4392277299,126977.388860352
"1084","Shigella","Shigellosis","5-64","Deaths",115319.919198028,14299.4849594279,504938.469731308
"1085","Shigella","Shigellosis","5-64","WTP",338606.290750925,117676.101688952,778229.474037731
"1086","Shigella","Shigellosis","5-64","WTPOngoing",0,0,0
"1087","Shigella","Shigellosis","5-64","HumanCapital",562223.097657793,211201.403584397,1260211.10341399
"1088","Shigella","Shigellosis","5-64","FrictionHigh",449778.478126235,168961.122867518,1008168.88273119
"1089","Shigella","Shigellosis","5-64","FrictionLow",168666.929297338,63360.4210753192,378063.331024196
"1090","Shigella","Shigellosis","5-64","TotalHumanCapital",1400304.19073479,696062.42452206,2703487.30733025
"1091","Shigella","Shigellosis","5-64","TotalFrictionHigh",1286934.56277698,649111.335104704,2455889.97665284
"1092","Shigella","Shigellosis","5-64","TotalFrictionLow",1001101.85380699,529313.800769129,1851910.91872368
"1093","Shigella","Shigellosis","65+","GPSpecialist",2578.71077532471,848.364261445359,6188.66613075926
"1094","Shigella","Shigellosis","65+","ED",6937.1134391749,2070.16919821541,19160.7503258907
"1095","Shigella","Shigellosis","65+","Medications",5855.37511013714,1938.6891339953,14044.7285196849
"1096","Shigella","Shigellosis","65+","Tests",16674.84,16674.84,16674.84
"1097","Shigella","Shigellosis","65+","Hospitalisation",54570.3964293231,19709.2559822281,109325.912643631
"1098","Shigella","Shigellosis","65+","Deaths",233713.015835398,46637.3934427494,814683.635930292
"1099","Shigella","Shigellosis","65+","WTP",40891.3216716807,14634.1066112749,93025.4481673654
"1100","Shigella","Shigellosis","65+","WTPOngoing",0,0,0
"1101","Shigella","Shigellosis","65+","HumanCapital",37500.0613214637,10869.9331281972,192838.525604647
"1102","Shigella","Shigellosis","65+","FrictionHigh",30000.0490571709,8695.94650255773,154270.820483717
"1103","Shigella","Shigellosis","65+","FrictionLow",11250.0183964391,3260.97993845915,57851.557681394
"1104","Shigella","Shigellosis","65+","TotalHumanCapital",438566.35219161,202023.116229153,1049731.18363721
"1105","Shigella","Shigellosis","65+","TotalFrictionHigh",426916.060094318,196712.711951087,1028428.6213851
"1106","Shigella","Shigellosis","65+","TotalFrictionLow",396169.568232301,181934.894841848,979456.281644961
"1107","Shigella","Shigellosis","All ages","GPSpecialist",27894.160542383,9326.11924987087,65871.1198114487
"1108","Shigella","Shigellosis","All ages","ED",76345.3932056482,24114.7167810977,197857.105183916
"1109","Shigella","Shigellosis","All ages","Medications",38492.5059558765,13074.8504700643,88620.7960227196
"1110","Shigella","Shigellosis","All ages","Tests",179147.64,179147.64,179147.64
"1111","Shigella","Shigellosis","All ages","Hospitalisation",140712.61251892,79705.7731762281,220880.805222262
"1112","Shigella","Shigellosis","All ages","Deaths",455758.34173837,150166.951276844,1148914.61140252
"1113","Shigella","Shigellosis","All ages","WTP",433106.952503871,151256.677770651,993815.413167727
"1114","Shigella","Shigellosis","All ages","WTPOngoing",0,0,0
"1115","Shigella","Shigellosis","All ages","HumanCapital",680714.525931389,259081.786353236,1536029.09632201
"1116","Shigella","Shigellosis","All ages","FrictionHigh",544571.620745111,207265.429082589,1228823.27705761
"1117","Shigella","Shigellosis","All ages","FrictionLow",204214.357779417,77724.5359059708,460808.728896604
"1118","Shigella","Shigellosis","All ages","TotalHumanCapital",2126158.5427216,1176805.5952591,3789415.37761701
"1119","Shigella","Shigellosis","All ages","TotalFrictionHigh",1988145.19015558,1114661.80273264,3497957.97491965
"1120","Shigella","Shigellosis","All ages","TotalFrictionLow",1639821.49651807,954114.328141126,2795376.52666141
"1121","Shigella","Reactive arthritis","<5","GPSpecialist",1170.43188497505,382.614934461185,2763.97233505985
"1122","Shigella","Reactive arthritis","<5","ED",0,0,0
"1123","Shigella","Reactive arthritis","<5","Medications",770.638179513118,236.433905212484,2072.98374016891
"1124","Shigella","Reactive arthritis","<5","Tests",884.2064109036,284.019981506452,2165.92873110264
"1125","Shigella","Reactive arthritis","<5","Hospitalisation",229.370228148933,62.9144182223442,712.416567407671
"1126","Shigella","Reactive arthritis","<5","Deaths",561.02556449484,4.48658619799593,7134.43959193317
"1127","Shigella","Reactive arthritis","<5","WTP",15337.6973970106,4688.24669976707,39613.4691163186
"1128","Shigella","Reactive arthritis","<5","WTPOngoing",4499.11323254497,1083.8080291276,13571.0128101352
"1129","Shigella","Reactive arthritis","<5","HumanCapital",42127.5785862812,13814.4517854415,99152.9367933593
"1130","Shigella","Reactive arthritis","<5","FrictionHigh",33702.062869025,11051.5614283532,79322.3494346874
"1131","Shigella","Reactive arthritis","<5","FrictionLow",12638.2735758844,4144.33553563245,29745.8810380078
"1132","Shigella","Reactive arthritis","<5","TotalHumanCapital",67235.952010535,21935.3186766131,160146.967496706
"1133","Shigella","Reactive arthritis","<5","TotalFrictionHigh",58757.9036061008,19122.6084166375,140599.191332686
"1134","Shigella","Reactive arthritis","<5","TotalFrictionLow",37478.0706225217,11927.4058107326,92034.8956004021
"1135","Shigella","Reactive arthritis","5-64","GPSpecialist",7480.07911858677,2442.33771809012,17664.1603354912
"1136","Shigella","Reactive arthritis","5-64","ED",0,0,0
"1137","Shigella","Reactive arthritis","5-64","Medications",4935.40775607964,1509.34941247893,13262.0358242402
"1138","Shigella","Reactive arthritis","5-64","Tests",5647.41458707633,1811.21023734815,13786.6715265596
"1139","Shigella","Reactive arthritis","5-64","Hospitalisation",1781.91214016686,481.702975569281,5613.64334988215
"1140","Shigella","Reactive arthritis","5-64","Deaths",654.40098946167,5.08242914826146,8248.6557441848
"1141","Shigella","Reactive arthritis","5-64","WTP",97990.8444809011,29952.6872485118,253086.052687591
"1142","Shigella","Reactive arthritis","5-64","WTPOngoing",28716.7814007422,6873.71920605684,86558.3056235502
"1143","Shigella","Reactive arthritis","5-64","HumanCapital",316367.439578262,103743.032170397,744613.428842917
"1144","Shigella","Reactive arthritis","5-64","FrictionHigh",253093.95166261,82994.4257363172,595690.743074334
"1145","Shigella","Reactive arthritis","5-64","FrictionLow",94910.2318734786,31122.9096511189,223384.028652875
"1146","Shigella","Reactive arthritis","5-64","TotalHumanCapital",469845.643483427,153397.61250715,1114178.92272058
"1147","Shigella","Reactive arthritis","5-64","TotalFrictionHigh",406510.436867887,132425.617160014,967326.028897787
"1148","Shigella","Reactive arthritis","5-64","TotalFrictionLow",246622.285053507,79225.8240607758,600836.167878429
"1149","Shigella","Reactive arthritis","65+","GPSpecialist",888.079159525069,289.332741647537,2102.58454873254
"1150","Shigella","Reactive arthritis","65+","ED",0,0,0
"1151","Shigella","Reactive arthritis","65+","Medications",587.92215449806,179.330260573148,1577.01959525439
"1152","Shigella","Reactive arthritis","65+","Tests",671.138362829532,215.240267350319,1646.7033578732
"1153","Shigella","Reactive arthritis","65+","Hospitalisation",159.551971829062,42.7762896946656,506.083825573477
"1154","Shigella","Reactive arthritis","65+","Deaths",277.231468186879,2.14684646634758,3503.14535544997
"1155","Shigella","Reactive arthritis","65+","WTP",11631.087192733,3555.25374732336,30040.2140798749
"1156","Shigella","Reactive arthritis","65+","WTPOngoing",3409.60062981842,814.897405804217,10341.9105370875
"1157","Shigella","Reactive arthritis","65+","HumanCapital",15382.0716397223,5044.08024762074,36203.7797620057
"1158","Shigella","Reactive arthritis","65+","FrictionHigh",12305.6573117779,4035.26419809659,28963.0238096046
"1159","Shigella","Reactive arthritis","65+","FrictionLow",4614.6214919167,1513.22407428622,10861.1339286017
"1160","Shigella","Reactive arthritis","65+","TotalHumanCapital",33896.1249227627,10938.960409742,82318.4515842504
"1161","Shigella","Reactive arthritis","65+","TotalFrictionHigh",30771.7541116311,9887.38286216536,75179.8339627945
"1162","Shigella","Reactive arthritis","65+","TotalFrictionLow",22986.2728370327,7245.03196507435,57644.5436008415
"1163","Shigella","Reactive arthritis","All ages","GPSpecialist",9548.10156497134,3121.49791384762,22487.9792648586
"1164","Shigella","Reactive arthritis","All ages","ED",0,0,0
"1165","Shigella","Reactive arthritis","All ages","Medications",6402.76343167423,2000.10093483356,16454.3202346967
"1166","Shigella","Reactive arthritis","All ages","Tests",7235.31136257466,2335.97805467007,17439.4472893602
"1167","Shigella","Reactive arthritis","All ages","Hospitalisation",2200.3000450708,608.78498669295,6704.00186580766
"1168","Shigella","Reactive arthritis","All ages","Deaths",2618.5238103239,278.499438809939,15071.2910617591
"1169","Shigella","Reactive arthritis","All ages","WTP",124959.629070645,38196.1876956023,322739.735883785
"1170","Shigella","Reactive arthritis","All ages","WTPOngoing",36788.0409467655,8902.50345947796,109594.263912083
"1171","Shigella","Reactive arthritis","All ages","HumanCapital",373877.089804265,122601.564203459,879970.145398282
"1172","Shigella","Reactive arthritis","All ages","FrictionHigh",299101.671843412,98081.251362767,703976.116318626
"1173","Shigella","Reactive arthritis","All ages","FrictionLow",112163.12694128,36780.4692610376,263991.043619485
"1174","Shigella","Reactive arthritis","All ages","TotalHumanCapital",571028.560480081,186434.371873321,1355314.45532354
"1175","Shigella","Reactive arthritis","All ages","TotalFrictionHigh",496309.590065587,161451.68082976,1182144.23253681
"1176","Shigella","Reactive arthritis","All ages","TotalFrictionLow",307348.558455463,98576.6156954626,749704.739821948
"1177","Shigella","Irritable bowel syndrome","<5","GPSpecialist",5795.47331000667,1967.80864472493,13347.6640045607
"1178","Shigella","Irritable bowel syndrome","<5","ED",0,0,0
"1179","Shigella","Irritable bowel syndrome","<5","Medications",302.384227193559,102.815607462758,698.190792355192
"1180","Shigella","Irritable bowel syndrome","<5","Tests",3761.02225812146,1277.31535153377,8665.7143013666
"1181","Shigella","Irritable bowel syndrome","<5","Hospitalisation",23.9812185375133,6.18562620545782,86.1189987775697
"1182","Shigella","Irritable bowel syndrome","<5","Deaths",166.535518275503,1.3176768723072,2256.90840848717
"1183","Shigella","Irritable bowel syndrome","<5","WTP",19129.0026939795,6301.83791991459,46101.6758477131
"1184","Shigella","Irritable bowel syndrome","<5","WTPOngoing",27314.4100579344,7557.46154035135,80011.0480164168
"1185","Shigella","Irritable bowel syndrome","<5","HumanCapital",22849.9274493625,7764.52152657579,52647.3003938505
"1186","Shigella","Irritable bowel syndrome","<5","FrictionHigh",18279.94195949,6211.61722126063,42117.8403150804
"1187","Shigella","Irritable bowel syndrome","<5","FrictionLow",6854.97823480876,2329.35645797274,15794.1901181551
"1188","Shigella","Irritable bowel syndrome","<5","TotalHumanCapital",81204.5690277832,26784.7028409511,196025.012999399
"1189","Shigella","Irritable bowel syndrome","<5","TotalFrictionHigh",76558.124606579,25201.3386875314,185894.510006133
"1190","Shigella","Irritable bowel syndrome","<5","TotalFrictionLow",64857.1950181028,21052.7351823122,160928.85077471
"1191","Shigella","Irritable bowel syndrome","5-64","GPSpecialist",37045.4256026551,12566.0302908183,85377.4767138801
"1192","Shigella","Irritable bowel syndrome","5-64","ED",0,0,0
"1193","Shigella","Irritable bowel syndrome","5-64","Medications",1933.2944047262,655.604892074486,4457.2797257721
"1194","Shigella","Irritable bowel syndrome","5-64","Tests",28210.5329375786,9541.49020506663,65166.5126951571
"1195","Shigella","Irritable bowel syndrome","5-64","Hospitalisation",15350.2913530513,3922.12613669002,55758.8676640021
"1196","Shigella","Irritable bowel syndrome","5-64","Deaths",951.658923936633,98.4493905328588,5943.0943227079
"1197","Shigella","Irritable bowel syndrome","5-64","WTP",122213.072767092,40261.742266121,294538.484582612
"1198","Shigella","Irritable bowel syndrome","5-64","WTPOngoing",174889.748571569,48021.4276804902,512602.946338087
"1199","Shigella","Irritable bowel syndrome","5-64","HumanCapital",171155.586833348,58159.5386377612,394350.468467347
"1200","Shigella","Irritable bowel syndrome","5-64","FrictionHigh",136924.469466678,46527.6309102089,315480.374773878
"1201","Shigella","Irritable bowel syndrome","5-64","FrictionLow",51346.6760500043,17447.8615913284,118305.140540204
"1202","Shigella","Irritable bowel syndrome","5-64","TotalHumanCapital",565884.095766724,187799.144885689,1359990.22312654
"1203","Shigella","Irritable bowel syndrome","5-64","TotalFrictionHigh",531204.939788564,175584.807382313,1282887.64412014
"1204","Shigella","Irritable bowel syndrome","5-64","TotalFrictionLow",443602.833158272,144643.147876848,1093883.64464542
"1205","Shigella","Irritable bowel syndrome","65+","GPSpecialist",4392.54315844579,1491.6973615048,10141.4669870693
"1206","Shigella","Irritable bowel syndrome","65+","ED",0,0,0
"1207","Shigella","Irritable bowel syndrome","65+","Medications",229.345655055748,77.9489951954219,528.428066141984
"1208","Shigella","Irritable bowel syndrome","65+","Tests",3844.09577418079,1303.29418837068,8866.06006549834
"1209","Shigella","Irritable bowel syndrome","65+","Hospitalisation",1427.9623542314,360.582239512317,5222.91418073377
"1210","Shigella","Irritable bowel syndrome","65+","Deaths",2211.81884333176,476.860658050077,9425.25765948426
"1211","Shigella","Irritable bowel syndrome","65+","WTP",14506.1603762678,4778.89375593523,34960.4375178491
"1212","Shigella","Irritable bowel syndrome","65+","WTPOngoing",20787.3853865396,5694.84856145345,60754.0408179646
"1213","Shigella","Irritable bowel syndrome","65+","HumanCapital",8268.754483931,2809.76481569719,19051.5966478772
"1214","Shigella","Irritable bowel syndrome","65+","FrictionHigh",6615.0035871448,2247.81185255775,15241.2773183018
"1215","Shigella","Irritable bowel syndrome","65+","FrictionLow",2480.6263451793,842.929444709157,5715.47899436317
"1216","Shigella","Irritable bowel syndrome","65+","TotalHumanCapital",57620.7387279041,18793.371706108,140918.842711756
"1217","Shigella","Irritable bowel syndrome","65+","TotalFrictionHigh",55923.2721122214,18203.0434744977,137254.717275402
"1218","Shigella","Irritable bowel syndrome","65+","TotalFrictionLow",51694.2520111252,16713.178277215,128125.333136941
"1219","Shigella","Irritable bowel syndrome","All ages","GPSpecialist",47239.3546429801,16037.1554933595,108890.979681227
"1220","Shigella","Irritable bowel syndrome","All ages","ED",0,0,0
"1221","Shigella","Irritable bowel syndrome","All ages","Medications",2465.50790982398,836.102696876942,5676.73315207279
"1222","Shigella","Irritable bowel syndrome","All ages","Tests",35834.3966553375,12132.4377002742,82736.8362241362
"1223","Shigella","Irritable bowel syndrome","All ages","Hospitalisation",17164.3031778539,4534.81000847298,59608.3275346262
"1224","Shigella","Irritable bowel syndrome","All ages","Deaths",4065.21821217769,967.922571411544,14864.6867518432
"1225","Shigella","Irritable bowel syndrome","All ages","WTP",155848.235837339,51342.4739419708,375600.597948174
"1226","Shigella","Irritable bowel syndrome","All ages","WTPOngoing",226191.128246513,64790.5835767502,639162.577808712
"1227","Shigella","Irritable bowel syndrome","All ages","HumanCapital",202274.268766641,68733.8249800342,466049.365509075
"1228","Shigella","Irritable bowel syndrome","All ages","FrictionHigh",161819.415013313,54987.0599840273,372839.49240726
"1229","Shigella","Irritable bowel syndrome","All ages","FrictionLow",60682.2806299924,20620.1474940102,139814.809652722
"1230","Shigella","Irritable bowel syndrome","All ages","TotalHumanCapital",705955.13010798,234539.349123667,1692274.87869418
"1231","Shigella","Irritable bowel syndrome","All ages","TotalFrictionHigh",665021.599657571,220346.145822023,1600418.12693135
"1232","Shigella","Irritable bowel syndrome","All ages","TotalFrictionLow",561691.121544163,183935.447380999,1375074.67372339
"1233","Shigella","Initial and sequel disease","<5","GPSpecialist",10453.6753292787,3562.89276489859,23950.6127709813
"1234","Shigella","Initial and sequel disease","<5","ED",9130.39725583915,2734.73839732853,25335.0475612546
"1235","Shigella","Initial and sequel disease","<5","Medications",4650.68820514352,1549.28602801578,10979.2935847563
"1236","Shigella","Initial and sequel disease","<5","Tests",26660.651614885,23578.0108722335,32722.3818676016
"1237","Shigella","Initial and sequel disease","<5","Hospitalisation",17189.1056305103,6403.7292866809,33830.9815363204
"1238","Shigella","Initial and sequel disease","<5","Deaths",22711.1119780929,1089.81745878765,207570.478689192
"1239","Shigella","Initial and sequel disease","<5","WTP",89164.5888590478,31142.308893059,202644.663695049
"1240","Shigella","Initial and sequel disease","<5","WTPOngoing",32491.3360947852,9605.11009826277,90127.9990436426
"1241","Shigella","Initial and sequel disease","<5","HumanCapital",128887.113582019,47645.4510567934,293926.33338006
"1242","Shigella","Initial and sequel disease","<5","FrictionHigh",103109.690865615,38116.3608454347,235141.066704048
"1243","Shigella","Initial and sequel disease","<5","FrictionLow",38666.1340746056,14293.635317038,88177.9000140179
"1244","Shigella","Initial and sequel disease","<5","TotalHumanCapital",374450.389989857,166313.712035974,773563.204705537
"1245","Shigella","Initial and sequel disease","<5","TotalFrictionHigh",347853.764023206,155540.036286728,718996.621516265
"1246","Shigella","Initial and sequel disease","<5","TotalFrictionLow",280714.336175157,128283.00208046,584119.733588389
"1247","Shigella","Initial and sequel disease","5-64","GPSpecialist",66702.8334701319,22745.737791078,153176.596061335
"1248","Shigella","Initial and sequel disease","5-64","ED",58445.6430634572,17390.2586067935,161503.810364007
"1249","Shigella","Initial and sequel disease","5-64","Medications",36107.1374905498,12214.1542508275,83418.6767631812
"1250","Shigella","Initial and sequel disease","5-64","Tests",174519.2316506,152035.516875374,218855.025152179
"1251","Shigella","Initial and sequel disease","5-64","Hospitalisation",86351.4841656105,38599.4174508873,159354.272570834
"1252","Shigella","Initial and sequel disease","5-64","Deaths",119128.159279374,17480.207684402,508806.211423857
"1253","Shigella","Initial and sequel disease","5-64","WTP",565935.575821846,195211.516995992,1291072.7425436
"1254","Shigella","Initial and sequel disease","5-64","WTPOngoing",208312.063607711,61377.2333322522,578810.90090599
"1255","Shigella","Initial and sequel disease","5-64","HumanCapital",1055423.60300707,380411.745573335,2369755.72106509
"1256","Shigella","Initial and sequel disease","5-64","FrictionHigh",844338.882405658,304329.396458668,1895804.57685208
"1257","Shigella","Initial and sequel disease","5-64","FrictionLow",316627.080902122,114123.523672001,710926.716319528
"1258","Shigella","Initial and sequel disease","5-64","TotalHumanCapital",2454130.81559611,1076724.19347107,5075272.03051868
"1259","Shigella","Initial and sequel disease","5-64","TotalFrictionHigh",2242345.91716233,997968.108474583,4605005.87469192
"1260","Shigella","Initial and sequel disease","5-64","TotalFrictionLow",1712076.02272015,795922.59311918,3440614.41112213
"1261","Shigella","Initial and sequel disease","65+","GPSpecialist",7926.82944054776,2695.01699272963,18151.4815570412
"1262","Shigella","Initial and sequel disease","65+","ED",6937.1134391749,2070.16919821541,19160.7503258907
"1263","Shigella","Initial and sequel disease","65+","Medications",6724.48949260048,2239.52372446969,15916.6197935209
"1264","Shigella","Initial and sequel disease","65+","Tests",21209.4424831818,18213.9457867433,27087.2524846689
"1265","Shigella","Initial and sequel disease","65+","Hospitalisation",56738.9131400875,21723.9543746294,111658.59786509
"1266","Shigella","Initial and sequel disease","65+","Deaths",237882.317118906,50507.6793647433,819073.411665412
"1267","Shigella","Initial and sequel disease","65+","WTP",67847.3214436804,23876.0255169338,153988.960458372
"1268","Shigella","Initial and sequel disease","65+","WTPOngoing",24672.6201974708,7270.66929109852,68607.8389916921
"1269","Shigella","Initial and sequel disease","65+","HumanCapital",64501.4711086122,21866.1408110424,233312.726741405
"1270","Shigella","Initial and sequel disease","65+","FrictionHigh",51601.1768868898,17492.9126488339,186650.181393124
"1271","Shigella","Initial and sequel disease","65+","FrictionLow",19350.4413325837,6559.84224331273,69993.8180224216
"1272","Shigella","Initial and sequel disease","65+","TotalHumanCapital",546837.970652754,262879.400908673,1183120.92276065
"1273","Shigella","Initial and sequel disease","65+","TotalFrictionHigh",529976.941710649,255379.020403552,1151011.29778524
"1274","Shigella","Initial and sequel disease","65+","TotalFrictionLow",486318.779869372,234557.866121625,1081839.89109129
"1275","Shigella","Initial and sequel disease","All ages","GPSpecialist",85170.1034393073,29104.088955456,194903.789671346
"1276","Shigella","Initial and sequel disease","All ages","ED",76345.3932056482,24114.7167810977,197857.105183916
"1277","Shigella","Initial and sequel disease","All ages","Medications",47739.5879548316,16240.5011096089,109377.266952172
"1278","Shigella","Initial and sequel disease","All ages","Tests",222416.734157565,193841.281693569,278554.964088333
"1279","Shigella","Initial and sequel disease","All ages","Hospitalisation",165356.240521903,98689.9453387949,254433.238415792
"1280","Shigella","Initial and sequel disease","All ages","Deaths",465917.225060696,159555.365287103,1158784.69131784
"1281","Shigella","Initial and sequel disease","All ages","WTP",723168.591704285,250229.123208968,1648031.82712333
"1282","Shigella","Initial and sequel disease","All ages","WTPOngoing",268432.091654678,81290.4063084317,724041.631744064
"1283","Shigella","Initial and sequel disease","All ages","HumanCapital",1264984.30430241,459331.907863528,2839358.29777428
"1284","Shigella","Initial and sequel disease","All ages","FrictionHigh",1011987.44344193,367465.526290823,2271486.63821942
"1285","Shigella","Initial and sequel disease","All ages","FrictionLow",379495.291290723,137799.572359058,851807.489332283
"1286","Shigella","Initial and sequel disease","All ages","TotalHumanCapital",3422567.45624324,1679486.25829465,6692704.62950347
"1287","Shigella","Initial and sequel disease","All ages","TotalFrictionHigh",3169981.15907791,1579938.80969071,6126851.52328312
"1288","Shigella","Initial and sequel disease","All ages","TotalFrictionLow",2536598.86394007,1325114.12397989,4736866.82743367
"1289","Toxoplasma gondii","Toxoplasmosis","<5","GPSpecialist",22622.8974836601,8326.71444972021,47955.7923771999
"1290","Toxoplasma gondii","Toxoplasmosis","<5","ED",0,0,0
"1291","Toxoplasma gondii","Toxoplasmosis","<5","Medications",11345.448130271,4162.33121175988,24073.5074589988
"1292","Toxoplasma gondii","Toxoplasmosis","<5","Tests",11145.2033420916,4088.866935844,23648.6150839677
"1293","Toxoplasma gondii","Toxoplasmosis","<5","Hospitalisation",22979.7067963668,8765.70207066925,43787.3725761861
"1294","Toxoplasma gondii","Toxoplasmosis","<5","Deaths",63015.504959032,530.694429553613,636071.368830543
"1295","Toxoplasma gondii","Toxoplasmosis","<5","WTP",96210.5867035941,29646.6245931862,231488.50168807
"1296","Toxoplasma gondii","Toxoplasmosis","<5","WTPOngoing",0,0,0
"1297","Toxoplasma gondii","Toxoplasmosis","<5","HumanCapital",363279.399926411,127171.101955607,850334.832516701
"1298","Toxoplasma gondii","Toxoplasmosis","<5","FrictionHigh",290623.519941129,101736.881564486,680267.866013361
"1299","Toxoplasma gondii","Toxoplasmosis","<5","FrictionLow",108983.819977923,38151.3305866821,255100.44975501
"1300","Toxoplasma gondii","Toxoplasmosis","<5","TotalHumanCapital",676400.159060076,272999.413775557,1476131.28867051
"1301","Toxoplasma gondii","Toxoplasmosis","<5","TotalFrictionHigh",598565.709695418,242147.702985819,1327831.15040138
"1302","Toxoplasma gondii","Toxoplasmosis","<5","TotalFrictionLow",396421.515214552,161028.230725987,991232.875343712
"1303","Toxoplasma gondii","Toxoplasmosis","5-64","GPSpecialist",174821.140531559,68158.1976833947,343762.972054905
"1304","Toxoplasma gondii","Toxoplasmosis","5-64","ED",0,0,0
"1305","Toxoplasma gondii","Toxoplasmosis","5-64","Medications",85856.0097086292,32340.7787295905,170692.035554094
"1306","Toxoplasma gondii","Toxoplasmosis","5-64","Tests",84340.669082095,31769.9707445815,167679.356803023
"1307","Toxoplasma gondii","Toxoplasmosis","5-64","Hospitalisation",2112708.43871716,812734.552832436,4013577.17732847
"1308","Toxoplasma gondii","Toxoplasmosis","5-64","Deaths",992439.864835115,248223.442517038,2958370.14121189
"1309","Toxoplasma gondii","Toxoplasmosis","5-64","WTP",760477.062554781,263577.491372581,1688906.72026888
"1310","Toxoplasma gondii","Toxoplasmosis","5-64","WTPOngoing",0,0,0
"1311","Toxoplasma gondii","Toxoplasmosis","5-64","HumanCapital",4257240.53367057,1702495.64617987,7920034.27460595
"1312","Toxoplasma gondii","Toxoplasmosis","5-64","FrictionHigh",3405792.42693646,1361996.51694389,6336027.41968476
"1313","Toxoplasma gondii","Toxoplasmosis","5-64","FrictionLow",1277172.16010117,510748.69385396,2376010.28238179
"1314","Toxoplasma gondii","Toxoplasmosis","5-64","TotalHumanCapital",8884990.89415492,4968967.66600772,13991535.3518089
"1315","Toxoplasma gondii","Toxoplasmosis","5-64","TotalFrictionHigh",8021037.54356075,4554568.40841317,12516481.1594267
"1316","Toxoplasma gondii","Toxoplasmosis","5-64","TotalFrictionLow",5847685.02993093,3400796.94768543,9057383.49838216
"1317","Toxoplasma gondii","Toxoplasmosis","65+","GPSpecialist",15810.4719603198,6196.77490951196,31424.2791893942
"1318","Toxoplasma gondii","Toxoplasmosis","65+","ED",0,0,0
"1319","Toxoplasma gondii","Toxoplasmosis","65+","Medications",7706.81208394512,2881.99344829772,15552.7603853982
"1320","Toxoplasma gondii","Toxoplasmosis","65+","Tests",7570.78846146955,2831.12686630268,15278.257415289
"1321","Toxoplasma gondii","Toxoplasmosis","65+","Hospitalisation",252724.070456622,96782.5107667946,480942.228548637
"1322","Toxoplasma gondii","Toxoplasmosis","65+","Deaths",398616.740261634,50856.5572188218,1681115.84613073
"1323","Toxoplasma gondii","Toxoplasmosis","65+","WTP",69281.7328558278,24617.4783386857,154585.41520219
"1324","Toxoplasma gondii","Toxoplasmosis","65+","WTPOngoing",0,0,0
"1325","Toxoplasma gondii","Toxoplasmosis","65+","HumanCapital",196137.126329142,46338.8864874333,1058235.65840314
"1326","Toxoplasma gondii","Toxoplasmosis","65+","FrictionHigh",156909.701063314,37071.1091899466,846588.526722511
"1327","Toxoplasma gondii","Toxoplasmosis","65+","FrictionLow",58841.1378987427,13901.66594623,317470.697520942
"1328","Toxoplasma gondii","Toxoplasmosis","65+","TotalHumanCapital",1092690.04423312,503648.225204735,2695118.08775514
"1329","Toxoplasma gondii","Toxoplasmosis","65+","TotalFrictionHigh",1039921.62183857,481795.347920023,2541078.69401372
"1330","Toxoplasma gondii","Toxoplasmosis","65+","TotalFrictionLow",891873.056192808,415486.147446307,2213309.99511073
"1331","Toxoplasma gondii","Toxoplasmosis","All ages","GPSpecialist",215665.057190931,85106.9426475289,412721.227984811
"1332","Toxoplasma gondii","Toxoplasmosis","All ages","ED",0,0,0
"1333","Toxoplasma gondii","Toxoplasmosis","All ages","Medications",106086.240702986,40587.1673797927,205154.355063374
"1334","Toxoplasma gondii","Toxoplasmosis","All ages","Tests",104213.840727736,39870.812358691,201533.423575957
"1335","Toxoplasma gondii","Toxoplasmosis","All ages","Hospitalisation",2405811.34647407,1089215.36149809,4314520.22961681
"1336","Toxoplasma gondii","Toxoplasmosis","All ages","Deaths",1723565.93405532,621430.874853039,4023846.03859906
"1337","Toxoplasma gondii","Toxoplasmosis","All ages","WTP",928480.79064579,319752.706631057,2064947.24459024
"1338","Toxoplasma gondii","Toxoplasmosis","All ages","WTPOngoing",0,0,0
"1339","Toxoplasma gondii","Toxoplasmosis","All ages","HumanCapital",4955066.9227581,1972996.71092828,9290451.33709246
"1340","Toxoplasma gondii","Toxoplasmosis","All ages","FrictionHigh",3964053.53820648,1578397.36874262,7432361.06967397
"1341","Toxoplasma gondii","Toxoplasmosis","All ages","FrictionLow",1486520.07682743,591899.013278483,2787135.40112774
"1342","Toxoplasma gondii","Toxoplasmosis","All ages","TotalHumanCapital",10859554.4618668,6325391.10515637,16868688.3115001
"1343","Toxoplasma gondii","Toxoplasmosis","All ages","TotalFrictionHigh",9862390.97045894,5837832.06301939,15135155.4222806
"1344","Toxoplasma gondii","Toxoplasmosis","All ages","TotalFrictionLow",7337824.69329299,4512285.38302277,11009707.9622365
"1345","Toxoplasma gondii","Initial and sequel disease","<5","GPSpecialist",22622.8974836601,8326.71444972021,47955.7923771999
"1346","Toxoplasma gondii","Initial and sequel disease","<5","ED",0,0,0
"1347","Toxoplasma gondii","Initial and sequel disease","<5","Medications",11345.448130271,4162.33121175988,24073.5074589988
"1348","Toxoplasma gondii","Initial and sequel disease","<5","Tests",11145.2033420916,4088.866935844,23648.6150839677
"1349","Toxoplasma gondii","Initial and sequel disease","<5","Hospitalisation",22979.7067963668,8765.70207066925,43787.3725761861
"1350","Toxoplasma gondii","Initial and sequel disease","<5","Deaths",63015.504959032,530.694429553613,636071.368830543
"1351","Toxoplasma gondii","Initial and sequel disease","<5","WTP",96210.5867035941,29646.6245931862,231488.50168807
"1352","Toxoplasma gondii","Initial and sequel disease","<5","WTPOngoing",0,0,0
"1353","Toxoplasma gondii","Initial and sequel disease","<5","HumanCapital",363279.399926411,127171.101955607,850334.832516701
"1354","Toxoplasma gondii","Initial and sequel disease","<5","FrictionHigh",290623.519941129,101736.881564486,680267.866013361
"1355","Toxoplasma gondii","Initial and sequel disease","<5","FrictionLow",108983.819977923,38151.3305866821,255100.44975501
"1356","Toxoplasma gondii","Initial and sequel disease","<5","TotalHumanCapital",676400.159060076,272999.413775557,1476131.28867051
"1357","Toxoplasma gondii","Initial and sequel disease","<5","TotalFrictionHigh",598565.709695418,242147.702985819,1327831.15040138
"1358","Toxoplasma gondii","Initial and sequel disease","<5","TotalFrictionLow",396421.515214552,161028.230725987,991232.875343712
"1359","Toxoplasma gondii","Initial and sequel disease","5-64","GPSpecialist",174821.140531559,68158.1976833947,343762.972054905
"1360","Toxoplasma gondii","Initial and sequel disease","5-64","ED",0,0,0
"1361","Toxoplasma gondii","Initial and sequel disease","5-64","Medications",85856.0097086292,32340.7787295905,170692.035554094
"1362","Toxoplasma gondii","Initial and sequel disease","5-64","Tests",84340.669082095,31769.9707445815,167679.356803023
"1363","Toxoplasma gondii","Initial and sequel disease","5-64","Hospitalisation",2112708.43871716,812734.552832436,4013577.17732847
"1364","Toxoplasma gondii","Initial and sequel disease","5-64","Deaths",992439.864835115,248223.442517038,2958370.14121189
"1365","Toxoplasma gondii","Initial and sequel disease","5-64","WTP",760477.062554781,263577.491372581,1688906.72026888
"1366","Toxoplasma gondii","Initial and sequel disease","5-64","WTPOngoing",0,0,0
"1367","Toxoplasma gondii","Initial and sequel disease","5-64","HumanCapital",4257240.53367057,1702495.64617987,7920034.27460595
"1368","Toxoplasma gondii","Initial and sequel disease","5-64","FrictionHigh",3405792.42693646,1361996.51694389,6336027.41968476
"1369","Toxoplasma gondii","Initial and sequel disease","5-64","FrictionLow",1277172.16010117,510748.69385396,2376010.28238179
"1370","Toxoplasma gondii","Initial and sequel disease","5-64","TotalHumanCapital",8884990.89415492,4968967.66600772,13991535.3518089
"1371","Toxoplasma gondii","Initial and sequel disease","5-64","TotalFrictionHigh",8021037.54356075,4554568.40841317,12516481.1594267
"1372","Toxoplasma gondii","Initial and sequel disease","5-64","TotalFrictionLow",5847685.02993093,3400796.94768543,9057383.49838216
"1373","Toxoplasma gondii","Initial and sequel disease","65+","GPSpecialist",15810.4719603198,6196.77490951196,31424.2791893942
"1374","Toxoplasma gondii","Initial and sequel disease","65+","ED",0,0,0
"1375","Toxoplasma gondii","Initial and sequel disease","65+","Medications",7706.81208394512,2881.99344829772,15552.7603853982
"1376","Toxoplasma gondii","Initial and sequel disease","65+","Tests",7570.78846146955,2831.12686630268,15278.257415289
"1377","Toxoplasma gondii","Initial and sequel disease","65+","Hospitalisation",252724.070456622,96782.5107667946,480942.228548637
"1378","Toxoplasma gondii","Initial and sequel disease","65+","Deaths",398616.740261634,50856.5572188218,1681115.84613073
"1379","Toxoplasma gondii","Initial and sequel disease","65+","WTP",69281.7328558278,24617.4783386857,154585.41520219
"1380","Toxoplasma gondii","Initial and sequel disease","65+","WTPOngoing",0,0,0
"1381","Toxoplasma gondii","Initial and sequel disease","65+","HumanCapital",196137.126329142,46338.8864874333,1058235.65840314
"1382","Toxoplasma gondii","Initial and sequel disease","65+","FrictionHigh",156909.701063314,37071.1091899466,846588.526722511
"1383","Toxoplasma gondii","Initial and sequel disease","65+","FrictionLow",58841.1378987427,13901.66594623,317470.697520942
"1384","Toxoplasma gondii","Initial and sequel disease","65+","TotalHumanCapital",1092690.04423312,503648.225204735,2695118.08775514
"1385","Toxoplasma gondii","Initial and sequel disease","65+","TotalFrictionHigh",1039921.62183857,481795.347920023,2541078.69401372
"1386","Toxoplasma gondii","Initial and sequel disease","65+","TotalFrictionLow",891873.056192808,415486.147446307,2213309.99511073
"1387","Toxoplasma gondii","Initial and sequel disease","All ages","GPSpecialist",215665.057190931,85106.9426475289,412721.227984811
"1388","Toxoplasma gondii","Initial and sequel disease","All ages","ED",0,0,0
"1389","Toxoplasma gondii","Initial and sequel disease","All ages","Medications",106086.240702986,40587.1673797927,205154.355063374
"1390","Toxoplasma gondii","Initial and sequel disease","All ages","Tests",104213.840727736,39870.812358691,201533.423575957
"1391","Toxoplasma gondii","Initial and sequel disease","All ages","Hospitalisation",2405811.34647407,1089215.36149809,4314520.22961681
"1392","Toxoplasma gondii","Initial and sequel disease","All ages","Deaths",1723565.93405532,621430.874853039,4023846.03859906
"1393","Toxoplasma gondii","Initial and sequel disease","All ages","WTP",928480.79064579,319752.706631057,2064947.24459024
"1394","Toxoplasma gondii","Initial and sequel disease","All ages","WTPOngoing",0,0,0
"1395","Toxoplasma gondii","Initial and sequel disease","All ages","HumanCapital",4955066.9227581,1972996.71092828,9290451.33709246
"1396","Toxoplasma gondii","Initial and sequel disease","All ages","FrictionHigh",3964053.53820648,1578397.36874262,7432361.06967397
"1397","Toxoplasma gondii","Initial and sequel disease","All ages","FrictionLow",1486520.07682743,591899.013278483,2787135.40112774
"1398","Toxoplasma gondii","Initial and sequel disease","All ages","TotalHumanCapital",10859554.4618668,6325391.10515637,16868688.3115001
"1399","Toxoplasma gondii","Initial and sequel disease","All ages","TotalFrictionHigh",9862390.97045894,5837832.06301939,15135155.4222806
"1400","Toxoplasma gondii","Initial and sequel disease","All ages","TotalFrictionLow",7337824.69329299,4512285.38302277,11009707.9622365
"1401","Listeria monocytogenes","Listeriosis","<5","GPSpecialist",1440.0353052572,703.530636755504,2317.02360487702
"1402","Listeria monocytogenes","Listeriosis","<5","ED",2008.6710323256,1003.34927022685,3019.69321927073
"1403","Listeria monocytogenes","Listeriosis","<5","Medications",117.096371030999,58.4906918701068,176.034358993136
"1404","Listeria monocytogenes","Listeriosis","<5","Tests",123.029719190543,61.4544527100228,184.954132772222
"1405","Listeria monocytogenes","Listeriosis","<5","Hospitalisation",322725.979415709,161204.533106201,485163.292565546
"1406","Listeria monocytogenes","Listeriosis","<5","Deaths",13824151.2768023,7627046.11288344,23382893.5764746
"1407","Listeria monocytogenes","Listeriosis","<5","WTP",5730.19248524168,2775.38445834409,9364.23773810023
"1408","Listeria monocytogenes","Listeriosis","<5","WTPOngoing",0,0,0
"1409","Listeria monocytogenes","Listeriosis","<5","HumanCapital",16471.0240829505,8213.1312989165,24811.0641397354
"1410","Listeria monocytogenes","Listeriosis","<5","FrictionHigh",13176.8192663604,6570.5050391332,19848.8513117883
"1411","Listeria monocytogenes","Listeriosis","<5","FrictionLow",4941.30722488514,2463.93938967495,7443.31924192063
"1412","Listeria monocytogenes","Listeriosis","<5","TotalHumanCapital",14179264.1909744,7972498.4693993,23732529.9489717
"1413","Listeria monocytogenes","Listeriosis","<5","TotalFrictionHigh",14175877.2920162,7969655.30211382,23729139.4998206
"1414","Listeria monocytogenes","Listeriosis","<5","TotalFrictionLow",14168445.10143,7962419.02323759,23720847.6887018
"1415","Listeria monocytogenes","Listeriosis","5-64","GPSpecialist",10094.7061699112,4888.29852663785,16245.4004783965
"1416","Listeria monocytogenes","Listeriosis","5-64","ED",14060.6972262792,7023.44489158798,21137.8525348951
"1417","Listeria monocytogenes","Listeriosis","5-64","Medications",819.674597216994,409.434843090748,1232.24051295195
"1418","Listeria monocytogenes","Listeriosis","5-64","Tests",861.208034333802,430.181168970159,1294.67892940555
"1419","Listeria monocytogenes","Listeriosis","5-64","Hospitalisation",2259081.85590996,1128431.7317434,3396143.04795882
"1420","Listeria monocytogenes","Listeriosis","5-64","Deaths",3687923.24727176,1207125.55908471,8681035.25920594
"1421","Listeria monocytogenes","Listeriosis","5-64","WTP",40111.3473966918,19427.6912084086,65549.6641667016
"1422","Listeria monocytogenes","Listeriosis","5-64","WTPOngoing",0,0,0
"1423","Listeria monocytogenes","Listeriosis","5-64","HumanCapital",153178.788099031,76501.3275878482,230392.265965094
"1424","Listeria monocytogenes","Listeriosis","5-64","FrictionHigh",122543.030479225,61201.0620702785,184313.812772075
"1425","Listeria monocytogenes","Listeriosis","5-64","FrictionLow",45953.6364297094,22950.3982763544,69117.6797895282
"1426","Listeria monocytogenes","Listeriosis","5-64","TotalHumanCapital",6227486.59826691,3367508.83598209,11337071.915225
"1427","Listeria monocytogenes","Listeriosis","5-64","TotalFrictionHigh",6195771.34676408,3343805.50406573,11303329.8781418
"1428","Listeria monocytogenes","Listeriosis","5-64","TotalFrictionLow",6116178.15573974,3285954.57395228,11222384.3870083
"1429","Listeria monocytogenes","Listeriosis","65+","GPSpecialist",18249.2390255882,8898.74302427677,29322.3015335202
"1430","Listeria monocytogenes","Listeriosis","65+","ED",25443.1664094576,12709.0907562068,38249.4474440959
"1431","Listeria monocytogenes","Listeriosis","65+","Medications",1483.22069972599,740.882097021352,2229.76854724639
"1432","Listeria monocytogenes","Listeriosis","65+","Tests",1558.37644308021,778.423067660288,2342.75234844814
"1433","Listeria monocytogenes","Listeriosis","65+","Hospitalisation",4087862.40593231,2041924.08601188,6145401.70583025
"1434","Listeria monocytogenes","Listeriosis","65+","Deaths",28460591.9907066,17167172.7480701,44399899.8015757
"1435","Listeria monocytogenes","Listeriosis","65+","WTP",72582.4381463946,35154.8698056918,118613.678015936
"1436","Listeria monocytogenes","Listeriosis","65+","WTPOngoing",0,0,0
"1437","Listeria monocytogenes","Listeriosis","65+","HumanCapital",147644.938175249,72679.2109874295,237924.708130676
"1438","Listeria monocytogenes","Listeriosis","65+","FrictionHigh",118115.9505402,58143.3687899436,190339.766504541
"1439","Listeria monocytogenes","Listeriosis","65+","FrictionLow",44293.4814525748,21803.7632962289,71377.4124392028
"1440","Listeria monocytogenes","Listeriosis","65+","TotalHumanCapital",32882073.7225014,21303229.5063904,48895610.4186342
"1441","Listeria monocytogenes","Listeriosis","65+","TotalFrictionHigh",32852410.6889206,21277817.5296706,48860618.7033186
"1442","Listeria monocytogenes","Listeriosis","65+","TotalFrictionLow",32773591.1913706,21212147.7039906,48776909.705668
"1443","Listeria monocytogenes","Listeriosis","All ages","GPSpecialist",30029.9374879952,14813.219511305,46709.9381288651
"1444","Listeria monocytogenes","Listeriosis","All ages","ED",41512.5346680624,20735.8849180216,62406.9931982617
"1445","Listeria monocytogenes","Listeriosis","All ages","Medications",2419.99166797398,1208.80763198221,3638.04341919148
"1446","Listeria monocytogenes","Listeriosis","All ages","Tests",2542.61419660456,1270.05868934047,3822.38541062592
"1447","Listeria monocytogenes","Listeriosis","All ages","Hospitalisation",6669670.24125799,3331560.35086148,10026708.0463546
"1448","Listeria monocytogenes","Listeriosis","All ages","Deaths",47185026.0825744,33006405.1556685,65468741.048196
"1449","Listeria monocytogenes","Listeriosis","All ages","WTP",118423.978028328,57357.9454724445,193527.579920738
"1450","Listeria monocytogenes","Listeriosis","All ages","WTPOngoing",0,0,0
"1451","Listeria monocytogenes","Listeriosis","All ages","HumanCapital",318965.851237983,158725.161666516,488569.451374329
"1452","Listeria monocytogenes","Listeriosis","All ages","FrictionHigh",255172.680990387,126980.129333213,390855.561099464
"1453","Listeria monocytogenes","Listeriosis","All ages","FrictionLow",95689.755371395,47617.5484999548,146570.835412299
"1454","Listeria monocytogenes","Listeriosis","All ages","TotalHumanCapital",54363136.9369798,39683175.9159793,72993438.6825819
"1455","Listeria monocytogenes","Listeriosis","All ages","TotalFrictionHigh",54301296.5896593,39624484.4667591,72919397.8129666
"1456","Listeria monocytogenes","Listeriosis","All ages","TotalFrictionLow",54144039.3815246,39482232.2677606,72742199.3934356
"1457","Listeria monocytogenes","Initial and sequel disease","<5","GPSpecialist",1440.0353052572,703.530636755504,2317.02360487702
"1458","Listeria monocytogenes","Initial and sequel disease","<5","ED",2008.6710323256,1003.34927022685,3019.69321927073
"1459","Listeria monocytogenes","Initial and sequel disease","<5","Medications",117.096371030999,58.4906918701068,176.034358993136
"1460","Listeria monocytogenes","Initial and sequel disease","<5","Tests",123.029719190543,61.4544527100228,184.954132772222
"1461","Listeria monocytogenes","Initial and sequel disease","<5","Hospitalisation",322725.979415709,161204.533106201,485163.292565546
"1462","Listeria monocytogenes","Initial and sequel disease","<5","Deaths",13824151.2768023,7627046.11288344,23382893.5764746
"1463","Listeria monocytogenes","Initial and sequel disease","<5","WTP",5730.19248524168,2775.38445834409,9364.23773810023
"1464","Listeria monocytogenes","Initial and sequel disease","<5","WTPOngoing",0,0,0
"1465","Listeria monocytogenes","Initial and sequel disease","<5","HumanCapital",16471.0240829505,8213.1312989165,24811.0641397354
"1466","Listeria monocytogenes","Initial and sequel disease","<5","FrictionHigh",13176.8192663604,6570.5050391332,19848.8513117883
"1467","Listeria monocytogenes","Initial and sequel disease","<5","FrictionLow",4941.30722488514,2463.93938967495,7443.31924192063
"1468","Listeria monocytogenes","Initial and sequel disease","<5","TotalHumanCapital",14179264.1909744,7972498.4693993,23732529.9489717
"1469","Listeria monocytogenes","Initial and sequel disease","<5","TotalFrictionHigh",14175877.2920162,7969655.30211382,23729139.4998206
"1470","Listeria monocytogenes","Initial and sequel disease","<5","TotalFrictionLow",14168445.10143,7962419.02323759,23720847.6887018
"1471","Listeria monocytogenes","Initial and sequel disease","5-64","GPSpecialist",10094.7061699112,4888.29852663785,16245.4004783965
"1472","Listeria monocytogenes","Initial and sequel disease","5-64","ED",14060.6972262792,7023.44489158798,21137.8525348951
"1473","Listeria monocytogenes","Initial and sequel disease","5-64","Medications",819.674597216994,409.434843090748,1232.24051295195
"1474","Listeria monocytogenes","Initial and sequel disease","5-64","Tests",861.208034333802,430.181168970159,1294.67892940555
"1475","Listeria monocytogenes","Initial and sequel disease","5-64","Hospitalisation",2259081.85590996,1128431.7317434,3396143.04795882
"1476","Listeria monocytogenes","Initial and sequel disease","5-64","Deaths",3687923.24727176,1207125.55908471,8681035.25920594
"1477","Listeria monocytogenes","Initial and sequel disease","5-64","WTP",40111.3473966918,19427.6912084086,65549.6641667016
"1478","Listeria monocytogenes","Initial and sequel disease","5-64","WTPOngoing",0,0,0
"1479","Listeria monocytogenes","Initial and sequel disease","5-64","HumanCapital",153178.788099031,76501.3275878482,230392.265965094
"1480","Listeria monocytogenes","Initial and sequel disease","5-64","FrictionHigh",122543.030479225,61201.0620702785,184313.812772075
"1481","Listeria monocytogenes","Initial and sequel disease","5-64","FrictionLow",45953.6364297094,22950.3982763544,69117.6797895282
"1482","Listeria monocytogenes","Initial and sequel disease","5-64","TotalHumanCapital",6227486.59826691,3367508.83598209,11337071.915225
"1483","Listeria monocytogenes","Initial and sequel disease","5-64","TotalFrictionHigh",6195771.34676408,3343805.50406573,11303329.8781418
"1484","Listeria monocytogenes","Initial and sequel disease","5-64","TotalFrictionLow",6116178.15573974,3285954.57395228,11222384.3870083
"1485","Listeria monocytogenes","Initial and sequel disease","65+","GPSpecialist",18249.2390255882,8898.74302427677,29322.3015335202
"1486","Listeria monocytogenes","Initial and sequel disease","65+","ED",25443.1664094576,12709.0907562068,38249.4474440959
"1487","Listeria monocytogenes","Initial and sequel disease","65+","Medications",1483.22069972599,740.882097021352,2229.76854724639
"1488","Listeria monocytogenes","Initial and sequel disease","65+","Tests",1558.37644308021,778.423067660288,2342.75234844814
"1489","Listeria monocytogenes","Initial and sequel disease","65+","Hospitalisation",4087862.40593231,2041924.08601188,6145401.70583025
"1490","Listeria monocytogenes","Initial and sequel disease","65+","Deaths",28460591.9907066,17167172.7480701,44399899.8015757
"1491","Listeria monocytogenes","Initial and sequel disease","65+","WTP",72582.4381463946,35154.8698056918,118613.678015936
"1492","Listeria monocytogenes","Initial and sequel disease","65+","WTPOngoing",0,0,0
"1493","Listeria monocytogenes","Initial and sequel disease","65+","HumanCapital",147644.938175249,72679.2109874295,237924.708130676
"1494","Listeria monocytogenes","Initial and sequel disease","65+","FrictionHigh",118115.9505402,58143.3687899436,190339.766504541
"1495","Listeria monocytogenes","Initial and sequel disease","65+","FrictionLow",44293.4814525748,21803.7632962289,71377.4124392028
"1496","Listeria monocytogenes","Initial and sequel disease","65+","TotalHumanCapital",32882073.7225014,21303229.5063904,48895610.4186342
"1497","Listeria monocytogenes","Initial and sequel disease","65+","TotalFrictionHigh",32852410.6889206,21277817.5296706,48860618.7033186
"1498","Listeria monocytogenes","Initial and sequel disease","65+","TotalFrictionLow",32773591.1913706,21212147.7039906,48776909.705668
"1499","Listeria monocytogenes","Initial and sequel disease","All ages","GPSpecialist",30029.9374879952,14813.219511305,46709.9381288651
"1500","Listeria monocytogenes","Initial and sequel disease","All ages","ED",41512.5346680624,20735.8849180216,62406.9931982617
"1501","Listeria monocytogenes","Initial and sequel disease","All ages","Medications",2419.99166797398,1208.80763198221,3638.04341919148
"1502","Listeria monocytogenes","Initial and sequel disease","All ages","Tests",2542.61419660456,1270.05868934047,3822.38541062592
"1503","Listeria monocytogenes","Initial and sequel disease","All ages","Hospitalisation",6669670.24125799,3331560.35086148,10026708.0463546
"1504","Listeria monocytogenes","Initial and sequel disease","All ages","Deaths",47185026.0825744,33006405.1556685,65468741.048196
"1505","Listeria monocytogenes","Initial and sequel disease","All ages","WTP",118423.978028328,57357.9454724445,193527.579920738
"1506","Listeria monocytogenes","Initial and sequel disease","All ages","WTPOngoing",0,0,0
"1507","Listeria monocytogenes","Initial and sequel disease","All ages","HumanCapital",318965.851237983,158725.161666516,488569.451374329
"1508","Listeria monocytogenes","Initial and sequel disease","All ages","FrictionHigh",255172.680990387,126980.129333213,390855.561099464
"1509","Listeria monocytogenes","Initial and sequel disease","All ages","FrictionLow",95689.755371395,47617.5484999548,146570.835412299
"1510","Listeria monocytogenes","Initial and sequel disease","All ages","TotalHumanCapital",54363136.9369798,39683175.9159793,72993438.6825819
"1511","Listeria monocytogenes","Initial and sequel disease","All ages","TotalFrictionHigh",54301296.5896593,39624484.4667591,72919397.8129666
"1512","Listeria monocytogenes","Initial and sequel disease","All ages","TotalFrictionLow",54144039.3815246,39482232.2677606,72742199.3934356
"1513","Salmonella Typhi","Typhoid Fever","<5","GPSpecialist",383.310041811678,124.774613311109,917.022823682352
"1514","Salmonella Typhi","Typhoid Fever","<5","ED",1077.16729330194,366.551662822014,2425.81188781143
"1515","Salmonella Typhi","Typhoid Fever","<5","Medications",0,0,0
"1516","Salmonella Typhi","Typhoid Fever","<5","Tests",0,0,0
"1517","Salmonella Typhi","Typhoid Fever","<5","Hospitalisation",35285.2917792764,12007.3107077047,79463.4972629736
"1518","Salmonella Typhi","Typhoid Fever","<5","Deaths",17115.5364451513,150.859553564427,179754.131825647
"1519","Salmonella Typhi","Typhoid Fever","<5","WTP",3249.79972251858,1090.66102181354,7487.15983615659
"1520","Salmonella Typhi","Typhoid Fever","<5","WTPOngoing",0,0,0
"1521","Salmonella Typhi","Typhoid Fever","<5","HumanCapital",4623.31297480262,1568.11780084981,10478.4829373257
"1522","Salmonella Typhi","Typhoid Fever","<5","FrictionHigh",3698.65037984209,1254.49424067985,8382.78634986058
"1523","Salmonella Typhi","Typhoid Fever","<5","FrictionLow",1386.99389244079,470.435340254944,3143.54488119772
"1524","Salmonella Typhi","Typhoid Fever","<5","TotalHumanCapital",73034.4747444378,24237.4959696438,234400.05387341
"1525","Salmonella Typhi","Typhoid Fever","<5","TotalFrictionHigh",71972.7532496689,23807.6475467387,233160.442142031
"1526","Salmonella Typhi","Typhoid Fever","<5","TotalFrictionLow",69246.8960632486,22734.7055173032,229978.629854274
"1527","Salmonella Typhi","Typhoid Fever","5-64","GPSpecialist",3563.23249938173,1160.35230025904,8576.50603669986
"1528","Salmonella Typhi","Typhoid Fever","5-64","ED",10037.2406875863,3415.59503993241,22604.1562273338
"1529","Salmonella Typhi","Typhoid Fever","5-64","Medications",0,0,0
"1530","Salmonella Typhi","Typhoid Fever","5-64","Tests",0,0,0
"1531","Salmonella Typhi","Typhoid Fever","5-64","Hospitalisation",328794.764306894,111886.304321794,740455.315404981
"1532","Salmonella Typhi","Typhoid Fever","5-64","Deaths",18477.2622853049,146.120721650286,196176.990609485
"1533","Salmonella Typhi","Typhoid Fever","5-64","WTP",30282.224687105,10162.9777032625,69766.7166550955
"1534","Salmonella Typhi","Typhoid Fever","5-64","WTPOngoing",0,0,0
"1535","Salmonella Typhi","Typhoid Fever","5-64","HumanCapital",52634.8829311042,17900.7959198132,118517.119607424
"1536","Salmonella Typhi","Typhoid Fever","5-64","FrictionHigh",42107.9063448834,14320.6367358506,94813.6956859392
"1537","Salmonella Typhi","Typhoid Fever","5-64","FrictionLow",15790.4648793313,5370.23877594397,35555.1358822272
"1538","Salmonella Typhi","Typhoid Fever","5-64","TotalHumanCapital",473980.956529277,172744.062994264,1025304.55509142
"1539","Salmonella Typhi","Typhoid Fever","5-64","TotalFrictionHigh",463316.029210432,168952.913481924,1002380.79741078
"1540","Salmonella Typhi","Typhoid Fever","5-64","TotalFrictionLow",436601.198621654,159302.66390122,945117.9950212
"1541","Salmonella Typhi","Typhoid Fever","65+","GPSpecialist",121.659504041375,39.5940495654131,292.292766044813
"1542","Salmonella Typhi","Typhoid Fever","65+","ED",342.7350478688,116.630074534277,771.849237030909
"1543","Salmonella Typhi","Typhoid Fever","65+","Medications",0,0,0
"1544","Salmonella Typhi","Typhoid Fever","65+","Tests",0,0,0
"1545","Salmonella Typhi","Typhoid Fever","65+","Hospitalisation",11227.1382934061,3820.5079524515,25283.8400382189
"1546","Salmonella Typhi","Typhoid Fever","65+","Deaths",107979.192216892,13155.0937699549,481211.22620704
"1547","Salmonella Typhi","Typhoid Fever","65+","WTP",1034.02718443773,347.028506940671,2382.27812968619
"1548","Salmonella Typhi","Typhoid Fever","65+","WTPOngoing",0,0,0
"1549","Salmonella Typhi","Typhoid Fever","65+","HumanCapital",1226.18718248344,405.196103236246,3020.36028356654
"1550","Salmonella Typhi","Typhoid Fever","65+","FrictionHigh",980.949745986753,324.156882588997,2416.28822685323
"1551","Salmonella Typhi","Typhoid Fever","65+","FrictionLow",367.856154745032,121.558830970874,906.108085069963
"1552","Salmonella Typhi","Typhoid Fever","65+","TotalHumanCapital",123854.036462225,27618.7826949613,497467.260315926
"1553","Salmonella Typhi","Typhoid Fever","65+","TotalFrictionHigh",123579.519579464,27368.2535416627,497153.131593619
"1554","Salmonella Typhi","Typhoid Fever","65+","TotalFrictionLow",122901.274134865,26785.0779356874,496182.89472725
"1555","Salmonella Typhi","Typhoid Fever","All ages","GPSpecialist",4091.20197618916,1346.33093169266,9683.33041441917
"1556","Salmonella Typhi","Typhoid Fever","All ages","ED",11457.143028757,3898.7767772887,25801.8173521761
"1557","Salmonella Typhi","Typhoid Fever","All ages","Medications",0,0,0
"1558","Salmonella Typhi","Typhoid Fever","All ages","Tests",0,0,0
"1559","Salmonella Typhi","Typhoid Fever","All ages","Hospitalisation",375307.194379577,127714.12298195,845202.652706174
"1560","Salmonella Typhi","Typhoid Fever","All ages","Deaths",200591.269809841,45938.3918196974,632006.930867474
"1561","Salmonella Typhi","Typhoid Fever","All ages","WTP",34566.0515940613,11600.6672320167,79636.1546209383
"1562","Salmonella Typhi","Typhoid Fever","All ages","WTPOngoing",0,0,0
"1563","Salmonella Typhi","Typhoid Fever","All ages","HumanCapital",58544.4477376838,19915.4500865017,131888.308914573
"1564","Salmonella Typhi","Typhoid Fever","All ages","FrictionHigh",46835.558190147,15932.3600692014,105510.647131658
"1565","Salmonella Typhi","Typhoid Fever","All ages","FrictionLow",17563.3343213051,5974.63502595051,39566.4926743718
"1566","Salmonella Typhi","Typhoid Fever","All ages","TotalHumanCapital",736445.962137764,317706.668246015,1441457.45778999
"1567","Salmonella Typhi","Typhoid Fever","All ages","TotalFrictionHigh",724214.245106535,312762.497492056,1417097.22791257
"1568","Salmonella Typhi","Typhoid Fever","All ages","TotalFrictionLow",694000.551423495,299798.771435828,1357074.60296066
"1569","Salmonella Typhi","Initial and sequel disease","<5","GPSpecialist",383.310041811678,124.774613311109,917.022823682352
"1570","Salmonella Typhi","Initial and sequel disease","<5","ED",1077.16729330194,366.551662822014,2425.81188781143
"1571","Salmonella Typhi","Initial and sequel disease","<5","Medications",0,0,0
"1572","Salmonella Typhi","Initial and sequel disease","<5","Tests",0,0,0
"1573","Salmonella Typhi","Initial and sequel disease","<5","Hospitalisation",35285.2917792764,12007.3107077047,79463.4972629736
"1574","Salmonella Typhi","Initial and sequel disease","<5","Deaths",17115.5364451513,150.859553564427,179754.131825647
"1575","Salmonella Typhi","Initial and sequel disease","<5","WTP",3249.79972251858,1090.66102181354,7487.15983615659
"1576","Salmonella Typhi","Initial and sequel disease","<5","WTPOngoing",0,0,0
"1577","Salmonella Typhi","Initial and sequel disease","<5","HumanCapital",4623.31297480262,1568.11780084981,10478.4829373257
"1578","Salmonella Typhi","Initial and sequel disease","<5","FrictionHigh",3698.65037984209,1254.49424067985,8382.78634986058
"1579","Salmonella Typhi","Initial and sequel disease","<5","FrictionLow",1386.99389244079,470.435340254944,3143.54488119772
"1580","Salmonella Typhi","Initial and sequel disease","<5","TotalHumanCapital",73034.4747444378,24237.4959696438,234400.05387341
"1581","Salmonella Typhi","Initial and sequel disease","<5","TotalFrictionHigh",71972.7532496689,23807.6475467387,233160.442142031
"1582","Salmonella Typhi","Initial and sequel disease","<5","TotalFrictionLow",69246.8960632486,22734.7055173032,229978.629854274
"1583","Salmonella Typhi","Initial and sequel disease","5-64","GPSpecialist",3563.23249938173,1160.35230025904,8576.50603669986
"1584","Salmonella Typhi","Initial and sequel disease","5-64","ED",10037.2406875863,3415.59503993241,22604.1562273338
"1585","Salmonella Typhi","Initial and sequel disease","5-64","Medications",0,0,0
"1586","Salmonella Typhi","Initial and sequel disease","5-64","Tests",0,0,0
"1587","Salmonella Typhi","Initial and sequel disease","5-64","Hospitalisation",328794.764306894,111886.304321794,740455.315404981
"1588","Salmonella Typhi","Initial and sequel disease","5-64","Deaths",18477.2622853049,146.120721650286,196176.990609485
"1589","Salmonella Typhi","Initial and sequel disease","5-64","WTP",30282.224687105,10162.9777032625,69766.7166550955
"1590","Salmonella Typhi","Initial and sequel disease","5-64","WTPOngoing",0,0,0
"1591","Salmonella Typhi","Initial and sequel disease","5-64","HumanCapital",52634.8829311042,17900.7959198132,118517.119607424
"1592","Salmonella Typhi","Initial and sequel disease","5-64","FrictionHigh",42107.9063448834,14320.6367358506,94813.6956859392
"1593","Salmonella Typhi","Initial and sequel disease","5-64","FrictionLow",15790.4648793313,5370.23877594397,35555.1358822272
"1594","Salmonella Typhi","Initial and sequel disease","5-64","TotalHumanCapital",473980.956529277,172744.062994264,1025304.55509142
"1595","Salmonella Typhi","Initial and sequel disease","5-64","TotalFrictionHigh",463316.029210432,168952.913481924,1002380.79741078
"1596","Salmonella Typhi","Initial and sequel disease","5-64","TotalFrictionLow",436601.198621654,159302.66390122,945117.9950212
"1597","Salmonella Typhi","Initial and sequel disease","65+","GPSpecialist",121.659504041375,39.5940495654131,292.292766044813
"1598","Salmonella Typhi","Initial and sequel disease","65+","ED",342.7350478688,116.630074534277,771.849237030909
"1599","Salmonella Typhi","Initial and sequel disease","65+","Medications",0,0,0
"1600","Salmonella Typhi","Initial and sequel disease","65+","Tests",0,0,0
"1601","Salmonella Typhi","Initial and sequel disease","65+","Hospitalisation",11227.1382934061,3820.5079524515,25283.8400382189
"1602","Salmonella Typhi","Initial and sequel disease","65+","Deaths",107979.192216892,13155.0937699549,481211.22620704
"1603","Salmonella Typhi","Initial and sequel disease","65+","WTP",1034.02718443773,347.028506940671,2382.27812968619
"1604","Salmonella Typhi","Initial and sequel disease","65+","WTPOngoing",0,0,0
"1605","Salmonella Typhi","Initial and sequel disease","65+","HumanCapital",1226.18718248344,405.196103236246,3020.36028356654
"1606","Salmonella Typhi","Initial and sequel disease","65+","FrictionHigh",980.949745986753,324.156882588997,2416.28822685323
"1607","Salmonella Typhi","Initial and sequel disease","65+","FrictionLow",367.856154745032,121.558830970874,906.108085069963
"1608","Salmonella Typhi","Initial and sequel disease","65+","TotalHumanCapital",123854.036462225,27618.7826949613,497467.260315926
"1609","Salmonella Typhi","Initial and sequel disease","65+","TotalFrictionHigh",123579.519579464,27368.2535416627,497153.131593619
"1610","Salmonella Typhi","Initial and sequel disease","65+","TotalFrictionLow",122901.274134865,26785.0779356874,496182.89472725
"1611","Salmonella Typhi","Initial and sequel disease","All ages","GPSpecialist",4091.20197618916,1346.33093169266,9683.33041441917
"1612","Salmonella Typhi","Initial and sequel disease","All ages","ED",11457.143028757,3898.7767772887,25801.8173521761
"1613","Salmonella Typhi","Initial and sequel disease","All ages","Medications",0,0,0
"1614","Salmonella Typhi","Initial and sequel disease","All ages","Tests",0,0,0
"1615","Salmonella Typhi","Initial and sequel disease","All ages","Hospitalisation",375307.194379577,127714.12298195,845202.652706174
"1616","Salmonella Typhi","Initial and sequel disease","All ages","Deaths",200591.269809841,45938.3918196974,632006.930867474
"1617","Salmonella Typhi","Initial and sequel disease","All ages","WTP",34566.0515940613,11600.6672320167,79636.1546209383
"1618","Salmonella Typhi","Initial and sequel disease","All ages","WTPOngoing",0,0,0
"1619","Salmonella Typhi","Initial and sequel disease","All ages","HumanCapital",58544.4477376838,19915.4500865017,131888.308914573
"1620","Salmonella Typhi","Initial and sequel disease","All ages","FrictionHigh",46835.558190147,15932.3600692014,105510.647131658
"1621","Salmonella Typhi","Initial and sequel disease","All ages","FrictionLow",17563.3343213051,5974.63502595051,39566.4926743718
"1622","Salmonella Typhi","Initial and sequel disease","All ages","TotalHumanCapital",736445.962137764,317706.668246015,1441457.45778999
"1623","Salmonella Typhi","Initial and sequel disease","All ages","TotalFrictionHigh",724214.245106535,312762.497492056,1417097.22791257
"1624","Salmonella Typhi","Initial and sequel disease","All ages","TotalFrictionLow",694000.551423495,299798.771435828,1357074.60296066
"1625","STEC","STEC","<5","GPSpecialist",6019.80560283794,2445.1536955962,14021.6170164492
"1626","STEC","STEC","<5","ED",16332.9666618145,5806.51710164782,43450.9948798103
"1627","STEC","STEC","<5","Medications",4529.22454090504,1870.69164564851,10484.5613903604
"1628","STEC","STEC","<5","Tests",5427.67257245891,5427.67257245891,5427.67257245891
"1629","STEC","STEC","<5","Hospitalisation",19895.643227204,10494.5453579201,32982.3005579776
"1630","STEC","STEC","<5","Deaths",129905.324357726,1123.45583835287,1201048.57301887
"1631","STEC","STEC","<5","WTP",93729.0876762008,40562.9075370772,209020.534647251
"1632","STEC","STEC","<5","WTPOngoing",0,0,0
"1633","STEC","STEC","<5","HumanCapital",105466.476357327,45096.0096732267,254970.923838088
"1634","STEC","STEC","<5","FrictionHigh",84373.1810858619,36076.8077385814,203976.73907047
"1635","STEC","STEC","<5","FrictionLow",31639.9429071982,13528.802901968,76491.2771514264
"1636","STEC","STEC","<5","TotalHumanCapital",442836.365670927,177465.127315374,1510433.02704296
"1637","STEC","STEC","<5","TotalFrictionHigh",416123.812809779,165144.780687519,1480975.88724544
"1638","STEC","STEC","<5","TotalFrictionLow",349276.988432835,132970.654064392,1409047.67862745
"1639","STEC","STEC","5-64","GPSpecialist",28926.4800325534,11756.3981109652,67695.0356648747
"1640","STEC","STEC","5-64","ED",78329.8853777981,27809.859415422,209608.542458037
"1641","STEC","STEC","5-64","Medications",14688.1566670814,6245.81413121611,32990.1796764994
"1642","STEC","STEC","5-64","Tests",26134.7226239848,26134.7226239848,26134.7226239848
"1643","STEC","STEC","5-64","Hospitalisation",55689.4936275488,29334.2242453763,92284.644163384
"1644","STEC","STEC","5-64","Deaths",1385489.54690914,327615.3956886,4168890.03406777
"1645","STEC","STEC","5-64","WTP",447611.205653806,191808.144677888,1002852.45286722
"1646","STEC","STEC","5-64","WTPOngoing",0,0,0
"1647","STEC","STEC","5-64","HumanCapital",740904.227745717,335539.590557817,1625270.67441328
"1648","STEC","STEC","5-64","FrictionHigh",592723.382196574,268431.672446254,1300216.53953062
"1649","STEC","STEC","5-64","FrictionLow",222271.268323715,100661.877167345,487581.202323984
"1650","STEC","STEC","5-64","TotalHumanCapital",2977851.11930319,1443318.20655687,6036297.76605518
"1651","STEC","STEC","5-64","TotalFrictionHigh",2811850.70970006,1347809.18749023,5798243.37697806
"1652","STEC","STEC","5-64","TotalFrictionLow",2391617.43382034,1092017.86107127,5249825.44438579
"1653","STEC","STEC","65+","GPSpecialist",8329.61865574924,3373.48636432094,19472.4274285264
"1654","STEC","STEC","65+","ED",22635.9074308505,8062.73424857243,59770.0426054274
"1655","STEC","STEC","65+","Medications",5765.50623349016,2354.66082117286,13500.1209842047
"1656","STEC","STEC","65+","Tests",7511.19147751227,7511.19147751227,7511.19147751227
"1657","STEC","STEC","65+","Hospitalisation",181024.27801941,96176.0114298006,300249.515287765
"1658","STEC","STEC","65+","Deaths",157640.31856764,1329.37422047504,1463757.35652692
"1659","STEC","STEC","65+","WTP",131786.343600509,58124.4218408814,291492.419402695
"1660","STEC","STEC","65+","WTPOngoing",0,0,0
"1661","STEC","STEC","65+","HumanCapital",147480.620896375,58754.2754281706,652830.011182683
"1662","STEC","STEC","65+","FrictionHigh",117984.4967171,47003.4203425365,522264.008946146
"1663","STEC","STEC","65+","FrictionLow",44244.1862689126,17626.2826284512,195849.003354805
"1664","STEC","STEC","65+","TotalHumanCapital",795307.514791028,385573.873750187,2232229.05032235
"1665","STEC","STEC","65+","TotalFrictionHigh",754023.932565246,368590.989440309,2142612.50209329
"1666","STEC","STEC","65+","TotalFrictionLow",645514.390464855,321844.947953624,1945931.69736751
"1667","STEC","STEC","All ages","GPSpecialist",43640.8460669218,18285.3656198508,99150.8866398602
"1668","STEC","STEC","All ages","ED",120874.335762541,47473.159265682,295122.883649246
"1669","STEC","STEC","All ages","Medications",25168.1959363853,10774.1065136614,56204.3867259807
"1670","STEC","STEC","All ages","Tests",39073.586673956,39073.586673956,39073.586673956
"1671","STEC","STEC","All ages","Hospitalisation",259692.03821929,167772.07514633,383215.599335362
"1672","STEC","STEC","All ages","Deaths",2063811.71613248,645064.844215189,5183715.2697993
"1673","STEC","STEC","All ages","WTP",673359.94826898,290742.452794375,1503864.55896055
"1674","STEC","STEC","All ages","WTPOngoing",0,0,0
"1675","STEC","STEC","All ages","HumanCapital",1040150.6617962,480407.210997023,2337322.380787
"1676","STEC","STEC","All ages","FrictionHigh",832120.529436958,384325.768797618,1869857.9046296
"1677","STEC","STEC","All ages","FrictionLow",312045.198538859,144122.163299107,701196.714236099
"1678","STEC","STEC","All ages","TotalHumanCapital",4535127.71146048,2451369.72905778,8234856.78184378
"1679","STEC","STEC","All ages","TotalFrictionHigh",4305833.42167021,2317048.95048475,7873481.18191878
"1680","STEC","STEC","All ages","TotalFrictionLow",3725767.96032096,1956367.0074388,7036738.21112606
"1681","STEC","Haemolytic uremic syndrome","<5","GPSpecialist",2050.83832362703,586.952745062563,6109.96160524496
"1682","STEC","Haemolytic uremic syndrome","<5","ED",0,0,0
"1683","STEC","Haemolytic uremic syndrome","<5","Medications",0,0,0
"1684","STEC","Haemolytic uremic syndrome","<5","Tests",0,0,0
"1685","STEC","Haemolytic uremic syndrome","<5","Hospitalisation",87307.6297404917,33111.3595757846,220683.266578938
"1686","STEC","Haemolytic uremic syndrome","<5","Deaths",76754.242026589,655.398118870045,728906.730402243
"1687","STEC","Haemolytic uremic syndrome","<5","WTP",31106.1883107167,11451.7336929539,81356.470400792
"1688","STEC","Haemolytic uremic syndrome","<5","WTPOngoing",11754.1013721294,3626.49786487434,35868.8589664263
"1689","STEC","Haemolytic uremic syndrome","<5","HumanCapital",61848.5513018816,23456.0212834204,156331.587228328
"1690","STEC","Haemolytic uremic syndrome","<5","FrictionHigh",49478.8410415053,18764.8170267363,125065.269782663
"1691","STEC","Haemolytic uremic syndrome","<5","FrictionLow",18554.5653905645,7036.80638502611,46899.4761684985
"1692","STEC","Haemolytic uremic syndrome","<5","TotalHumanCapital",325442.525838295,111782.88933953,1005957.46600239
"1693","STEC","Haemolytic uremic syndrome","<5","TotalFrictionHigh",310577.620786789,105881.769103085,985232.627123453
"1694","STEC","Haemolytic uremic syndrome","<5","TotalFrictionLow",273355.251220682,90182.0067772354,934895.723067906
"1695","STEC","Haemolytic uremic syndrome","5-64","GPSpecialist",9859.92912340759,2813.69826713318,29325.2406024393
"1696","STEC","Haemolytic uremic syndrome","5-64","ED",0,0,0
"1697","STEC","Haemolytic uremic syndrome","5-64","Medications",0,0,0
"1698","STEC","Haemolytic uremic syndrome","5-64","Tests",0,0,0
"1699","STEC","Haemolytic uremic syndrome","5-64","Hospitalisation",420393.945243386,159434.11962747,1062609.4118243
"1700","STEC","Haemolytic uremic syndrome","5-64","Deaths",4644027.04072,2071752.24309851,9487918.71296568
"1701","STEC","Haemolytic uremic syndrome","5-64","WTP",149779.042957583,55141.1087595332,391738.587618575
"1702","STEC","Haemolytic uremic syndrome","5-64","WTPOngoing",56622.5438648904,17342.0608267704,172491.547763666
"1703","STEC","Haemolytic uremic syndrome","5-64","HumanCapital",350092.825737777,132772.467565109,884912.677383474
"1704","STEC","Haemolytic uremic syndrome","5-64","FrictionHigh",280074.260590221,106217.974052087,707930.141906779
"1705","STEC","Haemolytic uremic syndrome","5-64","FrictionLow",105027.847721333,39831.7402695328,265473.803215042
"1706","STEC","Haemolytic uremic syndrome","5-64","TotalHumanCapital",5823060.95607083,3011416.63679669,10788647.0837815
"1707","STEC","Haemolytic uremic syndrome","5-64","TotalFrictionHigh",5741289.09367926,2955287.38718348,10687324.8995317
"1708","STEC","Haemolytic uremic syndrome","5-64","TotalFrictionLow",5532964.86590209,2814249.87080715,10440017.50495
"1709","STEC","Haemolytic uremic syndrome","65+","GPSpecialist",2833.84200260001,807.878369926416,8499.03664529102
"1710","STEC","Haemolytic uremic syndrome","65+","ED",0,0,0
"1711","STEC","Haemolytic uremic syndrome","65+","Medications",0,0,0
"1712","STEC","Haemolytic uremic syndrome","65+","Tests",0,0,0
"1713","STEC","Haemolytic uremic syndrome","65+","Hospitalisation",120822.381172394,45821.8064067571,305396.880343935
"1714","STEC","Haemolytic uremic syndrome","65+","Deaths",8436367.40233588,4012748.99096187,16302373.205554
"1715","STEC","Haemolytic uremic syndrome","65+","WTP",43046.9107003443,15847.7069810214,112586.752232563
"1716","STEC","Haemolytic uremic syndrome","65+","WTPOngoing",16261.1035012436,5014.68643605869,49551.4237061886
"1717","STEC","Haemolytic uremic syndrome","65+","HumanCapital",41287.9633326676,15658.4321911299,104361.584958007
"1718","STEC","Haemolytic uremic syndrome","65+","FrictionHigh",33030.3706661341,12526.7457529039,83489.2679664052
"1719","STEC","Haemolytic uremic syndrome","65+","FrictionLow",12386.3889998003,4697.52965733896,31308.475487402
"1720","STEC","Haemolytic uremic syndrome","65+","TotalHumanCapital",8702138.39933659,4270554.97641443,16563790.9345443
"1721","STEC","Haemolytic uremic syndrome","65+","TotalFrictionHigh",8692189.60932582,4259903.55915712,16554926.1752381
"1722","STEC","Haemolytic uremic syndrome","65+","TotalFrictionLow",8669129.51030264,4237358.0675255,16532126.4335783
"1723","STEC","Haemolytic uremic syndrome","All ages","GPSpecialist",15117.1808428449,5120.09539310787,41742.1046748722
"1724","STEC","Haemolytic uremic syndrome","All ages","ED",0,0,0
"1725","STEC","Haemolytic uremic syndrome","All ages","Medications",0,0,0
"1726","STEC","Haemolytic uremic syndrome","All ages","Tests",0,0,0
"1727","STEC","Haemolytic uremic syndrome","All ages","Hospitalisation",628523.956156272,238367.285610012,1588689.55874717
"1728","STEC","Haemolytic uremic syndrome","All ages","Deaths",13743498.9706547,8007638.3332787,22565958.3784191
"1729","STEC","Haemolytic uremic syndrome","All ages","WTP",223932.141968644,82440.5494335085,585681.81025193
"1730","STEC","Haemolytic uremic syndrome","All ages","WTPOngoing",86686.7426167032,28795.2885748941,249819.232763726
"1731","STEC","Haemolytic uremic syndrome","All ages","HumanCapital",453229.340372326,171886.92103966,1145605.84956981
"1732","STEC","Haemolytic uremic syndrome","All ages","FrictionHigh",362583.472297861,137509.536831728,916484.679655847
"1733","STEC","Haemolytic uremic syndrome","All ages","FrictionLow",135968.802111698,51566.0763118979,343681.754870943
"1734","STEC","Haemolytic uremic syndrome","All ages","TotalHumanCapital",15410625.6568342,9466174.77837695,24389446.4894069
"1735","STEC","Haemolytic uremic syndrome","All ages","TotalFrictionHigh",15304991.2215079,9385509.30563333,24263118.5906386
"1736","STEC","Haemolytic uremic syndrome","All ages","TotalFrictionLow",15034128.663094,9171494.28921855,23939997.3039177
"1737","STEC","Initial and sequel disease","<5","GPSpecialist",8245.48650533615,3352.84065362175,19280.2676459322
"1738","STEC","Initial and sequel disease","<5","ED",16332.9666618145,5806.51710164782,43450.9948798103
"1739","STEC","Initial and sequel disease","<5","Medications",4529.22454090504,1870.69164564851,10484.5613903604
"1740","STEC","Initial and sequel disease","<5","Tests",5427.67257245891,5427.67257245891,5427.67257245891
"1741","STEC","Initial and sequel disease","<5","Hospitalisation",108111.816886728,52411.5643206401,241581.894533308
"1742","STEC","Initial and sequel disease","<5","Deaths",312191.297151495,22374.6991797999,1547976.69699218
"1743","STEC","Initial and sequel disease","<5","WTP",126274.17066105,54393.5625327092,283856.985522572
"1744","STEC","Initial and sequel disease","<5","WTPOngoing",11754.1013721294,3626.49786487434,35868.8589664263
"1745","STEC","Initial and sequel disease","<5","HumanCapital",170734.256531036,73643.1043166272,394721.356440426
"1746","STEC","Initial and sequel disease","<5","FrictionHigh",136587.405224829,58914.4834533018,315777.085152341
"1747","STEC","Initial and sequel disease","<5","FrictionLow",51220.2769593108,22092.9312949882,118416.406932128
"1748","STEC","Initial and sequel disease","<5","TotalHumanCapital",853590.24312025,356419.66807293,2155637.39138616
"1749","STEC","Initial and sequel disease","<5","TotalFrictionHigh",813294.208302603,335500.899040402,2101776.61009351
"1750","STEC","Initial and sequel disease","<5","TotalFrictionLow",712557.843126485,282300.037941259,1969470.96465305
"1751","STEC","Initial and sequel disease","5-64","GPSpecialist",39645.7959396548,16168.1066220344,92540.485377342
"1752","STEC","Initial and sequel disease","5-64","ED",78329.8853777981,27809.859415422,209608.542458037
"1753","STEC","Initial and sequel disease","5-64","Medications",14688.1566670814,6245.81413121611,32990.1796764994
"1754","STEC","Initial and sequel disease","5-64","Tests",26134.7226239848,26134.7226239848,26134.7226239848
"1755","STEC","Initial and sequel disease","5-64","Hospitalisation",478393.308385529,215026.904036693,1120728.6032338
"1756","STEC","Initial and sequel disease","5-64","Deaths",6360215.85619006,3218157.04926942,11679179.0124619
"1757","STEC","Initial and sequel disease","5-64","WTP",604613.764651942,258414.630770052,1363582.96236812
"1758","STEC","Initial and sequel disease","5-64","WTPOngoing",56622.5438648904,17342.0608267704,172491.547763666
"1759","STEC","Initial and sequel disease","5-64","HumanCapital",1102626.10556498,486775.885371627,2456142.68929719
"1760","STEC","Initial and sequel disease","5-64","FrictionHigh",882100.884451985,389420.708297301,1964914.15143775
"1761","STEC","Initial and sequel disease","5-64","FrictionLow",330787.831669494,146032.765611488,736842.806789156
"1762","STEC","Initial and sequel disease","5-64","TotalHumanCapital",9088185.35057029,5340301.73291785,14978804.7014433
"1763","STEC","Initial and sequel disease","5-64","TotalFrictionHigh",8843288.8785376,5178510.44828618,14626350.5331054
"1764","STEC","Initial and sequel disease","5-64","TotalFrictionLow",8232475.90618083,4748953.02113703,13809188.4325453
"1765","STEC","Initial and sequel disease","65+","GPSpecialist",11393.4720040396,4647.70224944179,26718.3249547985
"1766","STEC","Initial and sequel disease","65+","ED",22635.9074308505,8062.73424857243,59770.0426054274
"1767","STEC","Initial and sequel disease","65+","Medications",5765.50623349016,2354.66082117286,13500.1209842047
"1768","STEC","Initial and sequel disease","65+","Tests",7511.19147751227,7511.19147751227,7511.19147751227
"1769","STEC","Initial and sequel disease","65+","Hospitalisation",314365.894993117,184524.165459816,521451.838310105
"1770","STEC","Initial and sequel disease","65+","Deaths",8819091.1456831,4294011.24479371,16708585.2981968
"1771","STEC","Initial and sequel disease","65+","WTP",176965.127143148,77314.0235889215,395059.721141961
"1772","STEC","Initial and sequel disease","65+","WTPOngoing",16261.1035012436,5014.68643605869,49551.4237061886
"1773","STEC","Initial and sequel disease","65+","HumanCapital",196146.334415183,83894.9968208787,722925.902416131
"1774","STEC","Initial and sequel disease","65+","FrictionHigh",156917.067532146,67115.9974567029,578340.721932905
"1775","STEC","Initial and sequel disease","65+","FrictionLow",58843.9003245548,25168.4990462636,216877.770724839
"1776","STEC","Initial and sequel disease","65+","TotalHumanCapital",9705052.18471819,5121053.48497383,17609099.8580501
"1777","STEC","Initial and sequel disease","65+","TotalFrictionHigh",9647866.64773925,5076601.65665114,17544448.1632899
"1778","STEC","Initial and sequel disease","65+","TotalFrictionLow",9510353.80943014,4954961.10589566,17392984.931296
"1779","STEC","Initial and sequel disease","All ages","GPSpecialist",59664.1281534807,24978.7934796014,136521.676702835
"1780","STEC","Initial and sequel disease","All ages","ED",120874.335762541,47473.159265682,295122.883649246
"1781","STEC","Initial and sequel disease","All ages","Medications",25168.1959363853,10774.1065136614,56204.3867259807
"1782","STEC","Initial and sequel disease","All ages","Tests",39073.586673956,39073.586673956,39073.586673956
"1783","STEC","Initial and sequel disease","All ages","Hospitalisation",896557.801115464,487599.933144575,1862378.96689901
"1784","STEC","Initial and sequel disease","All ages","Deaths",16127627.4523764,9964828.86396752,25296772.4341585
"1785","STEC","Initial and sequel disease","All ages","WTP",907781.413845643,390107.773502984,2042635.22069763
"1786","STEC","Initial and sequel disease","All ages","WTPOngoing",86686.7426167032,28795.2885748941,249819.232763726
"1787","STEC","Initial and sequel disease","All ages","HumanCapital",1514759.55615216,679558.196642665,3399319.29053302
"1788","STEC","Initial and sequel disease","All ages","FrictionHigh",1211807.64492173,543646.557314132,2719455.43242641
"1789","STEC","Initial and sequel disease","All ages","FrictionLow",454427.866845647,203867.458992799,1019795.7871599
"1790","STEC","Initial and sequel disease","All ages","TotalHumanCapital",20260201.3454601,13401558.6279079,30060476.1241973
"1791","STEC","Initial and sequel disease","All ages","TotalFrictionHigh",19931050.9856352,13163140.2995156,29614857.1148144
"1792","STEC","Initial and sequel disease","All ages","TotalFrictionLow",19085210.1759986,12521759.8126613,28538462.8636381
"1793","Yersinia Enterocolitica","Yersiniosis","<5","GPSpecialist",16898.6534185418,8549.78615705687,32154.5904049899
"1794","Yersinia Enterocolitica","Yersiniosis","<5","ED",45989.4645015494,19573.21268771,102458.001854166
"1795","Yersinia Enterocolitica","Yersiniosis","<5","Medications",12707.4137227803,6570.62800739304,23972.660951908
"1796","Yersinia Enterocolitica","Yersiniosis","<5","Tests",13774.423605478,13774.423605478,13774.423605478
"1797","Yersinia Enterocolitica","Yersiniosis","<5","Hospitalisation",25387.6889198665,15857.9575862949,36324.6222533608
"1798","Yersinia Enterocolitica","Yersiniosis","<5","Deaths",167189.706835677,1428.67885781489,1498355.05891834
"1799","Yersinia Enterocolitica","Yersiniosis","<5","WTP",260264.474069392,139929.276363217,472915.72227658
"1800","Yersinia Enterocolitica","Yersiniosis","<5","WTPOngoing",0,0,0
"1801","Yersinia Enterocolitica","Yersiniosis","<5","HumanCapital",282017.879292542,136138.817949091,584347.072024773
"1802","Yersinia Enterocolitica","Yersiniosis","<5","FrictionHigh",225614.303434034,108911.054359273,467477.657619818
"1803","Yersinia Enterocolitica","Yersiniosis","<5","FrictionLow",84605.3637877626,40841.6453847273,175304.121607432
"1804","Yersinia Enterocolitica","Yersiniosis","<5","TotalHumanCapital",931502.025216711,472313.142527317,2283059.01148521
"1805","Yersinia Enterocolitica","Yersiniosis","<5","TotalFrictionHigh",866317.610612482,438451.612185997,2203014.45526694
"1806","Yersinia Enterocolitica","Yersiniosis","<5","TotalFrictionLow",700961.582030807,347708.865570342,2025784.64845172
"1807","Yersinia Enterocolitica","Yersiniosis","5-64","GPSpecialist",77205.0272962457,39098.3319773014,147289.748802111
"1808","Yersinia Enterocolitica","Yersiniosis","5-64","ED",210525.733639112,89913.4459142943,468189.131102131
"1809","Yersinia Enterocolitica","Yersiniosis","5-64","Medications",39176.059531997,21173.4731488547,70646.1992547376
"1810","Yersinia Enterocolitica","Yersiniosis","5-64","Tests",63050.5683912779,63050.5683912779,63050.5683912779
"1811","Yersinia Enterocolitica","Yersiniosis","5-64","Hospitalisation",127037.938531798,79477.9378760665,182217.691414778
"1812","Yersinia Enterocolitica","Yersiniosis","5-64","Deaths",183114.897395601,1527.56478125253,1669613.86575561
"1813","Yersinia Enterocolitica","Yersiniosis","5-64","WTP",1192419.2369702,641529.751095123,2164985.99881557
"1814","Yersinia Enterocolitica","Yersiniosis","5-64","WTPOngoing",0,0,0
"1815","Yersinia Enterocolitica","Yersiniosis","5-64","HumanCapital",1929045.99446032,1060525.96667353,3461502.30252098
"1816","Yersinia Enterocolitica","Yersiniosis","5-64","FrictionHigh",1543236.79556825,848420.773338827,2769201.84201678
"1817","Yersinia Enterocolitica","Yersiniosis","5-64","FrictionLow",578713.798338095,318157.79000206,1038450.69075629
"1818","Yersinia Enterocolitica","Yersiniosis","5-64","TotalHumanCapital",4069140.50512744,2334352.63953054,7032934.93658274
"1819","Yersinia Enterocolitica","Yersiniosis","5-64","TotalFrictionHigh",3677231.80311667,2108742.78623346,6391023.71370973
"1820","Yersinia Enterocolitica","Yersiniosis","5-64","TotalFrictionLow",2685935.9563053,1532999.5920212,4789267.68750594
"1821","Yersinia Enterocolitica","Yersiniosis","65+","GPSpecialist",24007.4699704569,12165.749285872,45866.589816422
"1822","Yersinia Enterocolitica","Yersiniosis","65+","ED",65446.558893163,27900.8246554448,144872.407199394
"1823","Yersinia Enterocolitica","Yersiniosis","65+","Medications",16646.8475502903,8514.88312251719,31853.9930855584
"1824","Yersinia Enterocolitica","Yersiniosis","65+","Tests",19591.0726678419,19591.0726678419,19591.0726678419
"1825","Yersinia Enterocolitica","Yersiniosis","65+","Hospitalisation",311615.226828996,195182.233153204,446520.297672472
"1826","Yersinia Enterocolitica","Yersiniosis","65+","Deaths",202366.416515618,1769.91097710106,1807144.33358647
"1827","Yersinia Enterocolitica","Yersiniosis","65+","WTP",374539.10728903,203020.771266217,677141.678124228
"1828","Yersinia Enterocolitica","Yersiniosis","65+","WTPOngoing",0,0,0
"1829","Yersinia Enterocolitica","Yersiniosis","65+","HumanCapital",367543.443011423,132948.807818918,1652321.61956235
"1830","Yersinia Enterocolitica","Yersiniosis","65+","FrictionHigh",294034.754409138,106359.046255134,1321857.29564988
"1831","Yersinia Enterocolitica","Yersiniosis","65+","FrictionLow",110263.032903427,39884.6423456753,495696.485868704
"1832","Yersinia Enterocolitica","Yersiniosis","65+","TotalHumanCapital",1611585.83140947,892260.831784384,3788227.83581788
"1833","Yersinia Enterocolitica","Yersiniosis","65+","TotalFrictionHigh",1521169.56995443,853827.203639757,3525480.68391329
"1834","Yersinia Enterocolitica","Yersiniosis","65+","TotalFrictionLow",1278458.58798577,747150.752659169,2935584.3310623
"1835","Yersinia Enterocolitica","Yersiniosis","All ages","GPSpecialist",119030.579691149,63196.1176568027,218670.519166738
"1836","Yersinia Enterocolitica","Yersiniosis","All ages","ED",330981.52954407,160949.801060062,661495.752796012
"1837","Yersinia Enterocolitica","Yersiniosis","All ages","Medications",69037.7038622061,37611.1479460001,123623.120892451
"1838","Yersinia Enterocolitica","Yersiniosis","All ages","Tests",96416.0646645978,96416.0646645978,96416.0646645978
"1839","Yersinia Enterocolitica","Yersiniosis","All ages","Hospitalisation",465827.391086072,337619.327793146,610867.454445449
"1840","Yersinia Enterocolitica","Yersiniosis","All ages","Deaths",978556.247321792,141072.356388363,3401544.60155759
"1841","Yersinia Enterocolitica","Yersiniosis","All ages","WTP",1827182.41710373,984437.844491334,3315341.48308525
"1842","Yersinia Enterocolitica","Yersiniosis","All ages","WTPOngoing",0,0,0
"1843","Yersinia Enterocolitica","Yersiniosis","All ages","HumanCapital",2704786.55672201,1474274.79973409,5150456.69727341
"1844","Yersinia Enterocolitica","Yersiniosis","All ages","FrictionHigh",2163829.2453776,1179419.83978727,4120365.35781873
"1845","Yersinia Enterocolitica","Yersiniosis","All ages","FrictionLow",811435.967016602,442282.439920227,1545137.00918202
"1846","Yersinia Enterocolitica","Yersiniosis","All ages","TotalHumanCapital",6925359.40981616,4175049.35979766,11544973.527452
"1847","Yersinia Enterocolitica","Yersiniosis","All ages","TotalFrictionHigh",6372470.81010666,3850299.43676728,10592163.8515355
"1848","Yersinia Enterocolitica","Yersiniosis","All ages","TotalFrictionLow",4966575.62055954,3000776.64424799,8291553.6200212
"1849","Yersinia Enterocolitica","Reactive arthritis","<5","GPSpecialist",8055.24778032762,2760.42190339607,17767.066308893
"1850","Yersinia Enterocolitica","Reactive arthritis","<5","ED",0,0,0
"1851","Yersinia Enterocolitica","Reactive arthritis","<5","Medications",5316.4649977323,1692.55454519197,13510.7679315133
"1852","Yersinia Enterocolitica","Reactive arthritis","<5","Tests",6082.34880561414,2040.5916351801,13939.0011673566
"1853","Yersinia Enterocolitica","Reactive arthritis","<5","Hospitalisation",1577.32216820984,456.240719931317,4487.11938315071
"1854","Yersinia Enterocolitica","Reactive arthritis","<5","Deaths",3835.39833164219,31.4751245841542,46068.9997933926
"1855","Yersinia Enterocolitica","Reactive arthritis","<5","WTP",105622.924294392,33438.9058881046,256052.827331977
"1856","Yersinia Enterocolitica","Reactive arthritis","<5","WTPOngoing",30977.5502022024,7614.08098696376,87866.6005424851
"1857","Yersinia Enterocolitica","Reactive arthritis","<5","HumanCapital",289880.531616951,99463.7985486392,635874.10915256
"1858","Yersinia Enterocolitica","Reactive arthritis","<5","FrictionHigh",231904.425293561,79571.0388389113,508699.287322048
"1859","Yersinia Enterocolitica","Reactive arthritis","<5","FrictionLow",86964.1594850852,29839.1395645917,190762.232745768
"1860","Yersinia Enterocolitica","Reactive arthritis","<5","TotalHumanCapital",462592.935876749,157970.5214348,1027553.6044833
"1861","Yersinia Enterocolitica","Reactive arthritis","<5","TotalFrictionHigh",404207.914546559,137733.418348964,901116.688230081
"1862","Yersinia Enterocolitica","Reactive arthritis","<5","TotalFrictionLow",257508.713503455,86275.2856401164,590086.095626646
"1863","Yersinia Enterocolitica","Reactive arthritis","5-64","GPSpecialist",36794.4571161064,12659.307881822,81471.3186781537
"1864","Yersinia Enterocolitica","Reactive arthritis","5-64","ED",0,0,0
"1865","Yersinia Enterocolitica","Reactive arthritis","5-64","Medications",24282.6200304377,7699.67058554437,61817.1124795571
"1866","Yersinia Enterocolitica","Reactive arthritis","5-64","Tests",27761.03589674,9396.95814934449,63724.0983556954
"1867","Yersinia Enterocolitica","Reactive arthritis","5-64","Hospitalisation",8800.89001312601,2483.2600456608,25444.9418062107
"1868","Yersinia Enterocolitica","Reactive arthritis","5-64","Deaths",3201.1719368787,25.6960628523291,39074.0989940899
"1869","Yersinia Enterocolitica","Reactive arthritis","5-64","WTP",483474.706648475,153062.086880279,1172047.32218736
"1870","Yersinia Enterocolitica","Reactive arthritis","5-64","WTPOngoing",141664.453596339,34868.5334235731,401833.18043285
"1871","Yersinia Enterocolitica","Reactive arthritis","5-64","HumanCapital",1559676.63948295,535156.197641936,3421264.57463446
"1872","Yersinia Enterocolitica","Reactive arthritis","5-64","FrictionHigh",1247741.31158636,428124.958113548,2737011.65970757
"1873","Yersinia Enterocolitica","Reactive arthritis","5-64","FrictionLow",467902.991844884,160546.859292581,1026379.37239034
"1874","Yersinia Enterocolitica","Reactive arthritis","5-64","TotalHumanCapital",2317525.02551593,791698.885347822,5127097.43917227
"1875","Yersinia Enterocolitica","Reactive arthritis","5-64","TotalFrictionHigh",2003725.10527416,683427.343451343,4447926.21320869
"1876","Yersinia Enterocolitica","Reactive arthritis","5-64","TotalFrictionLow",1216337.36463427,409787.144401357,2769671.62327742
"1877","Yersinia Enterocolitica","Reactive arthritis","65+","GPSpecialist",11432.1436085195,3914.94225991503,25302.1898282686
"1878","Yersinia Enterocolitica","Reactive arthritis","65+","ED",0,0,0
"1879","Yersinia Enterocolitica","Reactive arthritis","65+","Medications",7534.52562010837,2412.24725191338,19203.268245676
"1880","Yersinia Enterocolitica","Reactive arthritis","65+","Tests",8628.1342162338,2910.37903987735,19852.0095310767
"1881","Yersinia Enterocolitica","Reactive arthritis","65+","Hospitalisation",2061.73212835473,583.299814691449,5981.8541419021
"1882","Yersinia Enterocolitica","Reactive arthritis","65+","Deaths",3605.23337481541,27.9534528943553,43210.1296803897
"1883","Yersinia Enterocolitica","Reactive arthritis","65+","WTP",150225.261289224,47559.451774552,364178.545015281
"1884","Yersinia Enterocolitica","Reactive arthritis","65+","WTPOngoing",44120.5994837934,10770.3461564725,125127.062829213
"1885","Yersinia Enterocolitica","Reactive arthritis","65+","HumanCapital",198514.400202635,68114.2545193408,435455.829609166
"1886","Yersinia Enterocolitica","Reactive arthritis","65+","FrictionHigh",158811.520162108,54491.4036154727,348364.663687333
"1887","Yersinia Enterocolitica","Reactive arthritis","65+","FrictionLow",59554.3200607904,20434.2763558022,130636.74888275
"1888","Yersinia Enterocolitica","Reactive arthritis","65+","TotalHumanCapital",437613.585316965,148202.712459778,986239.515865349
"1889","Yersinia Enterocolitica","Reactive arthritis","65+","TotalFrictionHigh",397466.29809352,134149.521972276,902101.041542371
"1890","Yersinia Enterocolitica","Reactive arthritis","65+","TotalFrictionLow",296545.050367443,97969.6299539583,691565.637643815
"1891","Yersinia Enterocolitica","Reactive arthritis","All ages","GPSpecialist",56392.889813927,19372.7944976169,124207.634585978
"1892","Yersinia Enterocolitica","Reactive arthritis","All ages","ED",0,0,0
"1893","Yersinia Enterocolitica","Reactive arthritis","All ages","Medications",38081.7621746061,12580.9024172063,90078.0742748052
"1894","Yersinia Enterocolitica","Reactive arthritis","All ages","Tests",42829.5853382019,14595.597613439,96134.9734394935
"1895","Yersinia Enterocolitica","Reactive arthritis","All ages","Hospitalisation",12656.0740024235,3732.05068971925,34972.1743762883
"1896","Yersinia Enterocolitica","Reactive arthritis","All ages","Deaths",19311.3730722843,2142.18073292589,98891.5618354297
"1897","Yersinia Enterocolitica","Reactive arthritis","All ages","WTP",739322.892232091,234060.444542936,1792278.69453462
"1898","Yersinia Enterocolitica","Reactive arthritis","All ages","WTPOngoing",218610.85508664,54528.2082515007,606620.824410012
"1899","Yersinia Enterocolitica","Reactive arthritis","All ages","HumanCapital",2048071.57130253,702734.250709916,4492594.51339618
"1900","Yersinia Enterocolitica","Reactive arthritis","All ages","FrictionHigh",1638457.25704202,562187.400567932,3594075.61071695
"1901","Yersinia Enterocolitica","Reactive arthritis","All ages","FrictionLow",614421.471390759,210820.275212975,1347778.35401886
"1902","Yersinia Enterocolitica","Reactive arthritis","All ages","TotalHumanCapital",3219863.80384179,1098899.72930865,7132858.84080917
"1903","Yersinia Enterocolitica","Reactive arthritis","All ages","TotalFrictionHigh",2806457.47754417,956147.371966416,6242732.05703791
"1904","Yersinia Enterocolitica","Reactive arthritis","All ages","TotalFrictionLow",1772130.94598633,595965.60647285,4043680.88440304
"1905","Yersinia Enterocolitica","Initial and sequel disease","<5","GPSpecialist",25216.6768933851,12880.2588350518,47363.035861214
"1906","Yersinia Enterocolitica","Initial and sequel disease","<5","ED",45989.4645015494,19573.21268771,102458.001854166
"1907","Yersinia Enterocolitica","Initial and sequel disease","<5","Medications",18376.1571689245,9381.16725949002,35082.7943005727
"1908","Yersinia Enterocolitica","Initial and sequel disease","<5","Tests",19856.7724110922,15815.0152406581,27713.4247728347
"1909","Yersinia Enterocolitica","Initial and sequel disease","<5","Hospitalisation",27292.3359474492,17572.4757830532,38457.4245087309
"1910","Yersinia Enterocolitica","Initial and sequel disease","<5","Deaths",179456.147444423,6059.64750354367,1510033.89318547
"1911","Yersinia Enterocolitica","Initial and sequel disease","<5","WTP",370756.57742537,194536.088589143,689218.196163291
"1912","Yersinia Enterocolitica","Initial and sequel disease","<5","WTPOngoing",30977.5502022024,7614.08098696376,87866.6005424851
"1913","Yersinia Enterocolitica","Initial and sequel disease","<5","HumanCapital",580953.087467081,282183.038054379,1144601.21816506
"1914","Yersinia Enterocolitica","Initial and sequel disease","<5","FrictionHigh",464762.469973665,225746.430443503,915680.974532049
"1915","Yersinia Enterocolitica","Initial and sequel disease","<5","FrictionLow",174285.926240124,84654.9114163137,343380.365449518
"1916","Yersinia Enterocolitica","Initial and sequel disease","<5","TotalHumanCapital",1450295.17214566,737332.481678323,2999222.57138865
"1917","Yersinia Enterocolitica","Initial and sequel disease","<5","TotalFrictionHigh",1325184.10413311,672183.907414153,2810416.6886807
"1918","Yersinia Enterocolitica","Initial and sequel disease","<5","TotalFrictionLow",1004709.24257977,501611.828937393,2375193.90441713
"1919","Yersinia Enterocolitica","Initial and sequel disease","5-64","GPSpecialist",115227.468073316,58788.4448512901,217996.040127743
"1920","Yersinia Enterocolitica","Initial and sequel disease","5-64","ED",210525.733639112,89913.4459142943,468189.131102131
"1921","Yersinia Enterocolitica","Initial and sequel disease","5-64","Medications",64465.7023843163,32950.2213676939,124822.848286188
"1922","Yersinia Enterocolitica","Initial and sequel disease","5-64","Tests",90811.6042880179,72447.5265406224,126774.666746973
"1923","Yersinia Enterocolitica","Initial and sequel disease","5-64","Hospitalisation",137702.4459772,88794.3794343481,194238.046606026
"1924","Yersinia Enterocolitica","Initial and sequel disease","5-64","Deaths",193037.877679758,5843.48838553259,1677607.01842767
"1925","Yersinia Enterocolitica","Initial and sequel disease","5-64","WTP",1698007.54488367,891324.002892676,3156388.56207454
"1926","Yersinia Enterocolitica","Initial and sequel disease","5-64","WTPOngoing",141664.453596339,34868.5334235731,401833.18043285
"1927","Yersinia Enterocolitica","Initial and sequel disease","5-64","HumanCapital",3509159.22640413,1811500.12116314,6598665.0446467
"1928","Yersinia Enterocolitica","Initial and sequel disease","5-64","FrictionHigh",2807327.38112331,1449200.09693051,5278932.03571736
"1929","Yersinia Enterocolitica","Initial and sequel disease","5-64","FrictionLow",1052747.76792124,543450.036348943,1979599.51339401
"1930","Yersinia Enterocolitica","Initial and sequel disease","5-64","TotalHumanCapital",6441147.34903837,3512311.6221883,11582087.1911082
"1931","Yersinia Enterocolitica","Initial and sequel disease","5-64","TotalFrictionHigh",5735353.34251777,3135621.14988754,10289259.1461905
"1932","Yersinia Enterocolitica","Initial and sequel disease","5-64","TotalFrictionLow",3959537.3813115,2182390.35695262,7109203.44255904
"1933","Yersinia Enterocolitica","Initial and sequel disease","65+","GPSpecialist",35812.7279010942,18302.4085603249,67608.4831019919
"1934","Yersinia Enterocolitica","Initial and sequel disease","65+","ED",65446.558893163,27900.8246554448,144872.407199394
"1935","Yersinia Enterocolitica","Initial and sequel disease","65+","Medications",24720.0227280396,12496.0889323031,47681.3835350595
"1936","Yersinia Enterocolitica","Initial and sequel disease","65+","Tests",28219.2068840757,22501.4517077193,39443.0821989186
"1937","Yersinia Enterocolitica","Initial and sequel disease","65+","Hospitalisation",314073.011159886,197523.065364667,449164.385424751
"1938","Yersinia Enterocolitica","Initial and sequel disease","65+","Deaths",214240.71789068,6683.56832765287,1817093.52048951
"1939","Yersinia Enterocolitica","Initial and sequel disease","65+","WTP",531642.997918606,281005.415272818,984827.846699989
"1940","Yersinia Enterocolitica","Initial and sequel disease","65+","WTPOngoing",44120.5994837934,10770.3461564725,125127.062829213
"1941","Yersinia Enterocolitica","Initial and sequel disease","65+","HumanCapital",595991.684853177,258418.794691469,1936901.50329572
"1942","Yersinia Enterocolitica","Initial and sequel disease","65+","FrictionHigh",476793.347882542,206735.035753175,1549521.20263657
"1943","Yersinia Enterocolitica","Initial and sequel disease","65+","FrictionLow",178797.505455953,77525.6384074408,581070.450988715
"1944","Yersinia Enterocolitica","Initial and sequel disease","65+","TotalHumanCapital",2112514.55321208,1171312.61304013,4423911.49218601
"1945","Yersinia Enterocolitica","Initial and sequel disease","65+","TotalFrictionHigh",1978191.80365927,1107036.51332306,4111493.98474102
"1946","Yersinia Enterocolitica","Initial and sequel disease","65+","TotalFrictionLow",1623372.91694906,936722.895051213,3359234.49697936
"1947","Yersinia Enterocolitica","Initial and sequel disease","All ages","GPSpecialist",176848.352151317,92386.4347256629,328733.176341844
"1948","Yersinia Enterocolitica","Initial and sequel disease","All ages","ED",330981.52954407,160949.801060062,661495.752796012
"1949","Yersinia Enterocolitica","Initial and sequel disease","All ages","Medications",108370.039441082,56450.5938502114,203286.968294698
"1950","Yersinia Enterocolitica","Initial and sequel disease","All ages","Tests",139245.6500028,111011.662278037,192551.038104091
"1951","Yersinia Enterocolitica","Initial and sequel disease","All ages","Hospitalisation",481214.227075187,351395.601997118,627135.949913786
"1952","Yersinia Enterocolitica","Initial and sequel disease","All ages","Deaths",1008886.35868105,169742.109428382,3433239.77766368
"1953","Yersinia Enterocolitica","Initial and sequel disease","All ages","WTP",2600446.68113701,1366487.03042674,4830851.37587083
"1954","Yersinia Enterocolitica","Initial and sequel disease","All ages","WTPOngoing",218610.85508664,54528.2082515007,606620.824410012
"1955","Yersinia Enterocolitica","Initial and sequel disease","All ages","HumanCapital",4804816.44595764,2484835.742785,9165187.37833085
"1956","Yersinia Enterocolitica","Initial and sequel disease","All ages","FrictionHigh",3843853.15676612,1987868.594228,7332149.90266468
"1957","Yersinia Enterocolitica","Initial and sequel disease","All ages","FrictionLow",1441444.93378729,745450.722835501,2749556.21349925
"1958","Yersinia Enterocolitica","Initial and sequel disease","All ages","TotalHumanCapital",10240931.9774324,5901005.80622978,17730076.2167718
"1959","Yersinia Enterocolitica","Initial and sequel disease","All ages","TotalFrictionHigh",9275321.96042665,5372834.62971959,15935947.8616377
"1960","Yersinia Enterocolitica","Initial and sequel disease","All ages","TotalFrictionLow",6843018.21320709,4017091.63218167,11574623.8117005
"1961","All pathogens","Initial","<5","GPSpecialist",2338443.7049682,1291888.3790975,3884179.07340017
"1962","All pathogens","Initial","<5","ED",4157717.52524267,1980758.21021545,8254017.00867292
"1963","All pathogens","Initial","<5","Medications",3245832.98283999,1718445.78700036,5652287.37664891
"1964","All pathogens","Initial","<5","Tests",528308.563620176,232307.12800474,1165491.96990563
"1965","All pathogens","Initial","<5","Hospitalisation",8441503.35158464,4594790.13773576,14569601.008809
"1966","All pathogens","Initial","<5","Deaths",20217961.2280279,12747358.4713955,30780833.9067498
"1967","All pathogens","Initial","<5","WTP",12822242.5446758,6942778.78973672,22270076.7265996
"1968","All pathogens","Initial","<5","WTPOngoing",0,0,0
"1969","All pathogens","Initial","<5","HumanCapital",71497326.838207,35499026.1848696,140732981.088067
"1970","All pathogens","Initial","<5","FrictionHigh",57197861.4705656,28399220.9478957,112586384.870454
"1971","All pathogens","Initial","<5","FrictionLow",21449198.0514621,10649707.8554609,42219894.3264201
"1972","All pathogens","Initial","<5","TotalHumanCapital",125691710.642019,78871151.5202848,205180519.768533
"1973","All pathogens","Initial","<5","TotalFrictionHigh",111424412.976393,71443616.618341,177270366.457806
"1974","All pathogens","Initial","<5","TotalFrictionLow",75521542.5274604,52092513.0396132,109036302.653517
"1975","All pathogens","Initial","5-64","GPSpecialist",32389112.5555884,17818657.6119622,53808597.2560496
"1976","All pathogens","Initial","5-64","ED",57868944.9888559,27435793.8979845,114578475.580229
"1977","All pathogens","Initial","5-64","Medications",30470875.5077412,16809606.8741321,50485658.269828
"1978","All pathogens","Initial","5-64","Tests",7248464.63976587,3138521.71568441,16159509.2521261
"1979","All pathogens","Initial","5-64","Hospitalisation",50034012.1769118,28347914.070823,84067771.8858082
"1980","All pathogens","Initial","5-64","Deaths",24361409.8313041,14078111.6515482,40464445.0631401
"1981","All pathogens","Initial","5-64","WTP",170433524.66936,88912936.791694,302300525.215638
"1982","All pathogens","Initial","5-64","WTPOngoing",0,0,0
"1983","All pathogens","Initial","5-64","HumanCapital",1472539337.18989,813588917.112839,2459758286.13528
"1984","All pathogens","Initial","5-64","FrictionHigh",1178031469.75191,650871133.690271,1967806628.90822
"1985","All pathogens","Initial","5-64","FrictionLow",441761801.156968,244076675.133852,737927485.840583
"1986","All pathogens","Initial","5-64","TotalHumanCapital",1858026485.39786,1068266205.42791,3020505862.37558
"1987","All pathogens","Initial","5-64","TotalFrictionHigh",1563338819.19555,904860599.370088,2528375259.63383
"1988","All pathogens","Initial","5-64","TotalFrictionLow",825889921.424659,493868217.913062,1306760602.94193
"1989","All pathogens","Initial","65+","GPSpecialist",7235269.48707069,3990742.08962449,12058042.8671395
"1990","All pathogens","Initial","65+","ED",12965908.9120487,6165132.26946844,25741715.3473874
"1991","All pathogens","Initial","65+","Medications",9257051.21845134,4856619.28045367,16492143.4538301
"1992","All pathogens","Initial","65+","Tests",1614729.69987763,697877.191817272,3595495.13326239
"1993","All pathogens","Initial","65+","Hospitalisation",97379386.3004318,53020662.4126765,167859899.704327
"1994","All pathogens","Initial","65+","Deaths",213566076.062613,124268157.389642,353507741.465048
"1995","All pathogens","Initial","65+","WTP",39891020.0512239,21558560.1171796,69401177.4620296
"1996","All pathogens","Initial","65+","WTPOngoing",0,0,0
"1997","All pathogens","Initial","65+","HumanCapital",178052633.223562,50776042.2351663,880284372.860302
"1998","All pathogens","Initial","65+","FrictionHigh",142442106.578849,40620833.788133,704227498.288241
"1999","All pathogens","Initial","65+","FrictionLow",53415789.9670686,15232812.6705499,264085311.85809
"2000","All pathogens","Initial","65+","TotalHumanCapital",593833319.314235,378977724.688335,1302158275.24755
"2001","All pathogens","Initial","65+","TotalFrictionHigh",558040581.073349,363592502.796663,1128724661.19323
"2002","All pathogens","Initial","65+","TotalFrictionLow",464529191.689061,318985707.925361,715940280.368708
"2003","All pathogens","Initial","All ages","GPSpecialist",42085449.6131556,23345376.6209166,69048250.7912999
"2004","All pathogens","Initial","All ages","ED",76246059.9124666,38558431.7216158,141520804.097416
"2005","All pathogens","Initial","All ages","Medications",43277224.6085177,24004489.3391625,71020889.7401893
"2006","All pathogens","Initial","All ages","Tests",9624331.8959117,4624380.92770704,19496129.8769191
"2007","All pathogens","Initial","All ages","Hospitalisation",159215315.646466,105674537.878768,234796098.449291
"2008","All pathogens","Initial","All ages","Deaths",260031858.417597,169151087.803314,400738049.864836
"2009","All pathogens","Initial","All ages","WTP",223172617.312053,117572416.111411,393812081.763953
"2010","All pathogens","Initial","All ages","WTPOngoing",0,0,0
"2011","All pathogens","Initial","All ages","HumanCapital",1795815844.84155,978899455.455847,3140516547.6697
"2012","All pathogens","Initial","All ages","FrictionHigh",1436652675.87324,783119564.364678,2512413238.13576
"2013","All pathogens","Initial","All ages","FrictionLow",538744753.452466,293669836.636754,942154964.30091
"2014","All pathogens","Initial","All ages","TotalHumanCapital",2638401445.30242,1641049820.55812,4196190913.75935
"2015","All pathogens","Initial","All ages","TotalFrictionHigh",2278896288.45944,1442675552.6812,3571218503.39383
"2016","All pathogens","Initial","All ages","TotalFrictionLow",1379318861.27742,936754669.633932,2020567500.17778
"2017","All pathogens","Reactive arthritis","<5","GPSpecialist",204430.029344735,109426.75693751,355171.581307907
"2018","All pathogens","Reactive arthritis","<5","ED",0,0,0
"2019","All pathogens","Reactive arthritis","<5","Medications",138492.448836002,69500.2851809595,265430.382666342
"2020","All pathogens","Reactive arthritis","<5","Tests",155466.630116025,82000.1968096303,276997.432453817
"2021","All pathogens","Reactive arthritis","<5","Hospitalisation",41058.1826610006,29981.679637713,54523.7401749981
"2022","All pathogens","Reactive arthritis","<5","Deaths",161968.066249423,18560.5772008641,747032.957631115
"2023","All pathogens","Reactive arthritis","<5","WTP",2701196.10493816,1255659.49904679,5286164.33945461
"2024","All pathogens","Reactive arthritis","<5","WTPOngoing",814808.350889588,265897.130396759,1842286.77631818
"2025","All pathogens","Reactive arthritis","<5","HumanCapital",7354483.13570326,3950022.29472764,12717241.9349134
"2026","All pathogens","Reactive arthritis","<5","FrictionHigh",5883586.50856261,3160017.83578211,10173793.5479307
"2027","All pathogens","Reactive arthritis","<5","FrictionLow",2206344.94071098,1185006.68841829,3815172.58047403
"2028","All pathogens","Reactive arthritis","<5","TotalHumanCapital",11735255.0648821,6326657.88132211,20453290.6438373
"2029","All pathogens","Reactive arthritis","<5","TotalFrictionHigh",10253991.7794072,5513914.47081819,17944783.7612071
"2030","All pathogens","Reactive arthritis","<5","TotalFrictionLow",6553160.61297432,3454608.176746,11780498.736144
"2031","All pathogens","Reactive arthritis","5-64","GPSpecialist",1231724.16324265,661597.657294348,2239361.05452884
"2032","All pathogens","Reactive arthritis","5-64","ED",0,0,0
"2033","All pathogens","Reactive arthritis","5-64","Medications",824753.507628785,412935.852099619,1689446.67038977
"2034","All pathogens","Reactive arthritis","5-64","Tests",932932.193394368,490736.78507757,1749200.82251059
"2035","All pathogens","Reactive arthritis","5-64","Hospitalisation",301886.76502229,211214.070268177,416859.389420201
"2036","All pathogens","Reactive arthritis","5-64","Deaths",157824.554033064,15818.6700605257,901581.452780441
"2037","All pathogens","Reactive arthritis","5-64","WTP",16305540.9040705,7571231.22336621,32857234.0249038
"2038","All pathogens","Reactive arthritis","5-64","WTPOngoing",4903306.28714517,1592171.65099309,11452142.6222374
"2039","All pathogens","Reactive arthritis","5-64","HumanCapital",52080955.7615782,28073061.1674567,93923924.0970053
"2040","All pathogens","Reactive arthritis","5-64","FrictionHigh",41664764.6092625,22458448.9339653,75139139.2776042
"2041","All pathogens","Reactive arthritis","5-64","FrictionLow",15624286.7284734,8421918.350237,28177177.2291016
"2042","All pathogens","Reactive arthritis","5-64","TotalHumanCapital",77278009.2209732,41424969.2426153,140955180.393194
"2043","All pathogens","Reactive arthritis","5-64","TotalFrictionHigh",66845165.2460226,35744079.6521168,122441182.710479
"2044","All pathogens","Reactive arthritis","5-64","TotalFrictionLow",40678233.6475746,21223635.3245899,76344648.3248144
"2045","All pathogens","Reactive arthritis","65+","GPSpecialist",374086.840086392,198645.898838264,686235.928120148
"2046","All pathogens","Reactive arthritis","65+","ED",0,0,0
"2047","All pathogens","Reactive arthritis","65+","Medications",250673.38592565,123390.224714243,522382.068266436
"2048","All pathogens","Reactive arthritis","65+","Tests",283537.355684548,147180.713977629,538411.20334684
"2049","All pathogens","Reactive arthritis","65+","Hospitalisation",69096.9005966015,47945.6128059139,96160.5315975417
"2050","All pathogens","Reactive arthritis","65+","Deaths",168927.89606089,15499.9181174356,1004638.40271094
"2051","All pathogens","Reactive arthritis","65+","WTP",4949906.75259875,2282854.45970777,10075686.3888923
"2052","All pathogens","Reactive arthritis","65+","WTPOngoing",1487277.51267989,483106.998066416,3515327.52091655
"2053","All pathogens","Reactive arthritis","65+","HumanCapital",6479436.28615648,3461833.34015081,11822871.7647496
"2054","All pathogens","Reactive arthritis","65+","FrictionHigh",5183549.02892519,2769466.67212065,9458297.41179967
"2055","All pathogens","Reactive arthritis","65+","FrictionLow",1943830.88584694,1038550.00204524,3546861.52942488
"2056","All pathogens","Reactive arthritis","65+","TotalHumanCapital",14291101.4193171,7532271.17853132,26735956.9029217
"2057","All pathogens","Reactive arthritis","65+","TotalFrictionHigh",12985973.1567988,6809413.04326726,24433011.7835666
"2058","All pathogens","Reactive arthritis","65+","TotalFrictionLow",9721948.50504575,4927715.89942231,18758595.6485546
"2059","All pathogens","Reactive arthritis","All ages","GPSpecialist",1815173.53196956,981602.655092168,3250303.84253668
"2060","All pathogens","Reactive arthritis","All ages","ED",0,0,0
"2061","All pathogens","Reactive arthritis","All ages","Medications",1235546.97038871,642559.330755582,2365607.51957269
"2062","All pathogens","Reactive arthritis","All ages","Tests",1381399.16240547,740074.747735403,2517859.35013402
"2063","All pathogens","Reactive arthritis","All ages","Hospitalisation",414024.907938463,318753.826082081,531479.855660151
"2064","All pathogens","Reactive arthritis","All ages","Deaths",674831.503258192,194216.249214443,1878232.37396597
"2065","All pathogens","Reactive arthritis","All ages","WTP",24009280.1805987,11204585.7333267,48007472.0178427
"2066","All pathogens","Reactive arthritis","All ages","WTPOngoing",7268571.11211794,2393247.62494878,16532705.8360259
"2067","All pathogens","Reactive arthritis","All ages","HumanCapital",66024142.0379714,35829153.3541987,117669913.542917
"2068","All pathogens","Reactive arthritis","All ages","FrictionHigh",52819313.6303771,28663322.683359,94135930.8343336
"2069","All pathogens","Reactive arthritis","All ages","FrictionLow",19807242.6113914,10748746.0062596,35300974.0628751
"2070","All pathogens","Reactive arthritis","All ages","TotalHumanCapital",103555639.590656,55897019.2580051,186898266.60815
"2071","All pathogens","Reactive arthritis","All ages","TotalFrictionHigh",90296306.1232508,48573848.2245384,163712741.649542
"2072","All pathogens","Reactive arthritis","All ages","TotalFrictionLow",57078699.7219815,29941044.3186858,106152434.628173
"2073","All pathogens","Irritable bowel syndrome","<5","GPSpecialist",948180.866721199,634327.029279696,1409651.5264653
"2074","All pathogens","Irritable bowel syndrome","<5","ED",0,0,0
"2075","All pathogens","Irritable bowel syndrome","<5","Medications",49448.5961659457,33131.1072316054,73482.4902117184
"2076","All pathogens","Irritable bowel syndrome","<5","Tests",615053.363513508,412414.009137884,913465.866931828
"2077","All pathogens","Irritable bowel syndrome","<5","Hospitalisation",4209.74381080123,2364.75784475227,7920.65934393319
"2078","All pathogens","Irritable bowel syndrome","<5","Deaths",45272.2681918291,3583.885117106,251837.842303408
"2079","All pathogens","Irritable bowel syndrome","<5","WTP",3144833.33129891,1916454.87572108,5040668.18714792
"2080","All pathogens","Irritable bowel syndrome","<5","WTPOngoing",4687097.60434864,2122004.54262733,9157988.19554335
"2081","All pathogens","Irritable bowel syndrome","<5","HumanCapital",3736751.9911813,2503906.35178545,5546887.88241327
"2082","All pathogens","Irritable bowel syndrome","<5","FrictionHigh",2989401.59294504,2003125.08142836,4437510.30593061
"2083","All pathogens","Irritable bowel syndrome","<5","FrictionLow",1121025.59735439,751171.905535635,1664066.36472398
"2084","All pathogens","Irritable bowel syndrome","<5","TotalHumanCapital",13347362.5909341,8301505.29836301,21351536.2462372
"2085","All pathogens","Irritable bowel syndrome","<5","TotalFrictionHigh",12589752.577066,7763670.21604456,20307844.6892813
"2086","All pathogens","Irritable bowel syndrome","<5","TotalFrictionLow",10700457.9078349,6387150.19689675,17731676.3620742
"2087","All pathogens","Irritable bowel syndrome","5-64","GPSpecialist",6153378.35718398,3925009.91932395,9749116.03943931
"2088","All pathogens","Irritable bowel syndrome","5-64","ED",0,0,0
"2089","All pathogens","Irritable bowel syndrome","5-64","Medications",320931.470614509,204909.901427945,508374.317125648
"2090","All pathogens","Irritable bowel syndrome","5-64","Tests",4679619.85240596,2978369.16307033,7446608.13378459
"2091","All pathogens","Irritable bowel syndrome","5-64","Hospitalisation",2633966.41887127,1421949.14965067,5628015.66212909
"2092","All pathogens","Irritable bowel syndrome","5-64","Deaths",183655.857583422,42239.8601621604,685522.316940069
"2093","All pathogens","Irritable bowel syndrome","5-64","WTP",20439875.7473551,11979138.4978988,34537178.9384608
"2094","All pathogens","Irritable bowel syndrome","5-64","WTPOngoing",30055611.505351,12931369.2824032,62976406.0766859
"2095","All pathogens","Irritable bowel syndrome","5-64","HumanCapital",28419605.5791124,18149874.3298114,44924521.4992283
"2096","All pathogens","Irritable bowel syndrome","5-64","FrictionHigh",22735684.46329,14519899.4638491,35939617.1993827
"2097","All pathogens","Irritable bowel syndrome","5-64","FrictionLow",8525881.67373373,5444962.29894343,13477356.4497685
"2098","All pathogens","Irritable bowel syndrome","5-64","TotalHumanCapital",94153553.3034218,57594361.505539,156949810.580774
"2099","All pathogens","Irritable bowel syndrome","5-64","TotalFrictionHigh",88404272.2963411,53658923.6841504,148376342.664006
"2100","All pathogens","Irritable bowel syndrome","5-64","TotalFrictionLow",74052412.6290994,43690035.6552668,127211729.762073
"2101","All pathogens","Irritable bowel syndrome","65+","GPSpecialist",1878350.66806968,1187052.65490023,3001942.53618336
"2102","All pathogens","Irritable bowel syndrome","65+","ED",0,0,0
"2103","All pathogens","Irritable bowel syndrome","65+","Medications",98054.9871942814,61952.7141257794,156693.636342234
"2104","All pathogens","Irritable bowel syndrome","65+","Tests",1641860.43841535,1035293.20648534,2632206.15726956
"2105","All pathogens","Irritable bowel syndrome","65+","Hospitalisation",630674.41678491,337104.583078664,1378140.70914051
"2106","All pathogens","Irritable bowel syndrome","65+","Deaths",1000157.7054848,421188.87461044,2572245.09948563
"2107","All pathogens","Irritable bowel syndrome","65+","WTP",6244463.39559674,3626629.1254436,10638362.4957553
"2108","All pathogens","Irritable bowel syndrome","65+","WTPOngoing",9181295.56293359,3924773.41970316,19477856.0894559
"2109","All pathogens","Irritable bowel syndrome","65+","HumanCapital",3534236.06492635,2235877.71558647,5637598.33890261
"2110","All pathogens","Irritable bowel syndrome","65+","FrictionHigh",2827388.85194108,1788702.17246918,4510078.67112209
"2111","All pathogens","Irritable bowel syndrome","65+","FrictionLow",1060270.81947791,670763.314675942,1691279.50167078
"2112","All pathogens","Irritable bowel syndrome","65+","TotalHumanCapital",24662413.367973,14898956.21409,41836612.5609927
"2113","All pathogens","Irritable bowel syndrome","65+","TotalFrictionHigh",23944641.380577,14400076.6272877,40790746.7866528
"2114","All pathogens","Irritable bowel syndrome","65+","TotalFrictionLow",22159229.8975142,13151487.6211293,38188306.6257469
"2115","All pathogens","Irritable bowel syndrome","All ages","GPSpecialist",8983494.30486603,5781703.22230373,14118604.0416598
"2116","All pathogens","Irritable bowel syndrome","All ages","ED",0,0,0
"2117","All pathogens","Irritable bowel syndrome","All ages","Medications",468683.433067914,301747.065961899,735760.429219351
"2118","All pathogens","Irritable bowel syndrome","All ages","Tests",6943453.70605733,4451632.42014972,10955367.0626094
"2119","All pathogens","Irritable bowel syndrome","All ages","Hospitalisation",3378529.62486601,2020586.45835764,6407018.68388704
"2120","All pathogens","Irritable bowel syndrome","All ages","Deaths",1336254.32756508,648289.016791001,2964859.20267584
"2121","All pathogens","Irritable bowel syndrome","All ages","WTP",29854838.08932,17597289.9825331,50094390.3313251
"2122","All pathogens","Irritable bowel syndrome","All ages","WTPOngoing",44585624.4990384,20335765.2403338,88172746.1905424
"2123","All pathogens","Irritable bowel syndrome","All ages","HumanCapital",35707991.5774142,23006686.9547981,55966148.9455192
"2124","All pathogens","Irritable bowel syndrome","All ages","FrictionHigh",28566393.2619314,18405349.5638385,44772919.1564154
"2125","All pathogens","Irritable bowel syndrome","All ages","FrictionLow",10712397.4732243,6902006.08643944,16789844.6836558
"2126","All pathogens","Irritable bowel syndrome","All ages","TotalHumanCapital",132458283.037113,81835921.0127092,217780139.586084
"2127","All pathogens","Irritable bowel syndrome","All ages","TotalFrictionHigh",125261371.704296,76886626.8081383,207112239.941468
"2128","All pathogens","Irritable bowel syndrome","All ages","TotalFrictionLow",107322871.245908,64328507.0177469,180671731.768265
"2129","All pathogens","Guillain-Barré syndrome","<5","GPSpecialist",6309.50262971992,3077.86012020014,13026.1047827124
"2130","All pathogens","Guillain-Barré syndrome","<5","ED",0,0,0
"2131","All pathogens","Guillain-Barré syndrome","<5","Medications",0,0,0
"2132","All pathogens","Guillain-Barré syndrome","<5","Tests",0,0,0
"2133","All pathogens","Guillain-Barré syndrome","<5","Hospitalisation",379783.726826315,185388.594370006,781701.735573891
"2134","All pathogens","Guillain-Barré syndrome","<5","Deaths",55745.1968996294,458.748208986089,544398.325019549
"2135","All pathogens","Guillain-Barré syndrome","<5","WTP",18458.7755357792,8640.75041689837,39627.8900364261
"2136","All pathogens","Guillain-Barré syndrome","<5","WTPOngoing",3070.48891272728,1296.98081366261,7087.04643082571
"2137","All pathogens","Guillain-Barré syndrome","<5","HumanCapital",170657.619456725,83305.2444189703,351261.383506407
"2138","All pathogens","Guillain-Barré syndrome","<5","FrictionHigh",136526.09556538,66644.1955351762,281009.106805125
"2139","All pathogens","Guillain-Barré syndrome","<5","FrictionLow",51197.2858370175,24991.5733256911,105378.415051922
"2140","All pathogens","Guillain-Barré syndrome","<5","TotalHumanCapital",699875.764348175,336293.89816085,1457204.00123766
"2141","All pathogens","Guillain-Barré syndrome","<5","TotalFrictionHigh",664492.062083411,317929.735788622,1394182.19110756
"2142","All pathogens","Guillain-Barré syndrome","<5","TotalFrictionLow",575284.910212177,271712.054137982,1235468.64645484
"2143","All pathogens","Guillain-Barré syndrome","5-64","GPSpecialist",57443.1628124096,28018.6017457668,118715.945684653
"2144","All pathogens","Guillain-Barré syndrome","5-64","ED",0,0,0
"2145","All pathogens","Guillain-Barré syndrome","5-64","Medications",0,0,0
"2146","All pathogens","Guillain-Barré syndrome","5-64","Tests",0,0,0
"2147","All pathogens","Guillain-Barré syndrome","5-64","Hospitalisation",3460096.0204213,1689020.07195404,7121850.86764552
"2148","All pathogens","Guillain-Barré syndrome","5-64","Deaths",4272099.07623058,1712942.26520791,8923737.49907636
"2149","All pathogens","Guillain-Barré syndrome","5-64","WTP",168172.386707892,78723.2943886423,361037.86162338
"2150","All pathogens","Guillain-Barré syndrome","5-64","WTPOngoing",59547.9018939012,25200.5183706494,137444.952329806
"2151","All pathogens","Guillain-Barré syndrome","5-64","HumanCapital",1821003.81055946,888909.431699883,3748138.05503572
"2152","All pathogens","Guillain-Barré syndrome","5-64","FrictionHigh",1456803.04844757,711127.545359906,2998510.44402857
"2153","All pathogens","Guillain-Barré syndrome","5-64","FrictionLow",546301.143167839,266672.829509965,1124441.41651072
"2154","All pathogens","Guillain-Barré syndrome","5-64","TotalHumanCapital",10296100.4652896,5840325.85077286,17394991.8603155
"2155","All pathogens","Guillain-Barré syndrome","5-64","TotalFrictionHigh",9923386.49707207,5614488.5646376,16737067.9066858
"2156","All pathogens","Guillain-Barré syndrome","5-64","TotalFrictionLow",8974615.15273831,5052640.81505587,15111022.0549286
"2157","All pathogens","Guillain-Barré syndrome","65+","GPSpecialist",18048.6484418699,8807.80360980272,37231.4806976995
"2158","All pathogens","Guillain-Barré syndrome","65+","ED",0,0,0
"2159","All pathogens","Guillain-Barré syndrome","65+","Medications",0,0,0
"2160","All pathogens","Guillain-Barré syndrome","65+","Tests",0,0,0
"2161","All pathogens","Guillain-Barré syndrome","65+","Hospitalisation",1085715.16941089,529983.764247296,2234707.20917836
"2162","All pathogens","Guillain-Barré syndrome","65+","Deaths",48901959.6030362,21376973.1583546,90473800.4968727
"2163","All pathogens","Guillain-Barré syndrome","65+","WTP",52769.4347923215,24701.9372870875,113287.111335264
"2164","All pathogens","Guillain-Barré syndrome","65+","WTPOngoing",57089.8595561712,24270.7108801097,130575.802149519
"2165","All pathogens","Guillain-Barré syndrome","65+","HumanCapital",232262.515330758,113377.214979258,478061.5874725
"2166","All pathogens","Guillain-Barré syndrome","65+","FrictionHigh",185810.012264606,90701.7719834067,382449.269978
"2167","All pathogens","Guillain-Barré syndrome","65+","FrictionLow",69678.7545992273,34013.1644937775,143418.47624175
"2168","All pathogens","Guillain-Barré syndrome","65+","TotalHumanCapital",50503041.0065211,22937906.2434793,92076493.7756277
"2169","All pathogens","Guillain-Barré syndrome","65+","TotalFrictionHigh",50451892.2366559,22888578.1348286,92028728.3697728
"2170","All pathogens","Guillain-Barré syndrome","65+","TotalFrictionLow",50327670.087321,22766960.1519322,91906395.7845691
"2171","All pathogens","Guillain-Barré syndrome","All ages","GPSpecialist",81833.6219222552,39927.185532312,168876.542478952
"2172","All pathogens","Guillain-Barré syndrome","All ages","ED",0,0,0
"2173","All pathogens","Guillain-Barré syndrome","All ages","Medications",0,0,0
"2174","All pathogens","Guillain-Barré syndrome","All ages","Tests",0,0,0
"2175","All pathogens","Guillain-Barré syndrome","All ages","Hospitalisation",4925594.9166585,2404392.43057134,10138259.8123978
"2176","All pathogens","Guillain-Barré syndrome","All ages","Deaths",53701746.4695123,25875286.1700682,95427842.7743813
"2177","All pathogens","Guillain-Barré syndrome","All ages","WTP",239400.597035993,112065.982092628,513952.86299507
"2178","All pathogens","Guillain-Barré syndrome","All ages","WTPOngoing",119773.482894093,50946.6379988743,274466.62826282
"2179","All pathogens","Guillain-Barré syndrome","All ages","HumanCapital",2223923.94534695,1085591.89109811,4577461.02601462
"2180","All pathogens","Guillain-Barré syndrome","All ages","FrictionHigh",1779139.15627756,868473.512878489,3661968.8208117
"2181","All pathogens","Guillain-Barré syndrome","All ages","FrictionLow",667177.183604084,325677.567329433,1373238.30780439
"2182","All pathogens","Guillain-Barré syndrome","All ages","TotalHumanCapital",62189627.5515309,33547044.1173825,104292053.094101
"2183","All pathogens","Guillain-Barré syndrome","All ages","TotalFrictionHigh",61688095.5946677,33118164.2535133,103769446.551196
"2184","All pathogens","Guillain-Barré syndrome","All ages","TotalFrictionLow",60434486.3479442,32064301.9238733,102386203.926465
"2185","All pathogens","Haemolytic uremic syndrome","<5","GPSpecialist",2050.83832362703,586.952745062563,6109.96160524496
"2186","All pathogens","Haemolytic uremic syndrome","<5","ED",0,0,0
"2187","All pathogens","Haemolytic uremic syndrome","<5","Medications",0,0,0
"2188","All pathogens","Haemolytic uremic syndrome","<5","Tests",0,0,0
"2189","All pathogens","Haemolytic uremic syndrome","<5","Hospitalisation",87307.6297404917,33111.3595757846,220683.266578938
"2190","All pathogens","Haemolytic uremic syndrome","<5","Deaths",76754.242026589,655.398118870045,728906.730402243
"2191","All pathogens","Haemolytic uremic syndrome","<5","WTP",31106.1883107167,11451.7336929539,81356.470400792
"2192","All pathogens","Haemolytic uremic syndrome","<5","WTPOngoing",11754.1013721294,3626.49786487434,35868.8589664263
"2193","All pathogens","Haemolytic uremic syndrome","<5","HumanCapital",61848.5513018816,23456.0212834204,156331.587228328
"2194","All pathogens","Haemolytic uremic syndrome","<5","FrictionHigh",49478.8410415053,18764.8170267363,125065.269782663
"2195","All pathogens","Haemolytic uremic syndrome","<5","FrictionLow",18554.5653905645,7036.80638502611,46899.4761684985
"2196","All pathogens","Haemolytic uremic syndrome","<5","TotalHumanCapital",325442.525838295,111782.88933953,1005957.46600239
"2197","All pathogens","Haemolytic uremic syndrome","<5","TotalFrictionHigh",310577.620786789,105881.769103085,985232.627123453
"2198","All pathogens","Haemolytic uremic syndrome","<5","TotalFrictionLow",273355.251220682,90182.0067772354,934895.723067906
"2199","All pathogens","Haemolytic uremic syndrome","5-64","GPSpecialist",9859.92912340759,2813.69826713318,29325.2406024393
"2200","All pathogens","Haemolytic uremic syndrome","5-64","ED",0,0,0
"2201","All pathogens","Haemolytic uremic syndrome","5-64","Medications",0,0,0
"2202","All pathogens","Haemolytic uremic syndrome","5-64","Tests",0,0,0
"2203","All pathogens","Haemolytic uremic syndrome","5-64","Hospitalisation",420393.945243386,159434.11962747,1062609.4118243
"2204","All pathogens","Haemolytic uremic syndrome","5-64","Deaths",4644027.04072,2071752.24309851,9487918.71296568
"2205","All pathogens","Haemolytic uremic syndrome","5-64","WTP",149779.042957583,55141.1087595332,391738.587618575
"2206","All pathogens","Haemolytic uremic syndrome","5-64","WTPOngoing",56622.5438648904,17342.0608267704,172491.547763666
"2207","All pathogens","Haemolytic uremic syndrome","5-64","HumanCapital",350092.825737777,132772.467565109,884912.677383474
"2208","All pathogens","Haemolytic uremic syndrome","5-64","FrictionHigh",280074.260590221,106217.974052087,707930.141906779
"2209","All pathogens","Haemolytic uremic syndrome","5-64","FrictionLow",105027.847721333,39831.7402695328,265473.803215042
"2210","All pathogens","Haemolytic uremic syndrome","5-64","TotalHumanCapital",5823060.95607083,3011416.63679669,10788647.0837815
"2211","All pathogens","Haemolytic uremic syndrome","5-64","TotalFrictionHigh",5741289.09367926,2955287.38718348,10687324.8995317
"2212","All pathogens","Haemolytic uremic syndrome","5-64","TotalFrictionLow",5532964.86590209,2814249.87080715,10440017.50495
"2213","All pathogens","Haemolytic uremic syndrome","65+","GPSpecialist",2833.84200260001,807.878369926416,8499.03664529102
"2214","All pathogens","Haemolytic uremic syndrome","65+","ED",0,0,0
"2215","All pathogens","Haemolytic uremic syndrome","65+","Medications",0,0,0
"2216","All pathogens","Haemolytic uremic syndrome","65+","Tests",0,0,0
"2217","All pathogens","Haemolytic uremic syndrome","65+","Hospitalisation",120822.381172394,45821.8064067571,305396.880343935
"2218","All pathogens","Haemolytic uremic syndrome","65+","Deaths",8436367.40233588,4012748.99096187,16302373.205554
"2219","All pathogens","Haemolytic uremic syndrome","65+","WTP",43046.9107003443,15847.7069810214,112586.752232563
"2220","All pathogens","Haemolytic uremic syndrome","65+","WTPOngoing",16261.1035012436,5014.68643605869,49551.4237061886
"2221","All pathogens","Haemolytic uremic syndrome","65+","HumanCapital",41287.9633326676,15658.4321911299,104361.584958007
"2222","All pathogens","Haemolytic uremic syndrome","65+","FrictionHigh",33030.3706661341,12526.7457529039,83489.2679664052
"2223","All pathogens","Haemolytic uremic syndrome","65+","FrictionLow",12386.3889998003,4697.52965733896,31308.475487402
"2224","All pathogens","Haemolytic uremic syndrome","65+","TotalHumanCapital",8702138.39933659,4270554.97641443,16563790.9345443
"2225","All pathogens","Haemolytic uremic syndrome","65+","TotalFrictionHigh",8692189.60932582,4259903.55915712,16554926.1752381
"2226","All pathogens","Haemolytic uremic syndrome","65+","TotalFrictionLow",8669129.51030264,4237358.0675255,16532126.4335783
"2227","All pathogens","Haemolytic uremic syndrome","All ages","GPSpecialist",15117.1808428449,5120.09539310787,41742.1046748722
"2228","All pathogens","Haemolytic uremic syndrome","All ages","ED",0,0,0
"2229","All pathogens","Haemolytic uremic syndrome","All ages","Medications",0,0,0
"2230","All pathogens","Haemolytic uremic syndrome","All ages","Tests",0,0,0
"2231","All pathogens","Haemolytic uremic syndrome","All ages","Hospitalisation",628523.956156272,238367.285610012,1588689.55874717
"2232","All pathogens","Haemolytic uremic syndrome","All ages","Deaths",13743498.9706547,8007638.3332787,22565958.3784191
"2233","All pathogens","Haemolytic uremic syndrome","All ages","WTP",223932.141968644,82440.5494335085,585681.81025193
"2234","All pathogens","Haemolytic uremic syndrome","All ages","WTPOngoing",86686.7426167032,28795.2885748941,249819.232763726
"2235","All pathogens","Haemolytic uremic syndrome","All ages","HumanCapital",453229.340372326,171886.92103966,1145605.84956981
"2236","All pathogens","Haemolytic uremic syndrome","All ages","FrictionHigh",362583.472297861,137509.536831728,916484.679655847
"2237","All pathogens","Haemolytic uremic syndrome","All ages","FrictionLow",135968.802111698,51566.0763118979,343681.754870943
"2238","All pathogens","Haemolytic uremic syndrome","All ages","TotalHumanCapital",15410625.6568342,9466174.77837695,24389446.4894069
"2239","All pathogens","Haemolytic uremic syndrome","All ages","TotalFrictionHigh",15304991.2215079,9385509.30563333,24263118.5906386
"2240","All pathogens","Haemolytic uremic syndrome","All ages","TotalFrictionLow",15034128.663094,9171494.28921855,23939997.3039177
"2241","All pathogens","Initial and sequel disease","<5","GPSpecialist",3543087.59468672,2387549.72584068,5158742.48971119
"2242","All pathogens","Initial and sequel disease","<5","ED",4157717.52524267,1980758.21021545,8254017.00867292
"2243","All pathogens","Initial and sequel disease","<5","Medications",3444494.60198669,1915999.29517572,5854700.37813572
"2244","All pathogens","Initial and sequel disease","<5","Tests",1339791.51185107,899380.848775899,2043556.38436547
"2245","All pathogens","Initial and sequel disease","<5","Hospitalisation",9016884.48789909,5134272.22079706,15141161.3209571
"2246","All pathogens","Initial and sequel disease","<5","Deaths",20849663.2630443,13344088.9300634,31445718.335998
"2247","All pathogens","Initial and sequel disease","<5","WTP",19138101.881467,12447775.121279,29040129.8635921
"2248","All pathogens","Initial and sequel disease","<5","WTPOngoing",5594799.21224711,2812204.08030153,10355403.9295036
"2249","All pathogens","Initial and sequel disease","<5","HumanCapital",83444296.9060454,46758664.1075171,152706937.557196
"2250","All pathogens","Initial and sequel disease","<5","FrictionHigh",66755437.5248363,37406931.2860137,122165550.045757
"2251","All pathogens","Initial and sequel disease","<5","FrictionLow",25033289.0718136,14027599.2322551,45812081.2671589
"2252","All pathogens","Initial and sequel disease","<5","TotalHumanCapital",153349664.470046,104704241.087923,233284484.313286
"2253","All pathogens","Initial and sequel disease","<5","TotalFrictionHigh",136595425.563825,94947419.3732643,203184772.885994
"2254","All pathogens","Initial and sequel disease","<5","TotalFrictionLow",94739897.107134,69696675.0902925,129332622.509082
"2255","All pathogens","Initial and sequel disease","5-64","GPSpecialist",40198065.0836107,25165220.7587068,61941181.8328118
"2256","All pathogens","Initial and sequel disease","5-64","ED",57868944.9888559,27435793.8979845,114578475.580229
"2257","All pathogens","Initial and sequel disease","5-64","Medications",31717075.2501156,18018707.7628504,51750649.800657
"2258","All pathogens","Initial and sequel disease","5-64","Tests",13245223.9721033,8205966.21176211,22424043.7882617
"2259","All pathogens","Initial and sequel disease","5-64","Hospitalisation",57622854.8513476,35574819.980423,91804567.2625815
"2260","All pathogens","Initial and sequel disease","5-64","Deaths",34670471.221885,23080275.2132172,51657386.7613748
"2261","All pathogens","Initial and sequel disease","5-64","WTP",210217438.487744,125431449.956565,343968808.750285
"2262","All pathogens","Initial and sequel disease","5-64","WTPOngoing",35597441.2047364,17068605.0185829,70482271.3662973
"2263","All pathogens","Initial and sequel disease","5-64","HumanCapital",1560815488.10505,897633996.13186,2547278740.58663
"2264","All pathogens","Initial and sequel disease","5-64","FrictionHigh",1248652390.48404,718107196.905488,2037822992.46931
"2265","All pathogens","Initial and sequel disease","5-64","FrictionLow",468244646.431514,269290198.839558,764183622.17599
"2266","All pathogens","Initial and sequel disease","5-64","TotalHumanCapital",2057394621.09781,1259902705.47688,3221509077.05089
"2267","All pathogens","Initial and sequel disease","5-64","TotalFrictionHigh",1745044893.82407,1079359436.8205,2712115022.87125
"2268","All pathogens","Initial and sequel disease","5-64","TotalFrictionLow",963906471.624379,625543412.685023,1448558076.49036
"2269","All pathogens","Initial and sequel disease","65+","GPSpecialist",9625948.36370979,6186725.2089575,14599282.4923249
"2270","All pathogens","Initial and sequel disease","65+","ED",12965908.9120487,6165132.26946844,25741715.3473874
"2271","All pathogens","Initial and sequel disease","65+","Medications",9635868.02671441,5226018.86463698,16880577.7590061
"2272","All pathogens","Initial and sequel disease","65+","Tests",3663198.45500124,2353729.62601121,5836047.74917487
"2273","All pathogens","Initial and sequel disease","65+","Hospitalisation",99501143.4354334,55142756.7660955,170029367.560757
"2274","All pathogens","Initial and sequel disease","65+","Deaths",276228830.94824,179051838.904267,420224742.375913
"2275","All pathogens","Initial and sequel disease","65+","WTP",52075503.2068904,32505630.1350591,82236191.3032221
"2276","All pathogens","Initial and sequel disease","65+","WTPOngoing",10919066.4068855,5193592.92827606,21836117.0981072
"2277","All pathogens","Initial and sequel disease","65+","HumanCapital",188922495.905025,61624239.1628714,891460097.232905
"2278","All pathogens","Initial and sequel disease","65+","FrictionHigh",151137996.72402,49299391.3302971,713168077.786324
"2279","All pathogens","Initial and sequel disease","65+","FrictionLow",56676748.7715076,18487271.7488614,267438029.169872
"2280","All pathogens","Initial and sequel disease","65+","TotalHumanCapital",698224923.198632,478528867.656602,1406925733.63922
"2281","All pathogens","Initial and sequel disease","65+","TotalFrictionHigh",660603997.366046,460646274.309505,1231505605.58226
"2282","All pathogens","Initial and sequel disease","65+","TotalFrictionLow",561142640.514001,409421917.852373,815682563.999385
"2283","All pathogens","Initial and sequel disease","All ages","GPSpecialist",53524770.8709451,34035047.8723561,80964727.947061
"2284","All pathogens","Initial and sequel disease","All ages","ED",76246059.9124666,38558431.7216158,141520804.097416
"2285","All pathogens","Initial and sequel disease","All ages","Medications",45097883.7550855,25780586.3349365,72826459.2319237
"2286","All pathogens","Initial and sequel disease","All ages","Tests",18455926.9883768,12053436.4197888,28962708.1323149
"2287","All pathogens","Initial and sequel disease","All ages","Hospitalisation",169495476.765821,115718927.761836,245092117.849033
"2288","All pathogens","Initial and sequel disease","All ages","Deaths",333571588.538579,234712941.979293,478321586.458618
"2289","All pathogens","Initial and sequel disease","All ages","WTP",281427480.858691,170727932.630801,455146773.152859
"2290","All pathogens","Initial and sequel disease","All ages","WTPOngoing",52734813.4930023,26416798.6512441,99337226.8000739
"2291","All pathogens","Initial and sequel disease","All ages","HumanCapital",1906128324.99158,1087636316.786,3250057615.72019
"2292","All pathogens","Initial and sequel disease","All ages","FrictionHigh",1524902659.99326,870109053.428799,2600046092.57615
"2293","All pathogens","Initial and sequel disease","All ages","FrictionLow",571838497.497473,326290895.0358,975017284.716057
"2294","All pathogens","Initial and sequel disease","All ages","TotalHumanCapital",2968334718.01083,1961654272.28228,4529696187.95364
"2295","All pathogens","Initial and sequel disease","All ages","TotalFrictionHigh",2587139568.04368,1740294697.48992,3884294328.30084
"2296","All pathogens","Initial and sequel disease","All ages","TotalFrictionLow",1632592742.73607,1179340496.02969,2282098480.54839
