"","Pathogen","Disease","AgeGroup","CostItem","median","5%","95%"
"1","All gastro pathogens","Gastroenteritis","<5","Premature mortality",5711844.89691185,2722703.90871488,11140539.2410287
"2","All gastro pathogens","Gastroenteritis","<5","HumanCapital",71212325.6450295,35047624.3855814,140350698.600319
"3","All gastro pathogens","Gastroenteritis","<5","FrictionHigh",56969860.5160236,28038099.5084651,112280558.880255
"4","All gastro pathogens","Gastroenteritis","<5","FrictionLow",21363697.6935088,10514287.3156744,42105209.5800956
"5","All gastro pathogens","Gastroenteritis","<5","TotalHumanCapital",109998442.360507,64153992.3866756,189365254.752911
"6","All gastro pathogens","Gastroenteritis","<5","TotalFrictionHigh",95764022.4599648,56910884.7131736,161550503.156461
"7","All gastro pathogens","Gastroenteritis","<5","TotalFrictionLow",60042004.0073343,38255934.1479165,92897604.4989956
"8","All gastro pathogens","Gastroenteritis","<5","Direct",18956370.6122937,12160823.4974875,27994312.5331303
"9","All gastro pathogens","Gastroenteritis","<5","Pain and suffering",12704287.7741661,6858486.24741945,22176245.4718575
"10","All gastro pathogens","Gastroenteritis","5-64","Premature mortality",18848059.3366094,9553039.09299099,34366125.6116856
"11","All gastro pathogens","Gastroenteritis","5-64","HumanCapital",1467352377.8455,809575656.92253,2451968948.29186
"12","All gastro pathogens","Gastroenteritis","5-64","FrictionHigh",1173881902.2764,647660525.538024,1961575158.63349
"13","All gastro pathogens","Gastroenteritis","5-64","FrictionLow",440205713.353649,242872697.076759,735590684.487557
"14","All gastro pathogens","Gastroenteritis","5-64","TotalHumanCapital",1841561302.38127,1052765056.08378,3000093699.60861
"15","All gastro pathogens","Gastroenteritis","5-64","TotalFrictionHigh",1548011621.06266,890268776.296982,2511041930.48715
"16","All gastro pathogens","Gastroenteritis","5-64","TotalFrictionLow",813028862.953566,482297812.699024,1292326326.92158
"17","All gastro pathogens","Gastroenteritis","5-64","Direct",177790002.821001,111455601.824279,273537221.293904
"18","All gastro pathogens","Gastroenteritis","5-64","Pain and suffering",169484767.475344,88230090.9372555,301515535.599085
"19","All gastro pathogens","Gastroenteritis","65+","Premature mortality",183445970.300299,95581011.9821328,323361744.908236
"20","All gastro pathogens","Gastroenteritis","65+","HumanCapital",177159221.914785,50424526.0449628,877863107.096109
"21","All gastro pathogens","Gastroenteritis","65+","FrictionHigh",141727377.531828,40339620.8359702,702290485.676887
"22","All gastro pathogens","Gastroenteritis","65+","FrictionLow",53147766.5744356,15127357.8134888,263358932.128833
"23","All gastro pathogens","Gastroenteritis","65+","TotalHumanCapital",558492465.908185,344533175.566995,1266223120.70469
"24","All gastro pathogens","Gastroenteritis","65+","TotalFrictionHigh",523317690.860754,329357972.8565,1093266472.34292
"25","All gastro pathogens","Gastroenteritis","65+","TotalFrictionLow",429650481.297309,285180839.63119,683119025.485444
"26","All gastro pathogens","Gastroenteritis","65+","Direct",126731541.650176,78019643.6374564,199110737.235873
"27","All gastro pathogens","Gastroenteritis","65+","Pain and suffering",39726450.4818157,21528395.4803214,69255544.0112486
"28","All gastro pathogens","Gastroenteritis","All ages","Premature mortality",209743602.408176,120691691.842327,350162355.625178
"29","All gastro pathogens","Gastroenteritis","All ages","HumanCapital",1788428473.16492,972048670.66556,3135542783.36134
"30","All gastro pathogens","Gastroenteritis","All ages","FrictionHigh",1430742778.53194,777638936.532448,2508434226.68907
"31","All gastro pathogens","Gastroenteritis","All ages","FrictionLow",536528541.949476,291614601.199668,940662835.008401
"32","All gastro pathogens","Gastroenteritis","All ages","TotalHumanCapital",2569769274.90374,1572312828.1097,4132378572.18792
"33","All gastro pathogens","Gastroenteritis","All ages","TotalFrictionHigh",2211726651.22738,1375528464.58022,3508512991.01232
"34","All gastro pathogens","Gastroenteritis","All ages","TotalFrictionLow",1316454534.75625,874964519.254812,1959111359.9293
"35","All gastro pathogens","Gastroenteritis","All ages","Direct",327973422.179669,226268906.202922,460493959.064942
"36","All gastro pathogens","Gastroenteritis","All ages","Pain and suffering",221919269.745862,116745184.736736,392916315.168831
"37","All gastro pathogens","Reactive arthritis","<5","Premature mortality",161903.247828767,18429.3684691352,746113.261610907
"38","All gastro pathogens","Reactive arthritis","<5","HumanCapital",7334745.73442891,3958041.34564495,12701132.7902412
"39","All gastro pathogens","Reactive arthritis","<5","FrictionHigh",5867796.58754313,3166433.07651596,10160906.2321929
"40","All gastro pathogens","Reactive arthritis","<5","FrictionLow",2200423.72032867,1187412.40369349,3810339.83707235
"41","All gastro pathogens","Reactive arthritis","<5","TotalHumanCapital",11694250.0837706,6328141.80343081,20431426.4023416
"42","All gastro pathogens","Reactive arthritis","<5","TotalFrictionHigh",10221264.5542516,5518534.23285593,17928035.6751789
"43","All gastro pathogens","Reactive arthritis","<5","TotalFrictionLow",6531553.72367848,3447551.40593465,11766966.4908518
"44","All gastro pathogens","Reactive arthritis","<5","Direct",541481.734029952,307662.742392741,922793.98466383
"45","All gastro pathogens","Reactive arthritis","<5","Pain and suffering",3510347.77272218,1555293.17395687,7061670.52156903
"46","All gastro pathogens","Reactive arthritis","5-64","Premature mortality",157189.884332211,15776.4935082734,898558.151216441
"47","All gastro pathogens","Reactive arthritis","5-64","HumanCapital",51905442.2069144,28130521.2997534,93663198.0059867
"48","All gastro pathogens","Reactive arthritis","5-64","FrictionHigh",41524353.7655316,22504417.0398028,74930558.4047894
"49","All gastro pathogens","Reactive arthritis","5-64","FrictionLow",15571632.6620743,8439156.38992603,28098959.401796
"50","All gastro pathogens","Reactive arthritis","5-64","TotalHumanCapital",77080519.7084281,41509504.671289,140595929.922501
"51","All gastro pathogens","Reactive arthritis","5-64","TotalFrictionHigh",66669165.6696442,35758843.5789777,122075246.198118
"52","All gastro pathogens","Reactive arthritis","5-64","TotalFrictionLow",40549705.1339618,21196698.62167,76289116.1913037
"53","All gastro pathogens","Reactive arthritis","5-64","Direct",3314349.98776022,1906583.09121567,5854216.33576169
"54","All gastro pathogens","Reactive arthritis","5-64","Pain and suffering",21192171.9486854,9402288.01535427,43936972.8738099
"55","All gastro pathogens","Reactive arthritis","65+","Premature mortality",168267.619910046,15688.243790431,999186.558626494
"56","All gastro pathogens","Reactive arthritis","65+","HumanCapital",6459731.7602769,3466582.9106423,11786833.6885069
"57","All gastro pathogens","Reactive arthritis","65+","FrictionHigh",5167785.40822152,2773266.32851384,9429466.9508055
"58","All gastro pathogens","Reactive arthritis","65+","FrictionLow",1937919.52808307,1039974.87319269,3536050.10655206
"59","All gastro pathogens","Reactive arthritis","65+","TotalHumanCapital",14256004.646899,7528369.49624991,26681255.7756765
"60","All gastro pathogens","Reactive arthritis","65+","TotalFrictionHigh",12953867.7095796,6795727.56830697,24400044.1502735
"61","All gastro pathogens","Reactive arthritis","65+","TotalFrictionLow",9690889.63064808,4922100.14014916,18743301.5522088
"62","All gastro pathogens","Reactive arthritis","65+","Direct",983434.953076265,552169.271415355,1775183.74040756
"63","All gastro pathogens","Reactive arthritis","65+","Pain and suffering",6435436.86929835,2833966.39250032,13471106.6466801
"64","All gastro pathogens","Reactive arthritis","All ages","Premature mortality",672905.820373026,193556.296922939,1872429.81698927
"65","All gastro pathogens","Reactive arthritis","All ages","HumanCapital",65817427.3374363,35892278.0579566,117422789.800594
"66","All gastro pathogens","Reactive arthritis","All ages","FrictionHigh",52653941.869949,28713822.4463653,93938231.8404752
"67","All gastro pathogens","Reactive arthritis","All ages","FrictionLow",19745228.2012309,10767683.417387,35226836.9401782
"68","All gastro pathogens","Reactive arthritis","All ages","TotalHumanCapital",103217709.029396,55962834.2639972,186339540.592003
"69","All gastro pathogens","Reactive arthritis","All ages","TotalFrictionHigh",90005676.7678239,48606294.6094249,163243574.600391
"70","All gastro pathogens","Reactive arthritis","All ages","TotalFrictionLow",56873514.4026198,29919004.3119382,106062125.635803
"71","All gastro pathogens","Reactive arthritis","All ages","Direct",4857960.32404225,2813851.48691302,8438881.87743599
"72","All gastro pathogens","Reactive arthritis","All ages","Pain and suffering",31218156.7584591,13908951.1997772,64044180.6052135
"73","All gastro pathogens","Irritable bowel syndrome","<5","Premature mortality",45283.0291759674,3540.9055963328,249986.14940037
"74","All gastro pathogens","Irritable bowel syndrome","<5","HumanCapital",3725703.41811135,2507831.11779223,5529688.10390839
"75","All gastro pathogens","Irritable bowel syndrome","<5","FrictionHigh",2980562.73448908,2006264.89423378,4423750.48312671
"76","All gastro pathogens","Irritable bowel syndrome","<5","FrictionLow",1117711.0254334,752349.335337669,1658906.43117252
"77","All gastro pathogens","Irritable bowel syndrome","<5","TotalHumanCapital",13301871.4904957,8308035.26462424,21271711.4697654
"78","All gastro pathogens","Irritable bowel syndrome","<5","TotalFrictionHigh",12552287.287151,7768136.32856804,20228282.98337
"79","All gastro pathogens","Irritable bowel syndrome","<5","TotalFrictionLow",10673127.6765551,6392570.69862201,17639535.2549722
"80","All gastro pathogens","Irritable bowel syndrome","<5","Direct",1612779.61778657,1086190.62955107,2392977.25911329
"81","All gastro pathogens","Irritable bowel syndrome","<5","Pain and suffering",7843915.07939033,4217101.22806683,13854525.2148819
"82","All gastro pathogens","Irritable bowel syndrome","5-64","Premature mortality",183741.411920297,41807.6024369967,685410.596958202
"83","All gastro pathogens","Irritable bowel syndrome","5-64","HumanCapital",28356153.090556,18183726.9010273,44943145.37334
"84","All gastro pathogens","Irritable bowel syndrome","5-64","FrictionHigh",22684922.4724448,14546981.5208218,35954516.298672
"85","All gastro pathogens","Irritable bowel syndrome","5-64","FrictionLow",8506845.92716681,5455118.07030819,13482943.612002
"86","All gastro pathogens","Irritable bowel syndrome","5-64","TotalHumanCapital",93942494.3886775,57520840.6824839,156683734.261876
"87","All gastro pathogens","Irritable bowel syndrome","5-64","TotalFrictionHigh",88208938.7098025,53624953.1468682,148153976.183647
"88","All gastro pathogens","Irritable bowel syndrome","5-64","TotalFrictionLow",73873727.4386679,43684088.3118122,127051385.946126
"89","All gastro pathogens","Irritable bowel syndrome","5-64","Direct",14110442.2089,9632490.85623933,21063048.9596627
"90","All gastro pathogens","Irritable bowel syndrome","5-64","Pain and suffering",50743323.4497918,26214238.3708277,95254255.1084737
"91","All gastro pathogens","Irritable bowel syndrome","65+","Premature mortality",1000953.64884294,420536.671029673,2591301.70058646
"92","All gastro pathogens","Irritable bowel syndrome","65+","HumanCapital",3526512.84730273,2238335.39797661,5638458.4487679
"93","All gastro pathogens","Irritable bowel syndrome","65+","FrictionHigh",2821210.27784219,1790668.31838129,4510766.75901432
"94","All gastro pathogens","Irritable bowel syndrome","65+","FrictionLow",1057953.85419082,671500.619392983,1691537.53463037
"95","All gastro pathogens","Irritable bowel syndrome","65+","TotalHumanCapital",24626609.8778354,14894984.7544896,41793768.4577358
"96","All gastro pathogens","Irritable bowel syndrome","65+","TotalFrictionHigh",23912198.7698939,14402708.8705706,40736640.1223654
"97","All gastro pathogens","Irritable bowel syndrome","65+","TotalFrictionLow",22128893.5642671,13156608.0372162,38121798.0682773
"98","All gastro pathogens","Irritable bowel syndrome","65+","Direct",4330791.22048718,2911450.61530161,6571959.30520886
"99","All gastro pathogens","Irritable bowel syndrome","65+","Pain and suffering",15485268.5037516,7946333.32970485,29362532.7203757
"100","All gastro pathogens","Irritable bowel syndrome","All ages","Premature mortality",1338554.83736379,646349.896987738,2980222.11465797
"101","All gastro pathogens","Irritable bowel syndrome","All ages","HumanCapital",35616922.8694638,23036940.6092864,55961469.6415239
"102","All gastro pathogens","Irritable bowel syndrome","All ages","FrictionHigh",28493538.295571,18429552.4874292,44769175.7132191
"103","All gastro pathogens","Irritable bowel syndrome","All ages","FrictionLow",10685076.8608391,6911082.18278593,16788440.8924572
"104","All gastro pathogens","Irritable bowel syndrome","All ages","TotalHumanCapital",132245993.741139,81831817.5955552,217515358.58307
"105","All gastro pathogens","Irritable bowel syndrome","All ages","TotalFrictionHigh",125049166.004285,76880746.7965948,206833228.320157
"106","All gastro pathogens","Irritable bowel syndrome","All ages","TotalFrictionLow",107064836.645167,64323273.9609056,180376101.939444
"107","All gastro pathogens","Irritable bowel syndrome","All ages","Direct",20070878.0157648,13864492.0064332,29747960.2662007
"108","All gastro pathogens","Irritable bowel syndrome","All ages","Pain and suffering",74551779.7966896,39377603.5095316,135780135.861381
"109","All gastro pathogens","Guillain-Barré syndrome","<5","Premature mortality",55900.5723341888,474.679258084749,545423.16012592
"110","All gastro pathogens","Guillain-Barré syndrome","<5","HumanCapital",170398.626914017,83841.8172499385,351170.138898612
"111","All gastro pathogens","Guillain-Barré syndrome","<5","FrictionHigh",136318.901531214,67073.4537999508,280936.111118889
"112","All gastro pathogens","Guillain-Barré syndrome","<5","FrictionLow",51119.5880742052,25152.5451749816,105351.041669584
"113","All gastro pathogens","Guillain-Barré syndrome","<5","TotalHumanCapital",700952.720700201,338037.210425094,1454149.63397689
"114","All gastro pathogens","Guillain-Barré syndrome","<5","TotalFrictionHigh",665327.539187736,319697.744527131,1390035.4477629
"115","All gastro pathogens","Guillain-Barré syndrome","<5","TotalFrictionLow",575782.107851764,273483.244188249,1232836.67422194
"116","All gastro pathogens","Guillain-Barré syndrome","<5","Direct",385504.2968954,189675.647585914,794499.930210205
"117","All gastro pathogens","Guillain-Barré syndrome","<5","Pain and suffering",21623.7031640312,10263.3514368229,45999.6191357743
"118","All gastro pathogens","Guillain-Barré syndrome","5-64","Premature mortality",4267970.89109613,1714887.86219809,8927248.01390478
"119","All gastro pathogens","Guillain-Barré syndrome","5-64","HumanCapital",1818240.22807965,894634.937381647,3747164.42854886
"120","All gastro pathogens","Guillain-Barré syndrome","5-64","FrictionHigh",1454592.18246372,715707.949905318,2997731.54283909
"121","All gastro pathogens","Guillain-Barré syndrome","5-64","FrictionLow",545472.068423895,268390.481214494,1124149.32856466
"122","All gastro pathogens","Guillain-Barré syndrome","5-64","TotalHumanCapital",10290668.508057,5867297.97292223,17420517.257079
"123","All gastro pathogens","Guillain-Barré syndrome","5-64","TotalFrictionHigh",9915672.96311755,5644502.70170919,16756409.1933509
"124","All gastro pathogens","Guillain-Barré syndrome","5-64","TotalFrictionLow",8967028.92432912,5070325.38849569,15133006.5854327
"125","All gastro pathogens","Guillain-Barré syndrome","5-64","Direct",3512115.94065684,1728132.85346501,7238667.65354467
"126","All gastro pathogens","Guillain-Barré syndrome","5-64","Pain and suffering",229406.4556036,109058.504837537,487453.515716033
"127","All gastro pathogens","Guillain-Barré syndrome","65+","Premature mortality",48923319.3466868,21456291.3307715,90166914.3688607
"128","All gastro pathogens","Guillain-Barré syndrome","65+","HumanCapital",231910.030281378,114107.482726902,477937.404900493
"129","All gastro pathogens","Guillain-Barré syndrome","65+","FrictionHigh",185528.024225102,91285.9861815214,382349.923920394
"130","All gastro pathogens","Guillain-Barré syndrome","65+","FrictionLow",69573.0090844134,34232.2448180705,143381.221470148
"131","All gastro pathogens","Guillain-Barré syndrome","65+","TotalHumanCapital",50523404.8184641,23017402.4687278,91765103.6228921
"132","All gastro pathogens","Guillain-Barré syndrome","65+","TotalFrictionHigh",50471280.9123409,22967241.7769553,91710815.1569728
"133","All gastro pathogens","Guillain-Barré syndrome","65+","TotalFrictionLow",50340618.4047829,22845653.4822429,91580312.3873411
"134","All gastro pathogens","Guillain-Barré syndrome","65+","Direct",1102095.12433759,542288.756459075,2271307.56454618
"135","All gastro pathogens","Guillain-Barré syndrome","65+","Pain and suffering",110722.14020736,52048.3560326325,237183.879102536
"136","All gastro pathogens","Guillain-Barré syndrome","All ages","Premature mortality",53751368.7850926,25991818.5660545,95143961.2855358
"137","All gastro pathogens","Guillain-Barré syndrome","All ages","HumanCapital",2220548.88527504,1092584.23735849,4576271.97234796
"138","All gastro pathogens","Guillain-Barré syndrome","All ages","FrictionHigh",1776439.10822004,874067.38988679,3661017.57787837
"139","All gastro pathogens","Guillain-Barré syndrome","All ages","FrictionLow",666164.665582513,327775.271207546,1372881.59170439
"140","All gastro pathogens","Guillain-Barré syndrome","All ages","TotalHumanCapital",62156001.6655848,33685568.8194079,103969116.355991
"141","All gastro pathogens","Guillain-Barré syndrome","All ages","TotalFrictionHigh",61669000.4084707,33275888.846982,103426665.874371
"142","All gastro pathogens","Guillain-Barré syndrome","All ages","TotalFrictionLow",60433434.3721041,32212760.4940378,102078895.258959
"143","All gastro pathogens","Guillain-Barré syndrome","All ages","Direct",4999762.317383,2460138.83568109,10304266.358272
"144","All gastro pathogens","Guillain-Barré syndrome","All ages","Pain and suffering",362027.464097652,171987.808086502,769402.288261483
"145","All gastro pathogens","Haemolytic uremic syndrome","<5","Premature mortality",77116.0857291383,661.182919084083,722309.606301668
"146","All gastro pathogens","Haemolytic uremic syndrome","<5","HumanCapital",61935.5804022846,23508.1383562839,156784.371993732
"147","All gastro pathogens","Haemolytic uremic syndrome","<5","FrictionHigh",49548.4643218277,18806.5106850271,125427.497594986
"148","All gastro pathogens","Haemolytic uremic syndrome","<5","FrictionLow",18580.6741206854,7052.44150688518,47035.3115981197
"149","All gastro pathogens","Haemolytic uremic syndrome","<5","TotalHumanCapital",325832.7344256,112215.440138432,1002013.44174895
"150","All gastro pathogens","Haemolytic uremic syndrome","<5","TotalFrictionHigh",311164.137883562,106087.682918537,980479.501008669
"151","All gastro pathogens","Haemolytic uremic syndrome","<5","TotalFrictionLow",274051.398764356,90493.1820789136,929071.76221632
"152","All gastro pathogens","Haemolytic uremic syndrome","<5","Direct",89592.9927140732,34005.5647423503,226819.365150609
"153","All gastro pathogens","Haemolytic uremic syndrome","<5","Pain and suffering",43660.3856465828,16049.99210466,114143.321618031
"154","All gastro pathogens","Haemolytic uremic syndrome","5-64","Premature mortality",4634713.11936451,2075147.61987824,9449247.11508566
"155","All gastro pathogens","Haemolytic uremic syndrome","5-64","HumanCapital",350585.452695728,133067.475498584,887475.658967273
"156","All gastro pathogens","Haemolytic uremic syndrome","5-64","FrictionHigh",280468.362156582,106453.980398867,709980.527173819
"157","All gastro pathogens","Haemolytic uremic syndrome","5-64","FrictionLow",105175.635808718,39920.2426495752,266242.697690182
"158","All gastro pathogens","Haemolytic uremic syndrome","5-64","TotalHumanCapital",5817526.66937793,3015283.64471271,10772860.0667498
"159","All gastro pathogens","Haemolytic uremic syndrome","5-64","TotalFrictionHigh",5734281.40328119,2959643.29067063,10667329.5747474
"160","All gastro pathogens","Haemolytic uremic syndrome","5-64","TotalFrictionLow",5526420.46806916,2815399.92906324,10413247.5893872
"161","All gastro pathogens","Haemolytic uremic syndrome","5-64","Direct",431350.013884786,163742.696765407,1092372.18802571
"162","All gastro pathogens","Haemolytic uremic syndrome","5-64","Pain and suffering",210305.012427181,77373.6452324878,549394.851637891
"163","All gastro pathogens","Haemolytic uremic syndrome","65+","Premature mortality",8455926.67220384,4033526.09402356,16211169.1331666
"164","All gastro pathogens","Haemolytic uremic syndrome","65+","HumanCapital",41346.060963585,15693.2237545231,104663.848477492
"165","All gastro pathogens","Haemolytic uremic syndrome","65+","FrictionHigh",33076.848770868,12554.5790036185,83731.0787819938
"166","All gastro pathogens","Haemolytic uremic syndrome","65+","FrictionLow",12403.8182890755,4707.96712635692,31399.1545432477
"167","All gastro pathogens","Haemolytic uremic syndrome","65+","TotalHumanCapital",8723833.10141851,4292595.2873981,16482479.434522
"168","All gastro pathogens","Haemolytic uremic syndrome","65+","TotalFrictionHigh",8714117.41314033,4283073.6933642,16472494.0490598
"169","All gastro pathogens","Haemolytic uremic syndrome","65+","TotalFrictionLow",8689353.52442979,4260211.59257573,16445827.1416287
"170","All gastro pathogens","Haemolytic uremic syndrome","65+","Direct",124003.297874888,47058.6196960927,313936.060873764
"171","All gastro pathogens","Haemolytic uremic syndrome","65+","Pain and suffering",60441.3726211681,22209.152321399,158050.234169728
"172","All gastro pathogens","Haemolytic uremic syndrome","All ages","Premature mortality",13750834.9115718,8034304.48025865,22474498.8514305
"173","All gastro pathogens","Haemolytic uremic syndrome","All ages","HumanCapital",453867.094061597,172268.837609391,1148923.8794385
"174","All gastro pathogens","Haemolytic uremic syndrome","All ages","FrictionHigh",363093.675249278,137815.070087513,919139.103550798
"175","All gastro pathogens","Haemolytic uremic syndrome","All ages","FrictionLow",136160.128218479,51680.6512828173,344677.163831549
"176","All gastro pathogens","Haemolytic uremic syndrome","All ages","TotalHumanCapital",15419645.7611984,9479727.77862277,24300119.7698897
"177","All gastro pathogens","Haemolytic uremic syndrome","All ages","TotalFrictionHigh",15312621.2534282,9397207.33176051,24169589.5618279
"178","All gastro pathogens","Haemolytic uremic syndrome","All ages","TotalFrictionLow",15045635.836023,9187024.82922787,23858421.7950006
"179","All gastro pathogens","Haemolytic uremic syndrome","All ages","Direct",644979.632382006,244841.928674019,1633161.4333944
"180","All gastro pathogens","Haemolytic uremic syndrome","All ages","Pain and suffering",315009.530477632,116488.905968376,818671.310308786
"181","All gastro pathogens","Initial and sequel disease","<5","Premature mortality",6361867.86522544,3273695.00939425,11830709.0637807
"182","All gastro pathogens","Initial and sequel disease","<5","HumanCapital",83061618.2439789,46424342.5141956,152316384.377008
"183","All gastro pathogens","Initial and sequel disease","<5","FrictionHigh",66449294.5951831,37139474.0113565,121853107.501607
"184","All gastro pathogens","Initial and sequel disease","<5","FrictionLow",24918485.4731937,13927302.7542587,45694915.3131025
"185","All gastro pathogens","Initial and sequel disease","<5","TotalHumanCapital",137579288.603462,89867127.1955181,217646583.165805
"186","All gastro pathogens","Initial and sequel disease","<5","TotalFrictionHigh",120956156.10649,80295844.0949227,187500582.081172
"187","All gastro pathogens","Initial and sequel disease","<5","TotalFrictionLow",79280296.8456571,55728849.7556878,113218897.685296
"188","All gastro pathogens","Initial and sequel disease","<5","Direct",21723119.1638345,14832886.0023147,30805320.1439682
"189","All gastro pathogens","Initial and sequel disease","<5","Pain and suffering",24934815.2600673,16541653.6380922,36570652.06773
"190","All gastro pathogens","Initial and sequel disease","5-64","Premature mortality",29215653.6991864,18370003.6854721,45574531.2812839
"191","All gastro pathogens","Initial and sequel disease","5-64","HumanCapital",1554858414.46607,895082612.729556,2541035057.46149
"192","All gastro pathogens","Initial and sequel disease","5-64","FrictionHigh",1243886731.57286,716066090.183645,2032828045.96919
"193","All gastro pathogens","Initial and sequel disease","5-64","FrictionLow",466457524.339822,268524783.818867,762310517.238447
"194","All gastro pathogens","Initial and sequel disease","5-64","TotalHumanCapital",2040315928.11448,1245044278.7099,3202829908.35257
"195","All gastro pathogens","Initial and sequel disease","5-64","TotalFrictionHigh",1729177024.23205,1065200554.28413,2695766295.0845
"196","All gastro pathogens","Initial and sequel disease","5-64","TotalFrictionLow",950665008.091254,612651758.228703,1433478075.22489
"197","All gastro pathogens","Initial and sequel disease","5-64","Direct",200333448.897006,133231822.382516,296480395.523002
"198","All gastro pathogens","Initial and sequel disease","5-64","Pain and suffering",248507953.269481,155163712.537524,387556057.883886
"199","All gastro pathogens","Initial and sequel disease","65+","Premature mortality",246166023.031601,150555423.584051,389643984.99348
"200","All gastro pathogens","Initial and sequel disease","65+","HumanCapital",188065306.269197,61070528.5898368,888416141.769184
"201","All gastro pathogens","Initial and sequel disease","65+","FrictionHigh",150452245.015358,48856422.8718694,710732913.415347
"202","All gastro pathogens","Initial and sequel disease","65+","FrictionLow",56419591.8807592,18321158.576951,266524842.530755
"203","All gastro pathogens","Initial and sequel disease","65+","TotalHumanCapital",663319841.380594,443965583.266238,1371105248.14819
"204","All gastro pathogens","Initial and sequel disease","65+","TotalFrictionHigh",625782955.252489,426316937.725752,1196271761.79293
"205","All gastro pathogens","Initial and sequel disease","65+","TotalFrictionLow",526407033.84278,375718104.456624,782559551.13754
"206","All gastro pathogens","Initial and sequel disease","65+","Direct",133631765.39052,84801032.7711151,206050157.977928
"207","All gastro pathogens","Initial and sequel disease","65+","Pain and suffering",63867565.1449568,41120245.3720204,96664355.0445502
"208","All gastro pathogens","Initial and sequel disease","All ages","Premature mortality",283327480.517574,186465383.442899,427502074.767964
"209","All gastro pathogens","Initial and sequel disease","All ages","HumanCapital",1898386804.58181,1080293639.49237,3245866590.87537
"210","All gastro pathogens","Initial and sequel disease","All ages","FrictionHigh",1518709443.66545,864234911.593895,2596693272.7003
"211","All gastro pathogens","Initial and sequel disease","All ages","FrictionLow",569516041.374544,324088091.847711,973759977.262612
"212","All gastro pathogens","Initial and sequel disease","All ages","TotalHumanCapital",2899922986.34392,1892117341.82544,4466815252.2597
"213","All gastro pathogens","Initial and sequel disease","All ages","TotalFrictionHigh",2519960059.2265,1673229038.71927,3821017839.70168
"214","All gastro pathogens","Initial and sequel disease","All ages","TotalFrictionLow",1569490689.2219,1116462731.17961,2219340457.15189
"215","All gastro pathogens","Initial and sequel disease","All ages","Direct",360159568.049489,257658500.667354,493187884.7265
"216","All gastro pathogens","Initial and sequel disease","All ages","Pain and suffering",337378030.005181,213935161.156852,519246413.899891
"217","Norovirus","Norovirus","<5","Premature mortality",574980.607315312,113347.847827933,1883131.26030545
"218","Norovirus","Norovirus","<5","HumanCapital",5099277.9393096,1540837.07092386,12032397.5721084
"219","Norovirus","Norovirus","<5","FrictionHigh",4079422.35144768,1232669.65673908,9625918.05768672
"220","Norovirus","Norovirus","<5","FrictionLow",1529783.38179288,462251.121277157,3609719.27163252
"221","Norovirus","Norovirus","<5","TotalHumanCapital",8170322.5769637,3401279.87077362,16323486.4797645
"222","Norovirus","Norovirus","<5","TotalFrictionHigh",7150986.33056553,3062874.84283589,13947044.3908499
"223","Norovirus","Norovirus","<5","TotalFrictionLow",4582940.01796521,2162395.62493864,8126636.53889566
"224","Norovirus","Norovirus","<5","Direct",1586123.23078954,715039.00563876,2739563.90369699
"225","Norovirus","Norovirus","<5","Pain and suffering",652599.120674661,238569.681623319,1340473.43859974
"226","Norovirus","Norovirus","5-64","Premature mortality",839013.096872468,181120.662278027,2551883.34286503
"227","Norovirus","Norovirus","5-64","HumanCapital",102176749.14209,28173274.1974168,215031835.818981
"228","Norovirus","Norovirus","5-64","FrictionHigh",81741399.313672,22538619.3579334,172025468.655185
"229","Norovirus","Norovirus","5-64","FrictionLow",30653024.742627,8451982.25922503,64509550.7456944
"230","Norovirus","Norovirus","5-64","TotalHumanCapital",121311541.211474,34840257.198594,251406264.647596
"231","Norovirus","Norovirus","5-64","TotalFrictionHigh",100866293.863708,29199668.0892353,208447413.685136
"232","Norovirus","Norovirus","5-64","TotalFrictionLow",49709210.2909459,15070237.8813315,101232125.992177
"233","Norovirus","Norovirus","5-64","Direct",9861038.25735034,3205374.71069191,20221920.0938764
"234","Norovirus","Norovirus","5-64","Pain and suffering",7712165.11556504,2115077.07214624,17262944.9674814
"235","Norovirus","Norovirus","65+","Premature mortality",16124324.7539109,4331891.77643378,35350410.1125487
"236","Norovirus","Norovirus","65+","HumanCapital",11738057.3022467,2258424.98943869,66537363.6336976
"237","Norovirus","Norovirus","65+","FrictionHigh",9390445.84179735,1806739.99155095,53229890.9069581
"238","Norovirus","Norovirus","65+","FrictionLow",3521417.19067401,677527.496831608,19961209.0901093
"239","Norovirus","Norovirus","65+","TotalHumanCapital",37167009.7125914,16236383.9090354,94160458.1124596
"240","Norovirus","Norovirus","65+","TotalFrictionHigh",34673083.2788525,15315902.6762912,81444631.6384275
"241","Norovirus","Norovirus","65+","TotalFrictionLow",27794912.4278101,12543188.2513753,53396758.3482975
"242","Norovirus","Norovirus","65+","Direct",4154821.43857904,1864480.57567349,7211749.74513785
"243","Norovirus","Norovirus","65+","Pain and suffering",1771529.65825285,518112.32080656,3909016.03315102
"244","Norovirus","Norovirus","All ages","Premature mortality",17904690.5906585,5993721.18152586,37177633.6929177
"245","Norovirus","Norovirus","All ages","HumanCapital",124733980.581651,34517210.8101797,271449479.51526
"246","Norovirus","Norovirus","All ages","FrictionHigh",99787184.465321,27613768.6481437,217159583.612208
"247","Norovirus","Norovirus","All ages","FrictionLow",37420194.1744954,10355163.2430539,81434843.8545779
"248","Norovirus","Norovirus","All ages","TotalHumanCapital",170712140.274496,62721350.248009,340038431.937996
"249","Norovirus","Norovirus","All ages","TotalFrictionHigh",145766097.335207,55560513.1095505,285960311.097534
"250","Norovirus","Norovirus","All ages","TotalFrictionLow",83364150.6079892,36787055.8014525,151709607.727002
"251","Norovirus","Norovirus","All ages","Direct",15656830.181785,6635031.12380437,29120613.5934468
"252","Norovirus","Norovirus","All ages","Pain and suffering",10134869.2223576,2884806.50937307,22505382.9731352
"253","Norovirus","Initial and sequel disease","<5","Premature mortality",574980.607315312,113347.847827933,1883131.26030545
"254","Norovirus","Initial and sequel disease","<5","HumanCapital",5099277.9393096,1540837.07092386,12032397.5721084
"255","Norovirus","Initial and sequel disease","<5","FrictionHigh",4079422.35144768,1232669.65673908,9625918.05768672
"256","Norovirus","Initial and sequel disease","<5","FrictionLow",1529783.38179288,462251.121277157,3609719.27163252
"257","Norovirus","Initial and sequel disease","<5","TotalHumanCapital",8170322.5769637,3401279.87077362,16323486.4797645
"258","Norovirus","Initial and sequel disease","<5","TotalFrictionHigh",7150986.33056553,3062874.84283589,13947044.3908499
"259","Norovirus","Initial and sequel disease","<5","TotalFrictionLow",4582940.01796521,2162395.62493864,8126636.53889566
"260","Norovirus","Initial and sequel disease","<5","Direct",1586123.23078954,715039.00563876,2739563.90369699
"261","Norovirus","Initial and sequel disease","<5","Pain and suffering",652599.120674661,238569.681623319,1340473.43859974
"262","Norovirus","Initial and sequel disease","5-64","Premature mortality",839013.096872468,181120.662278027,2551883.34286503
"263","Norovirus","Initial and sequel disease","5-64","HumanCapital",102176749.14209,28173274.1974168,215031835.818981
"264","Norovirus","Initial and sequel disease","5-64","FrictionHigh",81741399.313672,22538619.3579334,172025468.655185
"265","Norovirus","Initial and sequel disease","5-64","FrictionLow",30653024.742627,8451982.25922503,64509550.7456944
"266","Norovirus","Initial and sequel disease","5-64","TotalHumanCapital",121311541.211474,34840257.198594,251406264.647596
"267","Norovirus","Initial and sequel disease","5-64","TotalFrictionHigh",100866293.863708,29199668.0892353,208447413.685136
"268","Norovirus","Initial and sequel disease","5-64","TotalFrictionLow",49709210.2909459,15070237.8813315,101232125.992177
"269","Norovirus","Initial and sequel disease","5-64","Direct",9861038.25735034,3205374.71069191,20221920.0938764
"270","Norovirus","Initial and sequel disease","5-64","Pain and suffering",7712165.11556504,2115077.07214624,17262944.9674814
"271","Norovirus","Initial and sequel disease","65+","Premature mortality",16124324.7539109,4331891.77643378,35350410.1125487
"272","Norovirus","Initial and sequel disease","65+","HumanCapital",11738057.3022467,2258424.98943869,66537363.6336976
"273","Norovirus","Initial and sequel disease","65+","FrictionHigh",9390445.84179735,1806739.99155095,53229890.9069581
"274","Norovirus","Initial and sequel disease","65+","FrictionLow",3521417.19067401,677527.496831608,19961209.0901093
"275","Norovirus","Initial and sequel disease","65+","TotalHumanCapital",37167009.7125914,16236383.9090354,94160458.1124596
"276","Norovirus","Initial and sequel disease","65+","TotalFrictionHigh",34673083.2788525,15315902.6762912,81444631.6384275
"277","Norovirus","Initial and sequel disease","65+","TotalFrictionLow",27794912.4278101,12543188.2513753,53396758.3482975
"278","Norovirus","Initial and sequel disease","65+","Direct",4154821.43857904,1864480.57567349,7211749.74513785
"279","Norovirus","Initial and sequel disease","65+","Pain and suffering",1771529.65825285,518112.32080656,3909016.03315102
"280","Norovirus","Initial and sequel disease","All ages","Premature mortality",17904690.5906585,5993721.18152586,37177633.6929177
"281","Norovirus","Initial and sequel disease","All ages","HumanCapital",124733980.581651,34517210.8101797,271449479.51526
"282","Norovirus","Initial and sequel disease","All ages","FrictionHigh",99787184.465321,27613768.6481437,217159583.612208
"283","Norovirus","Initial and sequel disease","All ages","FrictionLow",37420194.1744954,10355163.2430539,81434843.8545779
"284","Norovirus","Initial and sequel disease","All ages","TotalHumanCapital",170712140.274496,62721350.248009,340038431.937996
"285","Norovirus","Initial and sequel disease","All ages","TotalFrictionHigh",145766097.335207,55560513.1095505,285960311.097534
"286","Norovirus","Initial and sequel disease","All ages","TotalFrictionLow",83364150.6079892,36787055.8014525,151709607.727002
"287","Norovirus","Initial and sequel disease","All ages","Direct",15656830.181785,6635031.12380437,29120613.5934468
"288","Norovirus","Initial and sequel disease","All ages","Pain and suffering",10134869.2223576,2884806.50937307,22505382.9731352
"289","Escherichia coli (Non-STEC)","Escherichia coli (Non-STEC)","<5","Premature mortality",279673.984501758,35027.3039616529,1300812.4702393
"290","Escherichia coli (Non-STEC)","Escherichia coli (Non-STEC)","<5","HumanCapital",4632861.38084846,1598208.49124436,12152883.9671549
"291","Escherichia coli (Non-STEC)","Escherichia coli (Non-STEC)","<5","FrictionHigh",3706289.10467877,1278566.79299549,9722307.17372394
"292","Escherichia coli (Non-STEC)","Escherichia coli (Non-STEC)","<5","FrictionLow",1389858.41425454,479462.547373307,3645865.19014648
"293","Escherichia coli (Non-STEC)","Escherichia coli (Non-STEC)","<5","TotalHumanCapital",7312159.8077953,2863728.97162797,17292802.1432638
"294","Escherichia coli (Non-STEC)","Escherichia coli (Non-STEC)","<5","TotalFrictionHigh",6379040.91428994,2525857.94733168,14899438.2445374
"295","Escherichia coli (Non-STEC)","Escherichia coli (Non-STEC)","<5","TotalFrictionLow",4040231.01071589,1652964.59102119,8991747.238033
"296","Escherichia coli (Non-STEC)","Escherichia coli (Non-STEC)","<5","Direct",1338306.81778429,489900.008160277,3289428.43649054
"297","Escherichia coli (Non-STEC)","Escherichia coli (Non-STEC)","<5","Pain and suffering",791244.793464546,285509.013367679,1938578.23778427
"298","Escherichia coli (Non-STEC)","Escherichia coli (Non-STEC)","5-64","Premature mortality",58918.5202443106,487.084183600626,638470.724887246
"299","Escherichia coli (Non-STEC)","Escherichia coli (Non-STEC)","5-64","HumanCapital",97323671.7633458,36571980.6958395,226438565.062266
"300","Escherichia coli (Non-STEC)","Escherichia coli (Non-STEC)","5-64","FrictionHigh",77858937.4106767,29257584.5566716,181150852.049813
"301","Escherichia coli (Non-STEC)","Escherichia coli (Non-STEC)","5-64","FrictionLow",29197101.5290037,10971594.2087519,67931569.5186799
"302","Escherichia coli (Non-STEC)","Escherichia coli (Non-STEC)","5-64","TotalHumanCapital",128852042.681872,48798892.2027571,297185030.069791
"303","Escherichia coli (Non-STEC)","Escherichia coli (Non-STEC)","5-64","TotalFrictionHigh",109387461.561932,41448612.0117476,252107527.922054
"304","Escherichia coli (Non-STEC)","Escherichia coli (Non-STEC)","5-64","TotalFrictionLow",60560890.1792641,22997010.422962,139516383.677672
"305","Escherichia coli (Non-STEC)","Escherichia coli (Non-STEC)","5-64","Direct",19537753.1685027,7120465.1438375,47711418.6687105
"306","Escherichia coli (Non-STEC)","Escherichia coli (Non-STEC)","5-64","Pain and suffering",10988666.5535891,3951037.31181264,26955331.9276554
"307","Escherichia coli (Non-STEC)","Escherichia coli (Non-STEC)","65+","Premature mortality",336289.471220142,42308.6943647902,1568007.74392903
"308","Escherichia coli (Non-STEC)","Escherichia coli (Non-STEC)","65+","HumanCapital",11521400.1529393,2431678.12045616,66520454.4190221
"309","Escherichia coli (Non-STEC)","Escherichia coli (Non-STEC)","65+","FrictionHigh",9217120.12235143,1945342.49636493,53216363.5352177
"310","Escherichia coli (Non-STEC)","Escherichia coli (Non-STEC)","65+","FrictionLow",3456420.04588178,729503.436136849,19956136.3257066
"311","Escherichia coli (Non-STEC)","Escherichia coli (Non-STEC)","65+","TotalHumanCapital",21223521.2207609,7010365.12582511,80430277.2673114
"312","Escherichia coli (Non-STEC)","Escherichia coli (Non-STEC)","65+","TotalFrictionHigh",18884281.355503,6437267.65989009,67270289.0650473
"313","Escherichia coli (Non-STEC)","Escherichia coli (Non-STEC)","65+","TotalFrictionLow",12821254.5100967,4858072.10416847,35220401.546644
"314","Escherichia coli (Non-STEC)","Escherichia coli (Non-STEC)","65+","Direct",5432869.57425673,2124767.76603367,12797491.8277631
"315","Escherichia coli (Non-STEC)","Escherichia coli (Non-STEC)","65+","Pain and suffering",2469235.54784807,893827.162201553,6043500.14634191
"316","Escherichia coli (Non-STEC)","Escherichia coli (Non-STEC)","All ages","Premature mortality",902186.603467011,259346.979211137,2555952.72674642
"317","Escherichia coli (Non-STEC)","Escherichia coli (Non-STEC)","All ages","HumanCapital",118675615.112381,43957961.5850679,284790591.683319
"318","Escherichia coli (Non-STEC)","Escherichia coli (Non-STEC)","All ages","FrictionHigh",94940492.0899049,35166369.2680543,227832473.346655
"319","Escherichia coli (Non-STEC)","Escherichia coli (Non-STEC)","All ages","FrictionLow",35602684.5337143,13187388.4755204,85437177.5049958
"320","Escherichia coli (Non-STEC)","Escherichia coli (Non-STEC)","All ages","TotalHumanCapital",161855756.612978,61450634.7878857,378582943.384657
"321","Escherichia coli (Non-STEC)","Escherichia coli (Non-STEC)","All ages","TotalFrictionHigh",138055069.982223,52623826.1798484,321784827.0513
"322","Escherichia coli (Non-STEC)","Escherichia coli (Non-STEC)","All ages","TotalFrictionLow",78445345.291351,30386747.1196208,180294982.689311
"323","Escherichia coli (Non-STEC)","Escherichia coli (Non-STEC)","All ages","Direct",26567623.0843599,10021554.4840218,62659652.3641413
"324","Escherichia coli (Non-STEC)","Escherichia coli (Non-STEC)","All ages","Pain and suffering",14248641.960717,5130422.16159255,34937167.4054407
"325","Escherichia coli (Non-STEC)","Initial and sequel disease","<5","Premature mortality",279673.984501758,35027.3039616529,1300812.4702393
"326","Escherichia coli (Non-STEC)","Initial and sequel disease","<5","HumanCapital",4632861.38084846,1598208.49124436,12152883.9671549
"327","Escherichia coli (Non-STEC)","Initial and sequel disease","<5","FrictionHigh",3706289.10467877,1278566.79299549,9722307.17372394
"328","Escherichia coli (Non-STEC)","Initial and sequel disease","<5","FrictionLow",1389858.41425454,479462.547373307,3645865.19014648
"329","Escherichia coli (Non-STEC)","Initial and sequel disease","<5","TotalHumanCapital",7312159.8077953,2863728.97162797,17292802.1432638
"330","Escherichia coli (Non-STEC)","Initial and sequel disease","<5","TotalFrictionHigh",6379040.91428994,2525857.94733168,14899438.2445374
"331","Escherichia coli (Non-STEC)","Initial and sequel disease","<5","TotalFrictionLow",4040231.01071589,1652964.59102119,8991747.238033
"332","Escherichia coli (Non-STEC)","Initial and sequel disease","<5","Direct",1338306.81778429,489900.008160277,3289428.43649054
"333","Escherichia coli (Non-STEC)","Initial and sequel disease","<5","Pain and suffering",791244.793464546,285509.013367679,1938578.23778427
"334","Escherichia coli (Non-STEC)","Initial and sequel disease","5-64","Premature mortality",58918.5202443106,487.084183600626,638470.724887246
"335","Escherichia coli (Non-STEC)","Initial and sequel disease","5-64","HumanCapital",97323671.7633458,36571980.6958395,226438565.062266
"336","Escherichia coli (Non-STEC)","Initial and sequel disease","5-64","FrictionHigh",77858937.4106767,29257584.5566716,181150852.049813
"337","Escherichia coli (Non-STEC)","Initial and sequel disease","5-64","FrictionLow",29197101.5290037,10971594.2087519,67931569.5186799
"338","Escherichia coli (Non-STEC)","Initial and sequel disease","5-64","TotalHumanCapital",128852042.681872,48798892.2027571,297185030.069791
"339","Escherichia coli (Non-STEC)","Initial and sequel disease","5-64","TotalFrictionHigh",109387461.561932,41448612.0117476,252107527.922054
"340","Escherichia coli (Non-STEC)","Initial and sequel disease","5-64","TotalFrictionLow",60560890.1792641,22997010.422962,139516383.677672
"341","Escherichia coli (Non-STEC)","Initial and sequel disease","5-64","Direct",19537753.1685027,7120465.1438375,47711418.6687105
"342","Escherichia coli (Non-STEC)","Initial and sequel disease","5-64","Pain and suffering",10988666.5535891,3951037.31181264,26955331.9276554
"343","Escherichia coli (Non-STEC)","Initial and sequel disease","65+","Premature mortality",336289.471220142,42308.6943647902,1568007.74392903
"344","Escherichia coli (Non-STEC)","Initial and sequel disease","65+","HumanCapital",11521400.1529393,2431678.12045616,66520454.4190221
"345","Escherichia coli (Non-STEC)","Initial and sequel disease","65+","FrictionHigh",9217120.12235143,1945342.49636493,53216363.5352177
"346","Escherichia coli (Non-STEC)","Initial and sequel disease","65+","FrictionLow",3456420.04588178,729503.436136849,19956136.3257066
"347","Escherichia coli (Non-STEC)","Initial and sequel disease","65+","TotalHumanCapital",21223521.2207609,7010365.12582511,80430277.2673114
"348","Escherichia coli (Non-STEC)","Initial and sequel disease","65+","TotalFrictionHigh",18884281.355503,6437267.65989009,67270289.0650473
"349","Escherichia coli (Non-STEC)","Initial and sequel disease","65+","TotalFrictionLow",12821254.5100967,4858072.10416847,35220401.546644
"350","Escherichia coli (Non-STEC)","Initial and sequel disease","65+","Direct",5432869.57425673,2124767.76603367,12797491.8277631
"351","Escherichia coli (Non-STEC)","Initial and sequel disease","65+","Pain and suffering",2469235.54784807,893827.162201553,6043500.14634191
"352","Escherichia coli (Non-STEC)","Initial and sequel disease","All ages","Premature mortality",902186.603467011,259346.979211137,2555952.72674642
"353","Escherichia coli (Non-STEC)","Initial and sequel disease","All ages","HumanCapital",118675615.112381,43957961.5850679,284790591.683319
"354","Escherichia coli (Non-STEC)","Initial and sequel disease","All ages","FrictionHigh",94940492.0899049,35166369.2680543,227832473.346655
"355","Escherichia coli (Non-STEC)","Initial and sequel disease","All ages","FrictionLow",35602684.5337143,13187388.4755204,85437177.5049958
"356","Escherichia coli (Non-STEC)","Initial and sequel disease","All ages","TotalHumanCapital",161855756.612978,61450634.7878857,378582943.384657
"357","Escherichia coli (Non-STEC)","Initial and sequel disease","All ages","TotalFrictionHigh",138055069.982223,52623826.1798484,321784827.0513
"358","Escherichia coli (Non-STEC)","Initial and sequel disease","All ages","TotalFrictionLow",78445345.291351,30386747.1196208,180294982.689311
"359","Escherichia coli (Non-STEC)","Initial and sequel disease","All ages","Direct",26567623.0843599,10021554.4840218,62659652.3641413
"360","Escherichia coli (Non-STEC)","Initial and sequel disease","All ages","Pain and suffering",14248641.960717,5130422.16159255,34937167.4054407
"361","Campylobacter","Campylobacteriosis","<5","Premature mortality",179473.083918205,1520.32694571162,1581791.33245326
"362","Campylobacter","Campylobacteriosis","<5","HumanCapital",5637942.59345186,2896790.43952121,11098727.93692
"363","Campylobacter","Campylobacteriosis","<5","FrictionHigh",4510354.07476149,2317432.35161696,8878982.34953603
"364","Campylobacter","Campylobacteriosis","<5","FrictionLow",1691382.77803556,869037.131856361,3329618.38107601
"365","Campylobacter","Campylobacteriosis","<5","TotalHumanCapital",13811343.7896712,8493066.53687858,22939412.9210729
"366","Campylobacter","Campylobacteriosis","<5","TotalFrictionHigh",12670477.6232405,7860835.87697265,20817580.2056069
"367","Campylobacter","Campylobacteriosis","<5","TotalFrictionLow",9793687.50079051,6209701.61713522,15660537.3089715
"368","Campylobacter","Campylobacteriosis","<5","Direct",2365575.23745834,1614174.73651699,3675946.46978857
"369","Campylobacter","Campylobacteriosis","<5","Pain and suffering",5226831.71727639,3073217.9090328,8830151.09743031
"370","Campylobacter","Campylobacteriosis","5-64","Premature mortality",2763578.41681356,890804.172811682,6672054.87306892
"371","Campylobacter","Campylobacteriosis","5-64","HumanCapital",78755316.8754375,47839199.9836241,130844667.411773
"372","Campylobacter","Campylobacteriosis","5-64","FrictionHigh",63004253.50035,38271359.9868993,104675733.929418
"373","Campylobacter","Campylobacteriosis","5-64","FrictionLow",23626595.0626312,14351759.9950872,39253400.2235318
"374","Campylobacter","Campylobacteriosis","5-64","TotalHumanCapital",156258866.65792,100690943.847072,247628032.159433
"375","Campylobacter","Campylobacteriosis","5-64","TotalFrictionHigh",140469043.681159,90962001.773657,221744927.027164
"376","Campylobacter","Campylobacteriosis","5-64","TotalFrictionLow",100916573.634962,66331340.5341714,157581309.777406
"377","Campylobacter","Campylobacteriosis","5-64","Direct",25804028.6478176,18182704.9965538,38237524.4331949
"378","Campylobacter","Campylobacteriosis","5-64","Pain and suffering",47910607.4920391,28262578.8577581,80767131.6285731
"379","Campylobacter","Campylobacteriosis","65+","Premature mortality",21313585.2486396,12440249.3616697,34506536.7510325
"380","Campylobacter","Campylobacteriosis","65+","HumanCapital",14280866.7822092,5080709.77787893,64971281.57017
"381","Campylobacter","Campylobacteriosis","65+","FrictionHigh",11424693.4257674,4064567.82230314,51977025.256136
"382","Campylobacter","Campylobacteriosis","65+","FrictionLow",4284260.03466277,1524212.93336368,19491384.471051
"383","Campylobacter","Campylobacteriosis","65+","TotalHumanCapital",80435338.0123352,57844770.9504485,135570439.017251
"384","Campylobacter","Campylobacteriosis","65+","TotalFrictionHigh",77444753.0537823,56327881.1396234,123314902.378751
"385","Campylobacter","Campylobacteriosis","65+","TotalFrictionLow",69490882.9473386,51996484.2408709,95694714.2433706
"386","Campylobacter","Campylobacteriosis","65+","Direct",26156357.3843331,18755933.2863803,34771734.3087622
"387","Campylobacter","Campylobacteriosis","65+","Pain and suffering",15268013.1395058,9086572.66408524,25597104.6825442
"388","Campylobacter","Campylobacteriosis","All ages","Premature mortality",24896240.0362767,15476369.3043376,38477283.1202562
"389","Campylobacter","Campylobacteriosis","All ages","HumanCapital",103151886.731355,61440796.0782998,185986902.170656
"390","Campylobacter","Campylobacteriosis","All ages","FrictionHigh",82521509.3850842,49152636.8626399,148789521.736525
"391","Campylobacter","Campylobacteriosis","All ages","FrictionLow",30945566.0194066,18432238.82349,55796070.6511968
"392","Campylobacter","Campylobacteriosis","All ages","TotalHumanCapital",253531956.07587,175026714.34288,388594183.824259
"393","Campylobacter","Campylobacteriosis","All ages","TotalFrictionHigh",232805913.087798,162323367.628675,352218214.652853
"394","Campylobacter","Campylobacteriosis","All ages","TotalFrictionLow",180670206.560385,129939498.720106,262509291.398306
"395","Campylobacter","Campylobacteriosis","All ages","Direct",54609418.2210653,42006253.3674361,72258378.6437721
"396","Campylobacter","Campylobacteriosis","All ages","Pain and suffering",68404621.4671736,40422201.9950015,115198155.085935
"397","Campylobacter","Reactive arthritis","<5","Premature mortality",54709.9359908006,457.212911462412,530267.98262104
"398","Campylobacter","Reactive arthritis","<5","HumanCapital",3813991.30548526,1779565.87320936,7630996.6997276
"399","Campylobacter","Reactive arthritis","<5","FrictionHigh",3051193.04438821,1423652.69856749,6104797.35978208
"400","Campylobacter","Reactive arthritis","<5","FrictionLow",1144197.39164558,533869.761962808,2289299.00991828
"401","Campylobacter","Reactive arthritis","<5","TotalHumanCapital",6088853.40798705,2829302.3214348,12268568.3214708
"402","Campylobacter","Reactive arthritis","<5","TotalFrictionHigh",5322173.26597686,2465834.76148366,10764547.3551019
"403","Campylobacter","Reactive arthritis","<5","TotalFrictionLow",3399941.56397028,1540103.02645656,7041706.34272751
"404","Campylobacter","Reactive arthritis","<5","Direct",282066.405487989,133638.887446974,561446.611838402
"405","Campylobacter","Reactive arthritis","<5","Pain and suffering",1817337.32921789,721069.297837026,4152310.72244949
"406","Campylobacter","Reactive arthritis","5-64","Premature mortality",91007.9270709044,778.177569487437,829602.862215087
"407","Campylobacter","Reactive arthritis","5-64","HumanCapital",40844298.8105967,19057495.0115823,81720875.7078423
"408","Campylobacter","Reactive arthritis","5-64","FrictionHigh",32675439.0484774,15245996.0092658,65376700.5662738
"409","Campylobacter","Reactive arthritis","5-64","FrictionLow",12253289.643179,5717248.50347469,24516262.7123527
"410","Campylobacter","Reactive arthritis","5-64","TotalHumanCapital",60623633.5566068,28157921.8509094,122420183.216007
"411","Campylobacter","Reactive arthritis","5-64","TotalFrictionHigh",52425778.5221477,24293970.2286116,106245767.958104
"412","Campylobacter","Reactive arthritis","5-64","TotalFrictionLow",31864753.9699777,14473633.336079,66203152.7387433
"413","Campylobacter","Reactive arthritis","5-64","Direct",2606721.54668219,1276732.37842316,5119819.6929508
"414","Campylobacter","Reactive arthritis","5-64","Pain and suffering",16561508.0193041,6571844.93483083,37823110.3073614
"415","Campylobacter","Reactive arthritis","65+","Premature mortality",103200.499012682,891.612277317048,934368.198272661
"416","Campylobacter","Reactive arthritis","65+","HumanCapital",5249856.57225025,2449524.61789416,10503861.9567036
"417","Campylobacter","Reactive arthritis","65+","FrictionHigh",4199885.2578002,1959619.69431533,8403089.56536289
"418","Campylobacter","Reactive arthritis","65+","FrictionLow",1574956.97167507,734857.385368247,3151158.58701108
"419","Campylobacter","Reactive arthritis","65+","TotalHumanCapital",11574221.7730537,5339933.48515833,23681736.8762826
"420","Campylobacter","Reactive arthritis","65+","TotalFrictionHigh",10516622.2659149,4826383.90561317,21633566.125539
"421","Campylobacter","Reactive arthritis","65+","TotalFrictionLow",7857295.67914535,3511464.20384706,16575528.2395183
"422","Campylobacter","Reactive arthritis","65+","Direct",798686.173285402,386252.719074837,1585009.50566403
"423","Campylobacter","Reactive arthritis","65+","Pain and suffering",5196087.81620008,2061802.7317128,11857920.9777717
"424","Campylobacter","Reactive arthritis","All ages","Premature mortality",433959.357808692,60348.6096001287,1615577.24622205
"425","Campylobacter","Reactive arthritis","All ages","HumanCapital",49908146.6883322,23286585.5026858,99855734.3642735
"426","Campylobacter","Reactive arthritis","All ages","FrictionHigh",39926517.3506658,18629268.4021487,79884587.4914188
"427","Campylobacter","Reactive arthritis","All ages","FrictionLow",14972444.0064997,6985975.65080575,29956720.309282
"428","Campylobacter","Reactive arthritis","All ages","TotalHumanCapital",78310235.3949532,36401039.7858553,158242782.888578
"429","Campylobacter","Reactive arthritis","All ages","TotalFrictionHigh",68279226.6463162,31654804.8028815,138542090.844212
"430","Campylobacter","Reactive arthritis","All ages","TotalFrictionLow",43136357.569019,19589160.35421,89710027.7474773
"431","Campylobacter","Reactive arthritis","All ages","Direct",3697602.71672869,1817971.39850763,7212410.03815835
"432","Campylobacter","Reactive arthritis","All ages","Pain and suffering",23589665.1044089,9363601.02861819,53782125.484192
"433","Campylobacter","Irritable bowel syndrome","<5","Premature mortality",17920.3364030653,148.535544917072,189201.129563257
"434","Campylobacter","Irritable bowel syndrome","<5","HumanCapital",2265972.51441094,1341964.79604869,3804549.87584006
"435","Campylobacter","Irritable bowel syndrome","<5","FrictionHigh",1812778.01152875,1073571.83683895,3043639.90067205
"436","Campylobacter","Irritable bowel syndrome","<5","FrictionLow",679791.754323283,402589.438814606,1141364.96275202
"437","Campylobacter","Irritable bowel syndrome","<5","TotalHumanCapital",8068783.61991509,4472452.11787863,14523216.970229
"438","Campylobacter","Irritable bowel syndrome","<5","TotalFrictionHigh",7611793.22435241,4182523.82777179,13802065.5820634
"439","Campylobacter","Irritable bowel syndrome","<5","TotalFrictionLow",6461584.87871049,3447949.88014776,12025428.7489993
"440","Campylobacter","Irritable bowel syndrome","<5","Direct",980805.010632856,580998.25499589,1646355.2571624
"441","Campylobacter","Irritable bowel syndrome","<5","Pain and suffering",4726355.87447419,2283403.13255436,9424341.28444154
"442","Campylobacter","Irritable bowel syndrome","5-64","Premature mortality",143851.716239749,18993.4903566238,644295.104810194
"443","Campylobacter","Irritable bowel syndrome","5-64","HumanCapital",24204011.7947246,14334212.5930911,40638343.7940284
"444","Campylobacter","Irritable bowel syndrome","5-64","FrictionHigh",19363209.4357797,11467370.0744729,32510675.0352228
"445","Campylobacter","Irritable bowel syndrome","5-64","FrictionLow",7261203.53841739,4300263.77792733,12191503.1382085
"446","Campylobacter","Irritable bowel syndrome","5-64","TotalHumanCapital",80007590.6983406,45488518.3234474,141330746.557873
"447","Campylobacter","Irritable bowel syndrome","5-64","TotalFrictionHigh",75118127.8535931,42407839.700769,133603141.248955
"448","Campylobacter","Irritable bowel syndrome","5-64","TotalFrictionLow",62870780.843633,34578136.1326932,114511437.096092
"449","Campylobacter","Irritable bowel syndrome","5-64","Direct",12044444.816202,7510929.10565746,19099144.2831508
"450","Campylobacter","Irritable bowel syndrome","5-64","Pain and suffering",43064256.345399,20805665.9580859,85754591.5363846
"451","Campylobacter","Irritable bowel syndrome","65+","Premature mortality",844191.557642151,299182.049808776,2438764.79677453
"452","Campylobacter","Irritable bowel syndrome","65+","HumanCapital",3091215.74501548,1830694.18557381,5190126.71340842
"453","Campylobacter","Irritable bowel syndrome","65+","FrictionHigh",2472972.59601238,1464555.34845905,4152101.37072674
"454","Campylobacter","Irritable bowel syndrome","65+","FrictionLow",927364.723504644,549208.255672144,1557038.01402253
"455","Campylobacter","Irritable bowel syndrome","65+","TotalHumanCapital",21542122.5746228,12214167.0127901,38390298.5468694
"456","Campylobacter","Irritable bowel syndrome","65+","TotalFrictionHigh",20915909.1719926,11810340.8051047,37422228.10617
"457","Campylobacter","Irritable bowel syndrome","65+","TotalFrictionLow",19345820.7221412,10795318.090528,35006012.645811
"458","Campylobacter","Irritable bowel syndrome","65+","Direct",3796153.10490713,2367371.42291859,6055628.64742178
"459","Campylobacter","Irritable bowel syndrome","65+","Pain and suffering",13503579.7088387,6529692.12835708,26930608.5577367
"460","Campylobacter","Irritable bowel syndrome","All ages","Premature mortality",1115850.13691377,460910.383329358,2763722.74372637
"461","Campylobacter","Irritable bowel syndrome","All ages","HumanCapital",29561200.0541511,17506871.5747136,49633020.3832769
"462","Campylobacter","Irritable bowel syndrome","All ages","FrictionHigh",23648960.0433209,14005497.2597709,39706416.3066215
"463","Campylobacter","Irritable bowel syndrome","All ages","FrictionLow",8868360.01624532,5252061.47241408,14889906.1149831
"464","Campylobacter","Irritable bowel syndrome","All ages","TotalHumanCapital",109899581.029536,62906235.7191681,192448473.277977
"465","Campylobacter","Irritable bowel syndrome","All ages","TotalFrictionHigh",103935495.908995,59129883.5768574,182966339.953377
"466","Campylobacter","Irritable bowel syndrome","All ages","TotalFrictionLow",89001564.9737461,49656988.5322242,159498792.704614
"467","Campylobacter","Irritable bowel syndrome","All ages","Direct",16835216.648409,10626753.4460424,26588233.4450747
"468","Campylobacter","Irritable bowel syndrome","All ages","Pain and suffering",61726234.2214789,30471257.6054091,119707729.233016
"469","Campylobacter","Guillain-Barré syndrome","<5","Premature mortality",55900.5723341888,474.679258084749,545423.16012592
"470","Campylobacter","Guillain-Barré syndrome","<5","HumanCapital",170398.626914017,83841.8172499385,351170.138898612
"471","Campylobacter","Guillain-Barré syndrome","<5","FrictionHigh",136318.901531214,67073.4537999508,280936.111118889
"472","Campylobacter","Guillain-Barré syndrome","<5","FrictionLow",51119.5880742052,25152.5451749816,105351.041669584
"473","Campylobacter","Guillain-Barré syndrome","<5","TotalHumanCapital",700952.720700201,338037.210425094,1454149.63397689
"474","Campylobacter","Guillain-Barré syndrome","<5","TotalFrictionHigh",665327.539187736,319697.744527131,1390035.4477629
"475","Campylobacter","Guillain-Barré syndrome","<5","TotalFrictionLow",575782.107851764,273483.244188249,1232836.67422194
"476","Campylobacter","Guillain-Barré syndrome","<5","Direct",385504.2968954,189675.647585914,794499.930210205
"477","Campylobacter","Guillain-Barré syndrome","<5","Pain and suffering",21623.7031640312,10263.3514368229,45999.6191357743
"478","Campylobacter","Guillain-Barré syndrome","5-64","Premature mortality",4267970.89109613,1714887.86219809,8927248.01390478
"479","Campylobacter","Guillain-Barré syndrome","5-64","HumanCapital",1818240.22807965,894634.937381647,3747164.42854886
"480","Campylobacter","Guillain-Barré syndrome","5-64","FrictionHigh",1454592.18246372,715707.949905318,2997731.54283909
"481","Campylobacter","Guillain-Barré syndrome","5-64","FrictionLow",545472.068423895,268390.481214494,1124149.32856466
"482","Campylobacter","Guillain-Barré syndrome","5-64","TotalHumanCapital",10290668.508057,5867297.97292223,17420517.257079
"483","Campylobacter","Guillain-Barré syndrome","5-64","TotalFrictionHigh",9915672.96311755,5644502.70170919,16756409.1933509
"484","Campylobacter","Guillain-Barré syndrome","5-64","TotalFrictionLow",8967028.92432912,5070325.38849569,15133006.5854327
"485","Campylobacter","Guillain-Barré syndrome","5-64","Direct",3512115.94065684,1728132.85346501,7238667.65354467
"486","Campylobacter","Guillain-Barré syndrome","5-64","Pain and suffering",229406.4556036,109058.504837537,487453.515716033
"487","Campylobacter","Guillain-Barré syndrome","65+","Premature mortality",48923319.3466868,21456291.3307715,90166914.3688607
"488","Campylobacter","Guillain-Barré syndrome","65+","HumanCapital",231910.030281378,114107.482726902,477937.404900493
"489","Campylobacter","Guillain-Barré syndrome","65+","FrictionHigh",185528.024225102,91285.9861815214,382349.923920394
"490","Campylobacter","Guillain-Barré syndrome","65+","FrictionLow",69573.0090844134,34232.2448180705,143381.221470148
"491","Campylobacter","Guillain-Barré syndrome","65+","TotalHumanCapital",50523404.8184641,23017402.4687278,91765103.6228921
"492","Campylobacter","Guillain-Barré syndrome","65+","TotalFrictionHigh",50471280.9123409,22967241.7769553,91710815.1569728
"493","Campylobacter","Guillain-Barré syndrome","65+","TotalFrictionLow",50340618.4047829,22845653.4822429,91580312.3873411
"494","Campylobacter","Guillain-Barré syndrome","65+","Direct",1102095.12433759,542288.756459075,2271307.56454618
"495","Campylobacter","Guillain-Barré syndrome","65+","Pain and suffering",110722.14020736,52048.3560326325,237183.879102536
"496","Campylobacter","Guillain-Barré syndrome","All ages","Premature mortality",53751368.7850926,25991818.5660545,95143961.2855358
"497","Campylobacter","Guillain-Barré syndrome","All ages","HumanCapital",2220548.88527504,1092584.23735849,4576271.97234796
"498","Campylobacter","Guillain-Barré syndrome","All ages","FrictionHigh",1776439.10822004,874067.38988679,3661017.57787837
"499","Campylobacter","Guillain-Barré syndrome","All ages","FrictionLow",666164.665582513,327775.271207546,1372881.59170439
"500","Campylobacter","Guillain-Barré syndrome","All ages","TotalHumanCapital",62156001.6655848,33685568.8194079,103969116.355991
"501","Campylobacter","Guillain-Barré syndrome","All ages","TotalFrictionHigh",61669000.4084707,33275888.846982,103426665.874371
"502","Campylobacter","Guillain-Barré syndrome","All ages","TotalFrictionLow",60433434.3721041,32212760.4940378,102078895.258959
"503","Campylobacter","Guillain-Barré syndrome","All ages","Direct",4999762.317383,2460138.83568109,10304266.358272
"504","Campylobacter","Guillain-Barré syndrome","All ages","Pain and suffering",362027.464097652,171987.808086502,769402.288261483
"505","Campylobacter","Initial and sequel disease","<5","Premature mortality",527171.649206742,91433.9050689039,2029966.82257771
"506","Campylobacter","Initial and sequel disease","<5","HumanCapital",12119311.4462282,6900459.988856,21302917.5155785
"507","Campylobacter","Initial and sequel disease","<5","FrictionHigh",9695449.15698254,5520367.9910848,17042334.0124628
"508","Campylobacter","Initial and sequel disease","<5","FrictionLow",3635793.43386845,2070137.9966568,6390875.25467355
"509","Campylobacter","Initial and sequel disease","<5","TotalHumanCapital",29100365.9860198,17720068.5968775,48158738.6352532
"510","Campylobacter","Initial and sequel disease","<5","TotalFrictionHigh",26664978.124584,16287386.4754604,44000159.1280558
"511","Campylobacter","Initial and sequel disease","<5","TotalFrictionLow",20553992.2790891,12648436.69327,33718709.3610679
"512","Campylobacter","Initial and sequel disease","<5","Direct",4063224.02337951,2706059.04703675,6328570.88634722
"513","Campylobacter","Initial and sequel disease","<5","Pain and suffering",12027286.3448784,6923162.36602773,20822777.5058619
"514","Campylobacter","Initial and sequel disease","5-64","Premature mortality",7834336.25831363,4119336.73331921,13639417.2139252
"515","Campylobacter","Initial and sequel disease","5-64","HumanCapital",147096224.573202,88176329.5776948,246018622.275314
"516","Campylobacter","Initial and sequel disease","5-64","FrictionHigh",117676979.658562,70541063.6621558,196814897.820251
"517","Campylobacter","Initial and sequel disease","5-64","FrictionLow",44128867.3719607,26452898.8733084,73805586.6825942
"518","Campylobacter","Initial and sequel disease","5-64","TotalHumanCapital",310558119.03899,194522412.741431,503186305.720519
"519","Campylobacter","Initial and sequel disease","5-64","TotalFrictionHigh",281077515.370869,176610956.289523,454411455.482999
"520","Campylobacter","Initial and sequel disease","5-64","TotalFrictionLow",207280131.878255,131525419.476048,333421707.436966
"521","Campylobacter","Initial and sequel disease","5-64","Direct",44381000.4445236,30871217.3377091,66117914.0361663
"522","Campylobacter","Initial and sequel disease","5-64","Pain and suffering",109936426.385306,63375641.9701945,190006722.040469
"523","Campylobacter","Initial and sequel disease","65+","Premature mortality",72498027.562963,42620242.8317878,115122427.058203
"524","Campylobacter","Initial and sequel disease","65+","HumanCapital",23803937.6359792,11564623.6092741,75872304.4591778
"525","Campylobacter","Initial and sequel disease","65+","FrictionHigh",19043150.1087833,9251698.88741925,60697843.5673423
"526","Campylobacter","Initial and sequel disease","65+","FrictionLow",7141181.29079375,3469387.08278222,22761691.3377533
"527","Campylobacter","Initial and sequel disease","65+","TotalHumanCapital",169633456.505758,120932163.051698,247412130.92856
"528","Campylobacter","Initial and sequel disease","65+","TotalFrictionHigh",164394116.84446,117698459.345213,235045652.969783
"529","Campylobacter","Initial and sequel disease","65+","TotalFrictionLow",150655191.875278,108971829.138808,207012362.62293
"530","Campylobacter","Initial and sequel disease","65+","Direct",32091002.7397004,23572044.6095731,42349618.4295376
"531","Campylobacter","Initial and sequel disease","65+","Pain and suffering",34755106.3578601,20148426.3775661,59908722.456581
"532","Campylobacter","Initial and sequel disease","All ages","Premature mortality",81474948.1351158,51143951.9768873,124349199.487891
"533","Campylobacter","Initial and sequel disease","All ages","HumanCapital",187693326.029339,111504155.116936,323119302.084835
"534","Campylobacter","Initial and sequel disease","All ages","FrictionHigh",150154660.823471,89203324.0935487,258495441.667868
"535","Campylobacter","Initial and sequel disease","All ages","FrictionLow",56307997.8088018,33451246.5350808,96935790.6254504
"536","Campylobacter","Initial and sequel disease","All ages","TotalHumanCapital",511456844.168415,348769091.698827,778859850.01689
"537","Campylobacter","Initial and sequel disease","All ages","TotalFrictionHigh",473746312.659206,325587496.921849,715334029.189889
"538","Campylobacter","Initial and sequel disease","All ages","TotalFrictionLow",379322892.751451,266643064.07452,558158308.979261
"539","Campylobacter","Initial and sequel disease","All ages","Direct",80570828.0975414,60216555.9807244,111619858.222674
"540","Campylobacter","Initial and sequel disease","All ages","Pain and suffering",156922752.385047,90978519.2525988,269547752.302334
"541","Non-typhoidal Salmonella","Salmonellosis","<5","Premature mortality",2040102.09503314,647776.953274968,5029350.21373258
"542","Non-typhoidal Salmonella","Salmonellosis","<5","HumanCapital",3822107.39470551,2074606.37033233,7433102.2023384
"543","Non-typhoidal Salmonella","Salmonellosis","<5","FrictionHigh",3057685.9157644,1659685.09626586,5946481.76187072
"544","Non-typhoidal Salmonella","Salmonellosis","<5","FrictionLow",1146632.21841165,622381.911099699,2229930.66070152
"545","Non-typhoidal Salmonella","Salmonellosis","<5","TotalHumanCapital",12076078.9723425,7900159.91357533,18825219.6260612
"546","Non-typhoidal Salmonella","Salmonellosis","<5","TotalFrictionHigh",11296761.8543989,7421622.37938964,17458507.545682
"547","Non-typhoidal Salmonella","Salmonellosis","<5","TotalFrictionLow",9320015.99105573,6179006.52012724,14168891.1792186
"548","Non-typhoidal Salmonella","Salmonellosis","<5","Direct",2594569.63663391,1829535.34773472,3628314.18231556
"549","Non-typhoidal Salmonella","Salmonellosis","<5","Pain and suffering",3201117.81170123,1779638.97907556,5721955.0441425
"550","Non-typhoidal Salmonella","Salmonellosis","5-64","Premature mortality",14424113.0499382,8014334.76675561,24277157.5599133
"551","Non-typhoidal Salmonella","Salmonellosis","5-64","HumanCapital",12939411.9910368,7649338.37400055,22317168.2950628
"552","Non-typhoidal Salmonella","Salmonellosis","5-64","FrictionHigh",10351529.5928294,6119470.69920044,17853734.6360502
"553","Non-typhoidal Salmonella","Salmonellosis","5-64","FrictionLow",3881823.59731103,2294801.51220017,6695150.48851883
"554","Non-typhoidal Salmonella","Salmonellosis","5-64","TotalHumanCapital",40961003.1335891,28349709.9700366,59506839.5376776
"555","Non-typhoidal Salmonella","Salmonellosis","5-64","TotalFrictionHigh",38347513.5005344,26596872.049342,55348650.6043502
"556","Non-typhoidal Salmonella","Salmonellosis","5-64","TotalFrictionLow",31752038.6276706,22064362.9734455,45343299.0854629
"557","Non-typhoidal Salmonella","Salmonellosis","5-64","Direct",5267643.69183995,3713942.60742939,7567330.73605753
"558","Non-typhoidal Salmonella","Salmonellosis","5-64","Pain and suffering",7425403.14913307,4096843.71298065,13334607.3935577
"559","Non-typhoidal Salmonella","Salmonellosis","65+","Premature mortality",56089568.97413,34160437.528294,85494003.5955537
"560","Non-typhoidal Salmonella","Salmonellosis","65+","HumanCapital",2113079.24237182,888631.851259912,8845517.18431537
"561","Non-typhoidal Salmonella","Salmonellosis","65+","FrictionHigh",1690463.39389746,710905.48100793,7076413.74745229
"562","Non-typhoidal Salmonella","Salmonellosis","65+","FrictionLow",633923.772711547,266589.555377974,2653655.15529461
"563","Non-typhoidal Salmonella","Salmonellosis","65+","TotalHumanCapital",66293066.8651574,43636144.7197101,96637768.6269376
"564","Non-typhoidal Salmonella","Salmonellosis","65+","TotalFrictionHigh",65681094.1354249,43179871.8070768,95730793.150689
"565","Non-typhoidal Salmonella","Salmonellosis","65+","TotalFrictionLow",64110142.2829944,41939537.908821,93697402.7349637
"566","Non-typhoidal Salmonella","Salmonellosis","65+","Direct",4865354.61989941,3315746.86550954,6720411.75586741
"567","Non-typhoidal Salmonella","Salmonellosis","65+","Pain and suffering",2009560.74156626,1125045.57419535,3576129.96634594
"568","Non-typhoidal Salmonella","Salmonellosis","All ages","Premature mortality",73567494.3232787,50000954.0789747,104130179.143362
"569","Non-typhoidal Salmonella","Salmonellosis","All ages","HumanCapital",19635106.5362341,11615746.4020105,35121914.7791868
"570","Non-typhoidal Salmonella","Salmonellosis","All ages","FrictionHigh",15708085.2289873,9292597.12160842,28097531.8233495
"571","Non-typhoidal Salmonella","Salmonellosis","All ages","FrictionLow",5890531.96087023,3484723.92060316,10536574.433756
"572","Non-typhoidal Salmonella","Salmonellosis","All ages","TotalHumanCapital",120650658.077082,90297301.8599393,159973128.156632
"573","Non-typhoidal Salmonella","Salmonellosis","All ages","TotalFrictionHigh",116590052.679096,87270620.8562434,154152916.412817
"574","Non-typhoidal Salmonella","Salmonellosis","All ages","TotalFrictionLow",106289722.599916,79354111.4089488,140326105.69588
"575","Non-typhoidal Salmonella","Salmonellosis","All ages","Direct",12792774.8759293,9996750.21927554,16553645.7631578
"576","Non-typhoidal Salmonella","Salmonellosis","All ages","Pain and suffering",12636349.1408444,7004420.26125482,22630655.8231088
"577","Non-typhoidal Salmonella","Reactive arthritis","<5","Premature mortality",37137.2460677322,302.407006915855,399077.087525926
"578","Non-typhoidal Salmonella","Reactive arthritis","<5","HumanCapital",2810052.38228982,739500.019153559,6954980.41313817
"579","Non-typhoidal Salmonella","Reactive arthritis","<5","FrictionHigh",2248041.90583185,591600.015322847,5563984.33051054
"580","Non-typhoidal Salmonella","Reactive arthritis","<5","FrictionLow",843015.714686945,221850.005746068,2086494.12394145
"581","Non-typhoidal Salmonella","Reactive arthritis","<5","TotalHumanCapital",4482942.05821192,1182513.12058586,11142634.521546
"582","Non-typhoidal Salmonella","Reactive arthritis","<5","TotalFrictionHigh",3917811.41961932,1032832.7652438,9767395.20963074
"583","Non-typhoidal Salmonella","Reactive arthritis","<5","TotalFrictionLow",2497895.89625506,653230.113483618,6350803.60514755
"584","Non-typhoidal Salmonella","Reactive arthritis","<5","Direct",207531.745099163,56183.1061193221,508381.473637506
"585","Non-typhoidal Salmonella","Reactive arthritis","<5","Pain and suffering",1323334.99932819,320099.044802476,3700427.390828
"586","Non-typhoidal Salmonella","Reactive arthritis","5-64","Premature mortality",15569.0845129602,121.27718571826,190306.379962956
"587","Non-typhoidal Salmonella","Reactive arthritis","5-64","HumanCapital",7750027.28148891,2039515.47637398,19181595.4335056
"588","Non-typhoidal Salmonella","Reactive arthritis","5-64","FrictionHigh",6200021.82519113,1631612.38109918,15345276.3468045
"589","Non-typhoidal Salmonella","Reactive arthritis","5-64","FrictionLow",2325008.18444667,611854.642912194,5754478.63005167
"590","Non-typhoidal Salmonella","Reactive arthritis","5-64","TotalHumanCapital",11502230.8617777,3010988.25447302,28730074.0418522
"591","Non-typhoidal Salmonella","Reactive arthritis","5-64","TotalFrictionHigh",9946099.92511669,2599617.48274421,24926550.6691056
"592","Non-typhoidal Salmonella","Reactive arthritis","5-64","TotalFrictionLow",6040181.41211339,1561213.84533606,15467305.2776605
"593","Non-typhoidal Salmonella","Reactive arthritis","5-64","Direct",497148.843438873,131322.189945279,1231088.99099199
"594","Non-typhoidal Salmonella","Reactive arthritis","5-64","Pain and suffering",3104379.50299384,751478.20567191,8679005.10198979
"595","Non-typhoidal Salmonella","Reactive arthritis","65+","Premature mortality",14803.3409447492,115.981760522239,183662.614331204
"596","Non-typhoidal Salmonella","Reactive arthritis","65+","HumanCapital",840029.761958664,221064.215376581,2079103.78386429
"597","Non-typhoidal Salmonella","Reactive arthritis","65+","FrictionHigh",672023.809566931,176851.372301265,1663283.02709143
"598","Non-typhoidal Salmonella","Reactive arthritis","65+","FrictionLow",252008.928587599,66319.2646129744,623731.135159288
"599","Non-typhoidal Salmonella","Reactive arthritis","65+","TotalHumanCapital",1850860.1707607,480982.168732895,4697199.54632752
"600","Non-typhoidal Salmonella","Reactive arthritis","65+","TotalFrictionHigh",1680791.76422233,435518.242360162,4290598.42995613
"601","Non-typhoidal Salmonella","Reactive arthritis","65+","TotalFrictionLow",1254048.63758097,320315.107962936,3281541.16838574
"602","Non-typhoidal Salmonella","Reactive arthritis","65+","Direct",128334.83133821,33769.4904837043,319666.678374784
"603","Non-typhoidal Salmonella","Reactive arthritis","65+","Pain and suffering",821224.732564406,198798.114413577,2299286.60726137
"604","Non-typhoidal Salmonella","Reactive arthritis","All ages","Premature mortality",117912.048233443,12194.8915215333,595268.729856886
"605","Non-typhoidal Salmonella","Reactive arthritis","All ages","HumanCapital",11400109.4257374,3000079.71090412,28215679.630508
"606","Non-typhoidal Salmonella","Reactive arthritis","All ages","FrictionHigh",9120087.54058991,2400063.7687233,22572543.7044064
"607","Non-typhoidal Salmonella","Reactive arthritis","All ages","FrictionLow",3420032.82772122,900023.913271236,8464703.88915241
"608","Non-typhoidal Salmonella","Reactive arthritis","All ages","TotalHumanCapital",17841298.4985046,4677251.38387726,44545273.4821449
"609","Non-typhoidal Salmonella","Reactive arthritis","All ages","TotalFrictionHigh",15550250.0844967,4071880.69048341,38961044.7653001
"610","Non-typhoidal Salmonella","Reactive arthritis","All ages","TotalFrictionLow",9796895.36742498,2542229.02230998,25074754.2763521
"611","Non-typhoidal Salmonella","Reactive arthritis","All ages","Direct",836885.703953427,223391.448041303,2045238.64425532
"612","Non-typhoidal Salmonella","Reactive arthritis","All ages","Pain and suffering",5251957.55732406,1272118.64862194,14672475.5381607
"613","Non-typhoidal Salmonella","Irritable bowel syndrome","<5","Premature mortality",10536.424579228,87.9925192166402,116083.260528247
"614","Non-typhoidal Salmonella","Irritable bowel syndrome","<5","HumanCapital",1343263.12241717,731326.812085551,2420853.64842228
"615","Non-typhoidal Salmonella","Irritable bowel syndrome","<5","FrictionHigh",1074610.49793373,585061.449668441,1936682.91873783
"616","Non-typhoidal Salmonella","Irritable bowel syndrome","<5","FrictionLow",402978.93672515,219398.043625665,726256.094526685
"617","Non-typhoidal Salmonella","Irritable bowel syndrome","<5","TotalHumanCapital",4782065.9320525,2453296.98607827,9186880.79769138
"618","Non-typhoidal Salmonella","Irritable bowel syndrome","<5","TotalFrictionHigh",4509673.02830096,2296130.91357116,8724207.48984064
"619","Non-typhoidal Salmonella","Irritable bowel syndrome","<5","TotalFrictionLow",3827441.01655876,1899325.20579164,7585518.92448406
"620","Non-typhoidal Salmonella","Irritable bowel syndrome","<5","Direct",581561.926607854,316562.505925836,1047953.77702796
"621","Non-typhoidal Salmonella","Irritable bowel syndrome","<5","Pain and suffering",2794799.66091959,1270904.94462285,5910222.83784348
"622","Non-typhoidal Salmonella","Irritable bowel syndrome","5-64","Premature mortality",21658.6056093012,2598.87806253959,113451.771128223
"623","Non-typhoidal Salmonella","Irritable bowel syndrome","5-64","HumanCapital",3695139.84879669,2011783.69355362,6659449.39238192
"624","Non-typhoidal Salmonella","Irritable bowel syndrome","5-64","FrictionHigh",2956111.87903735,1609426.95484289,5327559.51390554
"625","Non-typhoidal Salmonella","Irritable bowel syndrome","5-64","FrictionLow",1108541.95463901,603535.108066085,1997834.81771458
"626","Non-typhoidal Salmonella","Irritable bowel syndrome","5-64","TotalHumanCapital",12231114.7031006,6339568.00368887,23223199.7211427
"627","Non-typhoidal Salmonella","Irritable bowel syndrome","5-64","TotalFrictionHigh",11481773.2366411,5910885.96524784,21944205.9823909
"628","Non-typhoidal Salmonella","Irritable bowel syndrome","5-64","TotalFrictionLow",9607883.9826195,4827583.08991688,18796276.761721
"629","Non-typhoidal Salmonella","Irritable bowel syndrome","5-64","Direct",1836826.66771977,983360.714765416,3364749.41775977
"630","Non-typhoidal Salmonella","Irritable bowel syndrome","5-64","Pain and suffering",6557984.59290365,2982574.23082588,13859287.4668952
"631","Non-typhoidal Salmonella","Irritable bowel syndrome","65+","Premature mortality",109467.858427663,30886.1167635516,382272.338844765
"632","Non-typhoidal Salmonella","Irritable bowel syndrome","65+","HumanCapital",397968.124835986,216669.954821836,717225.516644362
"633","Non-typhoidal Salmonella","Irritable bowel syndrome","65+","FrictionHigh",318374.499868789,173335.963857469,573780.41331549
"634","Non-typhoidal Salmonella","Irritable bowel syndrome","65+","FrictionLow",119390.437450796,65000.9864465509,215167.654993309
"635","Non-typhoidal Salmonella","Irritable bowel syndrome","65+","TotalHumanCapital",2781397.05399057,1414601.99770542,5376315.83506563
"636","Non-typhoidal Salmonella","Irritable bowel syndrome","65+","TotalFrictionHigh",2700453.23985744,1367838.59640226,5240199.86056218
"637","Non-typhoidal Salmonella","Irritable bowel syndrome","65+","TotalFrictionLow",2498162.26746114,1249495.76028268,4902643.20359783
"638","Non-typhoidal Salmonella","Irritable bowel syndrome","65+","Direct",488827.181917637,263416.933456907,889314.477015052
"639","Non-typhoidal Salmonella","Irritable bowel syndrome","65+","Pain and suffering",1735271.85634335,790340.649033459,3664621.19193111
"640","Non-typhoidal Salmonella","Irritable bowel syndrome","All ages","Premature mortality",169634.499727766,54951.8575024475,498277.093891377
"641","Non-typhoidal Salmonella","Irritable bowel syndrome","All ages","HumanCapital",5436371.09604984,2959780.460461,9797528.55744857
"642","Non-typhoidal Salmonella","Irritable bowel syndrome","All ages","FrictionHigh",4349096.87683987,2367824.3683688,7838022.84595886
"643","Non-typhoidal Salmonella","Irritable bowel syndrome","All ages","FrictionLow",1630911.32881495,887934.138138301,2939258.56723457
"644","Non-typhoidal Salmonella","Irritable bowel syndrome","All ages","TotalHumanCapital",19858897.6787819,10337798.8074746,37433659.2370965
"645","Non-typhoidal Salmonella","Irritable bowel syndrome","All ages","TotalFrictionHigh",18759638.9591176,9708528.56203461,35552436.8157303
"646","Non-typhoidal Salmonella","Irritable bowel syndrome","All ages","TotalFrictionLow",16010280.956236,8125594.33752899,30874274.9263841
"647","Non-typhoidal Salmonella","Irritable bowel syndrome","All ages","Direct",2916523.07090927,1579790.12528851,5255305.74852842
"648","Non-typhoidal Salmonella","Irritable bowel syndrome","All ages","Pain and suffering",11186214.0607103,5219355.71883081,22934747.6769288
"649","Non-typhoidal Salmonella","Initial and sequel disease","<5","Premature mortality",2170056.91128834,747883.085796542,5170785.07586148
"650","Non-typhoidal Salmonella","Initial and sequel disease","<5","HumanCapital",8148921.08521725,4297104.01161316,15475422.450179
"651","Non-typhoidal Salmonella","Initial and sequel disease","<5","FrictionHigh",6519136.8681738,3437683.20929053,12380337.9601432
"652","Non-typhoidal Salmonella","Initial and sequel disease","<5","FrictionLow",2444676.32556517,1289131.20348395,4642626.73505369
"653","Non-typhoidal Salmonella","Initial and sequel disease","<5","TotalHumanCapital",21641700.1184608,13212202.1850617,36412933.2893847
"654","Non-typhoidal Salmonella","Initial and sequel disease","<5","TotalFrictionHigh",20008754.753002,12298614.9333296,33397862.658169
"655","Non-typhoidal Salmonella","Initial and sequel disease","<5","TotalFrictionLow",15907998.641913,9957906.5653791,25961244.7596534
"656","Non-typhoidal Salmonella","Initial and sequel disease","<5","Direct",3404860.37147728,2382014.23862719,4935894.8780067
"657","Non-typhoidal Salmonella","Initial and sequel disease","<5","Pain and suffering",7521280.45368425,3989312.20661783,14020858.392232
"658","Non-typhoidal Salmonella","Initial and sequel disease","5-64","Premature mortality",14505148.4747735,8091261.42146835,24353761.3115852
"659","Non-typhoidal Salmonella","Initial and sequel disease","5-64","HumanCapital",24674609.1643749,13480970.4032993,45383302.0475634
"660","Non-typhoidal Salmonella","Initial and sequel disease","5-64","FrictionHigh",19739687.3314999,10784776.3226394,36306641.6380507
"661","Non-typhoidal Salmonella","Initial and sequel disease","5-64","FrictionLow",7402382.74931247,4044291.12098978,13614990.614269
"662","Non-typhoidal Salmonella","Initial and sequel disease","5-64","TotalHumanCapital",65388576.708311,42260406.308613,104559818.923547
"663","Non-typhoidal Salmonella","Initial and sequel disease","5-64","TotalFrictionHigh",60450932.6289907,39375070.1218088,95673704.4386854
"664","Non-typhoidal Salmonella","Initial and sequel disease","5-64","TotalFrictionLow",48080283.7419845,31978089.4004648,73758567.7864055
"665","Non-typhoidal Salmonella","Initial and sequel disease","5-64","Direct",7657618.84785966,5237784.82601305,11551302.4820926
"666","Non-typhoidal Salmonella","Initial and sequel disease","5-64","Pain and suffering",17563840.289793,9276837.19328245,32833996.5366204
"667","Non-typhoidal Salmonella","Initial and sequel disease","65+","Premature mortality",56279768.5149927,34352475.0923262,85679716.5501181
"668","Non-typhoidal Salmonella","Initial and sequel disease","65+","HumanCapital",3545470.5384123,1704625.88638826,10604243.5320414
"669","Non-typhoidal Salmonella","Initial and sequel disease","65+","FrictionHigh",2836376.43072984,1363700.70911061,8483394.82563315
"670","Non-typhoidal Salmonella","Initial and sequel disease","65+","FrictionLow",1063641.16152369,511387.765916478,3181273.05961243
"671","Non-typhoidal Salmonella","Initial and sequel disease","65+","TotalHumanCapital",71431637.898514,48132894.6029182,102357929.928535
"672","Non-typhoidal Salmonella","Initial and sequel disease","65+","TotalFrictionHigh",70550540.042678,47465266.09338,101113427.587041
"673","Non-typhoidal Salmonella","Initial and sequel disease","65+","TotalFrictionLow",68307532.2169308,45700248.6532724,98226183.3680595
"674","Non-typhoidal Salmonella","Initial and sequel disease","65+","Direct",5527322.79560506,3852010.68800297,7540890.99577928
"675","Non-typhoidal Salmonella","Initial and sequel disease","65+","Pain and suffering",4692026.98378542,2497423.91080556,8726886.05542411
"676","Non-typhoidal Salmonella","Initial and sequel disease","All ages","Premature mortality",73961394.2976443,50389558.421328,104542254.873631
"677","Non-typhoidal Salmonella","Initial and sequel disease","All ages","HumanCapital",37029079.4551529,20280481.4934583,68610905.5957797
"678","Non-typhoidal Salmonella","Initial and sequel disease","All ages","FrictionHigh",29623263.5641224,16224385.1947667,54888724.4766237
"679","Non-typhoidal Salmonella","Initial and sequel disease","All ages","FrictionLow",11108723.8365459,6084144.4480375,20583271.6787339
"680","Non-typhoidal Salmonella","Initial and sequel disease","All ages","TotalHumanCapital",159929937.57557,115664805.533984,226315527.05996
"681","Non-typhoidal Salmonella","Initial and sequel disease","All ages","TotalFrictionHigh",152487742.010269,110894216.157447,213426365.917465
"682","Non-typhoidal Salmonella","Initial and sequel disease","All ages","TotalFrictionLow",133752563.871514,98438391.8235384,182104645.231482
"683","Non-typhoidal Salmonella","Initial and sequel disease","All ages","Direct",16605903.8669798,12475816.7740114,22967491.8960899
"684","Non-typhoidal Salmonella","Initial and sequel disease","All ages","Pain and suffering",29817388.4981064,15861591.934838,55371912.7305192
"685","Shigella","Shigellosis","<5","Premature mortality",19943.2549628748,165.400405718654,206945.390218991
"686","Shigella","Shigellosis","<5","HumanCapital",61847.2721513872,23826.170978761,150829.684233669
"687","Shigella","Shigellosis","<5","FrictionHigh",49477.8177211098,19060.9367830088,120663.747386935
"688","Shigella","Shigellosis","<5","FrictionLow",18554.1816454162,7147.8512936283,45248.9052701007
"689","Shigella","Shigellosis","<5","TotalHumanCapital",216669.240178769,105609.807025082,458096.221528445
"690","Shigella","Shigellosis","<5","TotalFrictionHigh",203094.59996815,99871.0507767358,432719.868280354
"691","Shigella","Shigellosis","<5","TotalFrictionLow",168354.347731759,84927.4563149616,373042.816803247
"692","Shigella","Shigellosis","<5","Direct",56933.7528812186,39285.2114746755,84459.5016884265
"693","Shigella","Shigellosis","<5","Pain and suffering",53537.2335324365,18933.6411341729,122570.388605353
"694","Shigella","Shigellosis","5-64","Premature mortality",115226.8082667,14336.2349142084,503167.413033331
"695","Shigella","Shigellosis","5-64","HumanCapital",562123.52101351,210247.529701049,1261360.66184288
"696","Shigella","Shigellosis","5-64","FrictionHigh",449698.816810808,168198.023760839,1009088.52947431
"697","Shigella","Shigellosis","5-64","FrictionLow",168637.056304053,63074.2589103146,378408.198552865
"698","Shigella","Shigellosis","5-64","TotalHumanCapital",1399470.61104265,694040.820820628,2698858.06484695
"699","Shigella","Shigellosis","5-64","TotalFrictionHigh",1285946.86871993,648082.423500879,2453981.72713037
"700","Shigella","Shigellosis","5-64","TotalFrictionLow",1000545.3692412,529515.722494605,1851669.39664493
"701","Shigella","Shigellosis","5-64","Direct",322274.060065557,228666.428380641,488126.786609499
"702","Shigella","Shigellosis","5-64","Pain and suffering",338328.432613703,117351.221346453,779144.378943632
"703","Shigella","Shigellosis","65+","Premature mortality",235280.506820165,47145.7972291121,810065.877237059
"704","Shigella","Shigellosis","65+","HumanCapital",37486.6608928701,10805.9688487056,196110.246106307
"705","Shigella","Shigellosis","65+","FrictionHigh",29989.3287142961,8644.77507896445,156888.196885045
"706","Shigella","Shigellosis","65+","FrictionLow",11245.998267861,3241.79065461167,58833.073831892
"707","Shigella","Shigellosis","65+","TotalHumanCapital",440453.800086498,201534.222805572,1048498.28266697
"708","Shigella","Shigellosis","65+","TotalFrictionHigh",428654.286328927,196211.534566491,1025781.30113608
"709","Shigella","Shigellosis","65+","TotalFrictionLow",397367.893027695,181231.528300759,975806.202836765
"710","Shigella","Shigellosis","65+","Direct",89599.8053773502,50849.323441016,146877.478281432
"711","Shigella","Shigellosis","65+","Pain and suffering",40844.4036872857,14587.3672659717,93219.5224320524
"712","Shigella","Shigellosis","All ages","Premature mortality",455765.572743187,150505.01072714,1142242.11326946
"713","Shigella","Shigellosis","All ages","HumanCapital",680943.763645288,257875.290817004,1535598.10961637
"714","Shigella","Shigellosis","All ages","FrictionHigh",544755.01091623,206300.232653603,1228478.4876931
"715","Shigella","Shigellosis","All ages","FrictionLow",204283.129093586,77362.5872451011,460679.432884912
"716","Shigella","Shigellosis","All ages","TotalHumanCapital",2127330.61642052,1173624.99716053,3792983.41236759
"717","Shigella","Shigellosis","All ages","TotalFrictionHigh",1989545.31311676,1112230.00812556,3502771.74756854
"718","Shigella","Shigellosis","All ages","TotalFrictionLow",1640319.57958164,951864.244163526,2794666.90318799
"719","Shigella","Shigellosis","All ages","Direct",471787.176777139,348462.635147158,679250.857227425
"720","Shigella","Shigellosis","All ages","Pain and suffering",432722.107738905,150931.69732685,994879.904113611
"721","Shigella","Reactive arthritis","<5","Premature mortality",561.24640344309,4.54869402755238,7101.59763705392
"722","Shigella","Reactive arthritis","<5","HumanCapital",42094.1641015276,13849.7244894801,99190.3997048853
"723","Shigella","Reactive arthritis","<5","FrictionHigh",33675.331281222,11079.7795915841,79352.3197639083
"724","Shigella","Reactive arthritis","<5","FrictionLow",12628.2492304583,4154.91734684402,29757.1199114656
"725","Shigella","Reactive arthritis","<5","TotalHumanCapital",67185.7077159957,21914.7367361075,160704.66841477
"726","Shigella","Reactive arthritis","<5","TotalFrictionHigh",58711.9807869444,19098.5508483976,141085.218710055
"727","Shigella","Reactive arthritis","<5","TotalFrictionLow",37444.9803471261,11978.9568975929,92397.1921435289
"728","Shigella","Reactive arthritis","<5","Direct",3110.95605597157,1013.46464761803,7493.74324504269
"729","Shigella","Reactive arthritis","<5","Pain and suffering",19898.7771593772,5907.81948730758,52997.4490329221
"730","Shigella","Reactive arthritis","5-64","Premature mortality",647.814230965776,5.17090074207377,8220.11812817664
"731","Shigella","Reactive arthritis","5-64","HumanCapital",316116.50526537,104007.921239224,744894.765814953
"732","Shigella","Reactive arthritis","5-64","FrictionHigh",252893.204212296,83206.3369913793,595915.812651962
"733","Shigella","Reactive arthritis","5-64","FrictionLow",94834.951579611,31202.3763717672,223468.429744486
"734","Shigella","Reactive arthritis","5-64","TotalHumanCapital",469333.171308076,153391.268717014,1117474.95808136
"735","Shigella","Reactive arthritis","5-64","TotalFrictionHigh",405797.419594302,132347.732075261,969717.624516846
"736","Shigella","Reactive arthritis","5-64","TotalFrictionLow",246432.747135909,79211.2148825826,603030.711065752
"737","Shigella","Reactive arthritis","5-64","Direct",20239.0808496126,6584.29091697418,48764.673717425
"738","Shigella","Reactive arthritis","5-64","Pain and suffering",127110.666986698,37736.3579653274,338640.756608332
"739","Shigella","Reactive arthritis","65+","Premature mortality",277.122187238861,2.21137281936647,3547.75492510528
"740","Shigella","Reactive arthritis","65+","HumanCapital",15369.8709860049,5056.95939421912,36217.458620565
"741","Shigella","Reactive arthritis","65+","FrictionHigh",12295.8967888039,4045.5675153753,28973.966896452
"742","Shigella","Reactive arthritis","65+","FrictionLow",4610.96129580147,1517.08781826574,10865.2375861695
"743","Shigella","Reactive arthritis","65+","TotalHumanCapital",33879.9089553273,10942.5854831402,82298.2806419415
"744","Shigella","Reactive arthritis","65+","TotalFrictionHigh",30768.1152396848,9896.59703678452,75209.5244504913
"745","Shigella","Reactive arthritis","65+","TotalFrictionLow",22960.075343129,7255.73464215365,57627.2124799774
"746","Shigella","Reactive arthritis","65+","Direct",2347.09458237062,762.436522438715,5649.26619576305
"747","Shigella","Reactive arthritis","65+","Pain and suffering",15084.7920354285,4476.42309718004,40198.9163141811
"748","Shigella","Reactive arthritis","All ages","Premature mortality",2617.05902614331,277.186530901891,15009.990120802
"749","Shigella","Reactive arthritis","All ages","HumanCapital",373580.540352903,122914.605122923,880302.624140403
"750","Shigella","Reactive arthritis","All ages","FrictionHigh",298864.432282322,98331.6840983386,704242.099312322
"751","Shigella","Reactive arthritis","All ages","FrictionLow",112074.162105871,36874.381536877,264090.787242121
"752","Shigella","Reactive arthritis","All ages","TotalHumanCapital",570602.694547825,186322.731048881,1359799.01832178
"753","Shigella","Reactive arthritis","All ages","TotalFrictionHigh",495440.043872082,161505.413336843,1185394.64825875
"754","Shigella","Reactive arthritis","All ages","TotalFrictionLow",306986.431445936,98577.6610153027,752208.038667784
"755","Shigella","Reactive arthritis","All ages","Direct",25764.0804049867,8411.00579187397,61624.0016970042
"756","Shigella","Reactive arthritis","All ages","Pain and suffering",162174.349901408,48141.8667885104,431680.484368661
"757","Shigella","Irritable bowel syndrome","<5","Premature mortality",166.677476749271,1.31289417820264,2260.09047356851
"758","Shigella","Irritable bowel syndrome","<5","HumanCapital",22860.1428066669,7746.23154960633,52642.770252619
"759","Shigella","Irritable bowel syndrome","<5","FrictionHigh",18288.1142453335,6196.98523968507,42114.2162020952
"760","Shigella","Irritable bowel syndrome","<5","FrictionLow",6858.04284200008,2323.8694648819,15792.8310757857
"761","Shigella","Irritable bowel syndrome","<5","TotalHumanCapital",81093.1080711751,26727.2782559842,196562.930229451
"762","Shigella","Irritable bowel syndrome","<5","TotalFrictionHigh",76457.4008967233,25098.7322111247,186413.030072585
"763","Shigella","Irritable bowel syndrome","<5","TotalFrictionLow",64784.9178075319,20993.4467562295,161221.493227228
"764","Shigella","Irritable bowel syndrome","<5","Direct",9894.75505217585,3352.03074124259,22799.2257913528
"765","Shigella","Irritable bowel syndrome","<5","Pain and suffering",47008.7070543825,14539.6012563321,123926.27085817
"766","Shigella","Irritable bowel syndrome","5-64","Premature mortality",957.301845690816,98.6367910525678,5979.53153168848
"767","Shigella","Irritable bowel syndrome","5-64","HumanCapital",171232.104164881,58022.5390018405,394316.535800269
"768","Shigella","Irritable bowel syndrome","5-64","FrictionHigh",136985.683331905,46418.0312014724,315453.228640215
"769","Shigella","Irritable bowel syndrome","5-64","FrictionLow",51369.6312494642,17406.7617005522,118294.960740081
"770","Shigella","Irritable bowel syndrome","5-64","TotalHumanCapital",564898.446796179,187023.225538923,1360411.54723184
"771","Shigella","Irritable bowel syndrome","5-64","TotalFrictionHigh",530020.746268012,174934.045411272,1283995.59777866
"772","Shigella","Irritable bowel syndrome","5-64","TotalFrictionLow",442750.394608558,144260.333606157,1093918.45758093
"773","Shigella","Irritable bowel syndrome","5-64","Direct",84856.9529060364,28392.3456965888,201295.792706621
"774","Shigella","Irritable bowel syndrome","5-64","Pain and suffering",300308.447143263,92858.1602843753,791288.930726474
"775","Shigella","Irritable bowel syndrome","65+","Premature mortality",2213.15519045558,475.474720729343,9393.03710467753
"776","Shigella","Irritable bowel syndrome","65+","HumanCapital",8272.45113818528,2803.14618071849,19049.9573155116
"777","Shigella","Irritable bowel syndrome","65+","FrictionHigh",6617.96091054822,2242.51694457479,15239.9658524093
"778","Shigella","Irritable bowel syndrome","65+","FrictionLow",2481.73534145558,840.943854215546,5714.98719465347
"779","Shigella","Irritable bowel syndrome","65+","TotalHumanCapital",57552.3619407059,18825.4933310949,140877.456997839
"780","Shigella","Irritable bowel syndrome","65+","TotalFrictionHigh",55864.682034074,18227.8558973241,137207.804872207
"781","Shigella","Irritable bowel syndrome","65+","TotalFrictionLow",51633.0007014372,16731.7634896083,128091.271598022
"782","Shigella","Irritable bowel syndrome","65+","Direct",10137.3440941128,3405.6712151736,23794.8327227645
"783","Shigella","Irritable bowel syndrome","65+","Pain and suffering",35656.8524051406,11010.7202084204,93981.4939962976
"784","Shigella","Irritable bowel syndrome","All ages","Premature mortality",4062.82840762894,967.062989079608,14931.6451015878
"785","Shigella","Irritable bowel syndrome","All ages","HumanCapital",202364.698109733,68571.9167321654,466009.263368399
"786","Shigella","Irritable bowel syndrome","All ages","FrictionHigh",161891.758487786,54857.5333857323,372807.41069472
"787","Shigella","Irritable bowel syndrome","All ages","FrictionLow",60709.4094329199,20571.5750196496,139802.77901052
"788","Shigella","Irritable bowel syndrome","All ages","TotalHumanCapital",705045.796703314,233823.426864504,1691186.50631878
"789","Shigella","Irritable bowel syndrome","All ages","TotalFrictionHigh",663959.295220595,219538.97643537,1600617.32251256
"790","Shigella","Irritable bowel syndrome","All ages","TotalFrictionLow",561104.403763031,183515.791792054,1375199.41475485
"791","Shigella","Irritable bowel syndrome","All ages","Direct",105082.290830455,35280.2601785859,247014.922886358
"792","Shigella","Irritable bowel syndrome","All ages","Pain and suffering",385332.002800365,120349.627019409,999885.170565863
"793","Shigella","Initial and sequel disease","<5","Premature mortality",22479.6281998825,1120.28354080424,209322.235843895
"794","Shigella","Initial and sequel disease","<5","HumanCapital",128761.30192958,47640.3456432098,294218.792189099
"795","Shigella","Initial and sequel disease","<5","FrictionHigh",103009.041543664,38112.2765145678,235375.033751279
"796","Shigella","Initial and sequel disease","<5","FrictionLow",38628.3905788741,14292.1036929629,88265.6376567296
"797","Shigella","Initial and sequel disease","<5","TotalHumanCapital",374268.871806993,166177.031819309,772759.698656391
"798","Shigella","Initial and sequel disease","<5","TotalFrictionHigh",347680.139279916,155524.381647296,717468.591868136
"799","Shigella","Initial and sequel disease","<5","TotalFrictionLow",280559.062874619,128268.510900929,582924.601778289
"800","Shigella","Initial and sequel disease","<5","Direct",70258.8576508311,45649.046145154,111757.901907255
"801","Shigella","Initial and sequel disease","<5","Pain and suffering",123149.362198316,42223.2081418425,287441.548601258
"802","Shigella","Initial and sequel disease","5-64","Premature mortality",119092.181041247,17668.2971005133,506803.005427294
"803","Shigella","Initial and sequel disease","5-64","HumanCapital",1055406.26714547,379461.313329214,2375100.31568
"804","Shigella","Initial and sequel disease","5-64","FrictionHigh",844325.013716372,303569.050663371,1900080.252544
"805","Shigella","Initial and sequel disease","5-64","FrictionLow",316621.88014364,113838.393998764,712530.094704
"806","Shigella","Initial and sequel disease","5-64","TotalHumanCapital",2450063.04209692,1073485.68879746,5079264.59474722
"807","Shigella","Initial and sequel disease","5-64","TotalFrictionHigh",2238732.52321387,994652.045847134,4609209.32821967
"808","Shigella","Initial and sequel disease","5-64","TotalFrictionLow",1709443.67617291,793954.040704721,3439894.91438196
"809","Shigella","Initial and sequel disease","5-64","Direct",429244.176945818,272674.222448315,723162.408553349
"810","Shigella","Initial and sequel disease","5-64","Pain and suffering",783023.998888453,266124.058993009,1832585.70624116
"811","Shigella","Initial and sequel disease","65+","Premature mortality",239383.135515445,51093.3220150048,814369.156734887
"812","Shigella","Initial and sequel disease","65+","HumanCapital",64587.4217030103,21781.6331442819,237004.962311161
"813","Shigella","Initial and sequel disease","65+","FrictionHigh",51669.9373624083,17425.3065154255,189603.969848929
"814","Shigella","Initial and sequel disease","65+","FrictionLow",19376.2265109031,6534.48994328457,71101.4886933484
"815","Shigella","Initial and sequel disease","65+","TotalHumanCapital",548917.049367466,262800.039542841,1183151.61232501
"816","Shigella","Initial and sequel disease","65+","TotalFrictionHigh",531954.147097849,255014.943044998,1151460.88398008
"817","Shigella","Initial and sequel disease","65+","TotalFrictionLow",487921.078742349,233839.396538125,1079190.68848956
"818","Shigella","Initial and sequel disease","65+","Direct",103591.103090621,59502.7087570048,166674.126693451
"819","Shigella","Initial and sequel disease","65+","Pain and suffering",93654.3646117595,32244.8002886981,218276.952193464
"820","Shigella","Initial and sequel disease","All ages","Premature mortality",465914.409576612,160239.165280621,1152162.60385333
"821","Shigella","Initial and sequel disease","All ages","HumanCapital",1264734.98168153,457891.258772934,2849115.38317125
"822","Shigella","Initial and sequel disease","All ages","FrictionHigh",1011787.98534523,366313.007018347,2279292.306537
"823","Shigella","Initial and sequel disease","All ages","FrictionLow",379420.49450446,137367.37763188,854734.614951374
"824","Shigella","Initial and sequel disease","All ages","TotalHumanCapital",3423725.63018236,1671680.19028928,6696775.50882615
"825","Shigella","Initial and sequel disease","All ages","TotalFrictionHigh",3170811.58381199,1572922.41972239,6137392.49043124
"826","Shigella","Initial and sequel disease","All ages","TotalFrictionLow",2535305.09697359,1317614.33942048,4743934.61312652
"827","Shigella","Initial and sequel disease","All ages","Direct",604022.717650783,404007.537531678,971819.895825438
"828","Shigella","Initial and sequel disease","All ages","Pain and suffering",1001136.16834751,341432.230817092,2333360.82992797
"829","Toxoplasma gondii","Toxoplasmosis","<5","Premature mortality",62847.6014095993,523.382255223354,636069.774066757
"830","Toxoplasma gondii","Toxoplasmosis","<5","HumanCapital",364465.018343886,126906.497109939,849767.48343187
"831","Toxoplasma gondii","Toxoplasmosis","<5","FrictionHigh",291572.014675108,101525.197687951,679813.986745496
"832","Toxoplasma gondii","Toxoplasmosis","<5","FrictionLow",109339.505503166,38071.9491329817,254930.245029561
"833","Toxoplasma gondii","Toxoplasmosis","<5","TotalHumanCapital",677053.402655932,272775.131806788,1474505.35614367
"834","Toxoplasma gondii","Toxoplasmosis","<5","TotalFrictionHigh",598835.179199651,242098.379094703,1325641.56293843
"835","Toxoplasma gondii","Toxoplasmosis","<5","TotalFrictionLow",396299.342257993,161215.5115869,990112.09950985
"836","Toxoplasma gondii","Toxoplasmosis","<5","Direct",69910.6774224438,35703.3548017702,123054.886916755
"837","Toxoplasma gondii","Toxoplasmosis","<5","Pain and suffering",96332.6764491418,29904.0127229455,231717.354779298
"838","Toxoplasma gondii","Toxoplasmosis","5-64","Premature mortality",991143.319397847,250030.36814552,2948770.89713953
"839","Toxoplasma gondii","Toxoplasmosis","5-64","HumanCapital",4253239.44222202,1699746.68807179,7924938.49030759
"840","Toxoplasma gondii","Toxoplasmosis","5-64","FrictionHigh",3402591.55377762,1359797.35045743,6339950.79224607
"841","Toxoplasma gondii","Toxoplasmosis","5-64","FrictionLow",1275971.83266661,509924.006421538,2377481.54709228
"842","Toxoplasma gondii","Toxoplasmosis","5-64","TotalHumanCapital",8885873.20439384,4973800.31356167,14014295.3334747
"843","Toxoplasma gondii","Toxoplasmosis","5-64","TotalFrictionHigh",8028422.14243994,4553663.5559018,12531782.7098669
"844","Toxoplasma gondii","Toxoplasmosis","5-64","TotalFrictionLow",5850001.64838794,3396041.82347295,9052690.60775354
"845","Toxoplasma gondii","Toxoplasmosis","5-64","Direct",2487158.84321347,1149645.36505235,4421759.24385795
"846","Toxoplasma gondii","Toxoplasmosis","5-64","Pain and suffering",761007.81762988,265634.635164491,1689500.97325284
"847","Toxoplasma gondii","Toxoplasmosis","65+","Premature mortality",397503.171398235,50524.1571412347,1679918.98103029
"848","Toxoplasma gondii","Toxoplasmosis","65+","HumanCapital",195453.952420711,46055.89151407,1048802.38554688
"849","Toxoplasma gondii","Toxoplasmosis","65+","FrictionHigh",156363.161936569,36844.713211256,839041.908437506
"850","Toxoplasma gondii","Toxoplasmosis","65+","FrictionLow",58636.1857262133,13816.767454221,314640.715664065
"851","Toxoplasma gondii","Toxoplasmosis","65+","TotalHumanCapital",1092215.10680634,499473.99465337,2672822.95228692
"852","Toxoplasma gondii","Toxoplasmosis","65+","TotalFrictionHigh",1038836.91733198,477454.206756754,2528493.93456496
"853","Toxoplasma gondii","Toxoplasmosis","65+","TotalFrictionLow",891860.250793752,412046.85568166,2206283.58766976
"854","Toxoplasma gondii","Toxoplasmosis","65+","Direct",286430.169118561,128080.219292044,515875.952271963
"855","Toxoplasma gondii","Toxoplasmosis","65+","Pain and suffering",69304.3282897452,24721.2534445731,154247.731653477
"856","Toxoplasma gondii","Toxoplasmosis","All ages","Premature mortality",1724278.5472213,627418.696067302,4021243.61129287
"857","Toxoplasma gondii","Toxoplasmosis","All ages","HumanCapital",4953875.25113188,1973211.8197349,9274185.18538968
"858","Toxoplasma gondii","Toxoplasmosis","All ages","FrictionHigh",3963100.20090551,1578569.45578792,7419348.14831174
"859","Toxoplasma gondii","Toxoplasmosis","All ages","FrictionLow",1486162.57533956,591963.54592047,2782255.5556169
"860","Toxoplasma gondii","Toxoplasmosis","All ages","TotalHumanCapital",10870541.9417188,6337456.70061067,16869340.9740734
"861","Toxoplasma gondii","Toxoplasmosis","All ages","TotalFrictionHigh",9875261.02873205,5854063.99313449,15123646.860743
"862","Toxoplasma gondii","Toxoplasmosis","All ages","TotalFrictionLow",7347925.76458083,4522544.00077297,11000340.4651259
"863","Toxoplasma gondii","Toxoplasmosis","All ages","Direct",2862258.35287455,1496347.46731296,4811021.27709841
"864","Toxoplasma gondii","Toxoplasmosis","All ages","Pain and suffering",928992.720126792,322441.103129875,2065419.94498662
"865","Toxoplasma gondii","Initial and sequel disease","<5","Premature mortality",62847.6014095993,523.382255223354,636069.774066757
"866","Toxoplasma gondii","Initial and sequel disease","<5","HumanCapital",364465.018343886,126906.497109939,849767.48343187
"867","Toxoplasma gondii","Initial and sequel disease","<5","FrictionHigh",291572.014675108,101525.197687951,679813.986745496
"868","Toxoplasma gondii","Initial and sequel disease","<5","FrictionLow",109339.505503166,38071.9491329817,254930.245029561
"869","Toxoplasma gondii","Initial and sequel disease","<5","TotalHumanCapital",677053.402655932,272775.131806788,1474505.35614367
"870","Toxoplasma gondii","Initial and sequel disease","<5","TotalFrictionHigh",598835.179199651,242098.379094703,1325641.56293843
"871","Toxoplasma gondii","Initial and sequel disease","<5","TotalFrictionLow",396299.342257993,161215.5115869,990112.09950985
"872","Toxoplasma gondii","Initial and sequel disease","<5","Direct",69910.6774224438,35703.3548017702,123054.886916755
"873","Toxoplasma gondii","Initial and sequel disease","<5","Pain and suffering",96332.6764491418,29904.0127229455,231717.354779298
"874","Toxoplasma gondii","Initial and sequel disease","5-64","Premature mortality",991143.319397847,250030.36814552,2948770.89713953
"875","Toxoplasma gondii","Initial and sequel disease","5-64","HumanCapital",4253239.44222202,1699746.68807179,7924938.49030759
"876","Toxoplasma gondii","Initial and sequel disease","5-64","FrictionHigh",3402591.55377762,1359797.35045743,6339950.79224607
"877","Toxoplasma gondii","Initial and sequel disease","5-64","FrictionLow",1275971.83266661,509924.006421538,2377481.54709228
"878","Toxoplasma gondii","Initial and sequel disease","5-64","TotalHumanCapital",8885873.20439384,4973800.31356167,14014295.3334747
"879","Toxoplasma gondii","Initial and sequel disease","5-64","TotalFrictionHigh",8028422.14243994,4553663.5559018,12531782.7098669
"880","Toxoplasma gondii","Initial and sequel disease","5-64","TotalFrictionLow",5850001.64838794,3396041.82347295,9052690.60775354
"881","Toxoplasma gondii","Initial and sequel disease","5-64","Direct",2487158.84321347,1149645.36505235,4421759.24385795
"882","Toxoplasma gondii","Initial and sequel disease","5-64","Pain and suffering",761007.81762988,265634.635164491,1689500.97325284
"883","Toxoplasma gondii","Initial and sequel disease","65+","Premature mortality",397503.171398235,50524.1571412347,1679918.98103029
"884","Toxoplasma gondii","Initial and sequel disease","65+","HumanCapital",195453.952420711,46055.89151407,1048802.38554688
"885","Toxoplasma gondii","Initial and sequel disease","65+","FrictionHigh",156363.161936569,36844.713211256,839041.908437506
"886","Toxoplasma gondii","Initial and sequel disease","65+","FrictionLow",58636.1857262133,13816.767454221,314640.715664065
"887","Toxoplasma gondii","Initial and sequel disease","65+","TotalHumanCapital",1092215.10680634,499473.99465337,2672822.95228692
"888","Toxoplasma gondii","Initial and sequel disease","65+","TotalFrictionHigh",1038836.91733198,477454.206756754,2528493.93456496
"889","Toxoplasma gondii","Initial and sequel disease","65+","TotalFrictionLow",891860.250793752,412046.85568166,2206283.58766976
"890","Toxoplasma gondii","Initial and sequel disease","65+","Direct",286430.169118561,128080.219292044,515875.952271963
"891","Toxoplasma gondii","Initial and sequel disease","65+","Pain and suffering",69304.3282897452,24721.2534445731,154247.731653477
"892","Toxoplasma gondii","Initial and sequel disease","All ages","Premature mortality",1724278.5472213,627418.696067302,4021243.61129287
"893","Toxoplasma gondii","Initial and sequel disease","All ages","HumanCapital",4953875.25113188,1973211.8197349,9274185.18538968
"894","Toxoplasma gondii","Initial and sequel disease","All ages","FrictionHigh",3963100.20090551,1578569.45578792,7419348.14831174
"895","Toxoplasma gondii","Initial and sequel disease","All ages","FrictionLow",1486162.57533956,591963.54592047,2782255.5556169
"896","Toxoplasma gondii","Initial and sequel disease","All ages","TotalHumanCapital",10870541.9417188,6337456.70061067,16869340.9740734
"897","Toxoplasma gondii","Initial and sequel disease","All ages","TotalFrictionHigh",9875261.02873205,5854063.99313449,15123646.860743
"898","Toxoplasma gondii","Initial and sequel disease","All ages","TotalFrictionLow",7347925.76458083,4522544.00077297,11000340.4651259
"899","Toxoplasma gondii","Initial and sequel disease","All ages","Direct",2862258.35287455,1496347.46731296,4811021.27709841
"900","Toxoplasma gondii","Initial and sequel disease","All ages","Pain and suffering",928992.720126792,322441.103129875,2065419.94498662
"901","Listeria monocytogenes","Listeriosis","<5","Premature mortality",13841953.1412246,7629118.90471559,23370582.8037905
"902","Listeria monocytogenes","Listeriosis","<5","HumanCapital",16471.6052385541,8227.09821870158,24802.4296343129
"903","Listeria monocytogenes","Listeriosis","<5","FrictionHigh",13177.2841908433,6581.67857496127,19841.9437074503
"904","Listeria monocytogenes","Listeriosis","<5","FrictionLow",4941.48157156624,2468.12946561048,7440.72889029387
"905","Listeria monocytogenes","Listeriosis","<5","TotalHumanCapital",14191155.6479471,7976458.60511106,23722865.0723083
"906","Listeria monocytogenes","Listeriosis","<5","TotalFrictionHigh",14188092.534992,7973243.33466925,23719399.7951798
"907","Listeria monocytogenes","Listeriosis","<5","TotalFrictionLow",14179995.9745634,7964929.09360646,23710640.719233
"908","Listeria monocytogenes","Listeriosis","<5","Direct",326545.40268166,163249.765562547,490124.390105249
"909","Listeria monocytogenes","Listeriosis","<5","Pain and suffering",5728.62828390953,2775.12461318805,9356.18813767079
"910","Listeria monocytogenes","Listeriosis","5-64","Premature mortality",3687565.70484466,1207467.44984273,8746550.95236858
"911","Listeria monocytogenes","Listeriosis","5-64","HumanCapital",153226.876844199,76599.8133106499,230093.481354128
"912","Listeria monocytogenes","Listeriosis","5-64","FrictionHigh",122581.501475359,61279.8506485199,184074.785083303
"913","Listeria monocytogenes","Listeriosis","5-64","FrictionLow",45968.0630532598,22979.943993195,69028.0444062385
"914","Listeria monocytogenes","Listeriosis","5-64","TotalHumanCapital",6222534.5289698,3358104.3583977,11373283.2800089
"915","Listeria monocytogenes","Listeriosis","5-64","TotalFrictionHigh",6190308.1126726,3335349.09469944,11338560.9581447
"916","Listeria monocytogenes","Listeriosis","5-64","TotalFrictionLow",6110440.39220978,3277747.41347405,11252048.385077
"917","Listeria monocytogenes","Listeriosis","5-64","Direct",2285886.13169391,1142852.65748142,3430876.94517058
"918","Listeria monocytogenes","Listeriosis","5-64","Pain and suffering",40100.3979873667,19425.8722923163,65493.3169636955
"919","Listeria monocytogenes","Listeriosis","65+","Premature mortality",28449570.9803019,17125354.5009522,44470757.3987731
"920","Listeria monocytogenes","Listeriosis","65+","HumanCapital",147773.883690382,72760.3642432931,238236.550746588
"921","Listeria monocytogenes","Listeriosis","65+","FrictionHigh",118219.106952306,58208.2913946345,190589.240597271
"922","Listeria monocytogenes","Listeriosis","65+","FrictionLow",44332.1651071146,21828.1092729879,71470.9652239765
"923","Listeria monocytogenes","Listeriosis","65+","TotalHumanCapital",32839283.1299547,21261452.2065288,48972005.7440065
"924","Listeria monocytogenes","Listeriosis","65+","TotalFrictionHigh",32808432.091311,21233204.5897793,48941662.0402499
"925","Listeria monocytogenes","Listeriosis","65+","TotalFrictionLow",32732525.0621195,21163087.0396734,48862301.8285122
"926","Listeria monocytogenes","Listeriosis","65+","Direct",4136289.3083476,2068017.80540167,6208115.66742433
"927","Listeria monocytogenes","Listeriosis","65+","Pain and suffering",72562.6249295207,35151.5784337153,118511.716410497
"928","Listeria monocytogenes","Listeriosis","All ages","Premature mortality",47146482.9070746,32902828.5079692,65620500.6192612
"929","Listeria monocytogenes","Listeriosis","All ages","HumanCapital",319131.472388007,158711.032975116,488009.160936966
"930","Listeria monocytogenes","Listeriosis","All ages","FrictionHigh",255305.177910406,126968.826380093,390407.328749573
"931","Listeria monocytogenes","Listeriosis","All ages","FrictionLow",95739.4417164021,47613.3098925348,146402.74828109
"932","Listeria monocytogenes","Listeriosis","All ages","TotalHumanCapital",54374786.2605899,39621877.2357898,73142831.7703326
"933","Listeria monocytogenes","Listeriosis","All ages","TotalFrictionHigh",54308455.8421083,39565155.8024271,73068833.9900196
"934","Listeria monocytogenes","Listeriosis","All ages","TotalFrictionLow",54147184.9989067,39425763.9181058,72893234.3947439
"935","Listeria monocytogenes","Listeriosis","All ages","Direct",6748738.63779534,3374084.33776435,10129011.4834333
"936","Listeria monocytogenes","Listeriosis","All ages","Pain and suffering",118391.651200797,57352.5753392196,193361.221511863
"937","Listeria monocytogenes","Initial and sequel disease","<5","Premature mortality",13841953.1412246,7629118.90471559,23370582.8037905
"938","Listeria monocytogenes","Initial and sequel disease","<5","HumanCapital",16471.6052385541,8227.09821870158,24802.4296343129
"939","Listeria monocytogenes","Initial and sequel disease","<5","FrictionHigh",13177.2841908433,6581.67857496127,19841.9437074503
"940","Listeria monocytogenes","Initial and sequel disease","<5","FrictionLow",4941.48157156624,2468.12946561048,7440.72889029387
"941","Listeria monocytogenes","Initial and sequel disease","<5","TotalHumanCapital",14191155.6479471,7976458.60511106,23722865.0723083
"942","Listeria monocytogenes","Initial and sequel disease","<5","TotalFrictionHigh",14188092.534992,7973243.33466925,23719399.7951798
"943","Listeria monocytogenes","Initial and sequel disease","<5","TotalFrictionLow",14179995.9745634,7964929.09360646,23710640.719233
"944","Listeria monocytogenes","Initial and sequel disease","<5","Direct",326545.40268166,163249.765562547,490124.390105249
"945","Listeria monocytogenes","Initial and sequel disease","<5","Pain and suffering",5728.62828390953,2775.12461318805,9356.18813767079
"946","Listeria monocytogenes","Initial and sequel disease","5-64","Premature mortality",3687565.70484466,1207467.44984273,8746550.95236858
"947","Listeria monocytogenes","Initial and sequel disease","5-64","HumanCapital",153226.876844199,76599.8133106499,230093.481354128
"948","Listeria monocytogenes","Initial and sequel disease","5-64","FrictionHigh",122581.501475359,61279.8506485199,184074.785083303
"949","Listeria monocytogenes","Initial and sequel disease","5-64","FrictionLow",45968.0630532598,22979.943993195,69028.0444062385
"950","Listeria monocytogenes","Initial and sequel disease","5-64","TotalHumanCapital",6222534.5289698,3358104.3583977,11373283.2800089
"951","Listeria monocytogenes","Initial and sequel disease","5-64","TotalFrictionHigh",6190308.1126726,3335349.09469944,11338560.9581447
"952","Listeria monocytogenes","Initial and sequel disease","5-64","TotalFrictionLow",6110440.39220978,3277747.41347405,11252048.385077
"953","Listeria monocytogenes","Initial and sequel disease","5-64","Direct",2285886.13169391,1142852.65748142,3430876.94517058
"954","Listeria monocytogenes","Initial and sequel disease","5-64","Pain and suffering",40100.3979873667,19425.8722923163,65493.3169636955
"955","Listeria monocytogenes","Initial and sequel disease","65+","Premature mortality",28449570.9803019,17125354.5009522,44470757.3987731
"956","Listeria monocytogenes","Initial and sequel disease","65+","HumanCapital",147773.883690382,72760.3642432931,238236.550746588
"957","Listeria monocytogenes","Initial and sequel disease","65+","FrictionHigh",118219.106952306,58208.2913946345,190589.240597271
"958","Listeria monocytogenes","Initial and sequel disease","65+","FrictionLow",44332.1651071146,21828.1092729879,71470.9652239765
"959","Listeria monocytogenes","Initial and sequel disease","65+","TotalHumanCapital",32839283.1299547,21261452.2065288,48972005.7440065
"960","Listeria monocytogenes","Initial and sequel disease","65+","TotalFrictionHigh",32808432.091311,21233204.5897793,48941662.0402499
"961","Listeria monocytogenes","Initial and sequel disease","65+","TotalFrictionLow",32732525.0621195,21163087.0396734,48862301.8285122
"962","Listeria monocytogenes","Initial and sequel disease","65+","Direct",4136289.3083476,2068017.80540167,6208115.66742433
"963","Listeria monocytogenes","Initial and sequel disease","65+","Pain and suffering",72562.6249295207,35151.5784337153,118511.716410497
"964","Listeria monocytogenes","Initial and sequel disease","All ages","Premature mortality",47146482.9070746,32902828.5079692,65620500.6192612
"965","Listeria monocytogenes","Initial and sequel disease","All ages","HumanCapital",319131.472388007,158711.032975116,488009.160936966
"966","Listeria monocytogenes","Initial and sequel disease","All ages","FrictionHigh",255305.177910406,126968.826380093,390407.328749573
"967","Listeria monocytogenes","Initial and sequel disease","All ages","FrictionLow",95739.4417164021,47613.3098925348,146402.74828109
"968","Listeria monocytogenes","Initial and sequel disease","All ages","TotalHumanCapital",54374786.2605899,39621877.2357898,73142831.7703326
"969","Listeria monocytogenes","Initial and sequel disease","All ages","TotalFrictionHigh",54308455.8421083,39565155.8024271,73068833.9900196
"970","Listeria monocytogenes","Initial and sequel disease","All ages","TotalFrictionLow",54147184.9989067,39425763.9181058,72893234.3947439
"971","Listeria monocytogenes","Initial and sequel disease","All ages","Direct",6748738.63779534,3374084.33776435,10129011.4834333
"972","Listeria monocytogenes","Initial and sequel disease","All ages","Pain and suffering",118391.651200797,57352.5753392196,193361.221511863
"973","Salmonella Typhi","Typhoid Fever","<5","Premature mortality",16975.0776048444,140.130913971147,178711.71331285
"974","Salmonella Typhi","Typhoid Fever","<5","HumanCapital",4630.86923899576,1560.39955346024,10459.6901915968
"975","Salmonella Typhi","Typhoid Fever","<5","FrictionHigh",3704.69539119661,1248.31964276819,8367.75215327746
"976","Salmonella Typhi","Typhoid Fever","<5","FrictionLow",1389.26077169873,468.119866038071,3137.90705747904
"977","Salmonella Typhi","Typhoid Fever","<5","TotalHumanCapital",73081.8893836034,24035.6773425593,233597.150403935
"978","Salmonella Typhi","Typhoid Fever","<5","TotalFrictionHigh",71977.9912972954,23610.236260491,232294.975416838
"979","Salmonella Typhi","Typhoid Fever","<5","TotalFrictionLow",69207.8200199035,22546.6430486443,229130.27504706
"980","Salmonella Typhi","Typhoid Fever","<5","Direct",36814.8362683301,12452.0787910002,82778.822036737
"981","Salmonella Typhi","Typhoid Fever","<5","Pain and suffering",3251.69992846108,1083.12795182371,7507.15538603205
"982","Salmonella Typhi","Typhoid Fever","5-64","Premature mortality",18592.5377450351,153.067805024978,197373.802070173
"983","Salmonella Typhi","Typhoid Fever","5-64","HumanCapital",52705.1656918405,17818.3559800283,118619.360128665
"984","Salmonella Typhi","Typhoid Fever","5-64","FrictionHigh",42164.1325534724,14254.6847840227,94895.4881029324
"985","Salmonella Typhi","Typhoid Fever","5-64","FrictionLow",15811.5497075522,5345.5067940085,35585.8080385996
"986","Salmonella Typhi","Typhoid Fever","5-64","TotalHumanCapital",474598.283578729,172117.152945179,1027197.54736911
"987","Salmonella Typhi","Typhoid Fever","5-64","TotalFrictionHigh",464032.850847408,168308.29854994,1003960.07175852
"988","Salmonella Typhi","Typhoid Fever","5-64","TotalFrictionLow",437409.325153587,158700.989585015,945983.094530656
"989","Salmonella Typhi","Typhoid Fever","5-64","Direct",343050.671165612,116037.701363711,771315.915018864
"990","Salmonella Typhi","Typhoid Fever","5-64","Pain and suffering",30299.9311515692,10092.7831874482,69953.0388243895
"991","Salmonella Typhi","Typhoid Fever","65+","Premature mortality",107253.852515513,13180.1971295593,477576.837652731
"992","Salmonella Typhi","Typhoid Fever","65+","HumanCapital",1226.73165668813,402.876755879802,3020.69789384409
"993","Salmonella Typhi","Typhoid Fever","65+","FrictionHigh",981.385325350505,322.301404703842,2416.55831507527
"994","Salmonella Typhi","Typhoid Fever","65+","FrictionLow",368.01949700644,120.863026763941,906.209368153226
"995","Salmonella Typhi","Typhoid Fever","65+","TotalHumanCapital",123117.083777511,27492.7181897746,493274.776457676
"996","Salmonella Typhi","Typhoid Fever","65+","TotalFrictionHigh",122827.799466029,27263.5907905253,492998.836070213
"997","Salmonella Typhi","Typhoid Fever","65+","TotalFrictionLow",122108.681583335,26679.1775015288,492263.869327504
"998","Salmonella Typhi","Typhoid Fever","65+","Direct",11714.3886803245,3961.68740692085,26340.6955248359
"999","Salmonella Typhi","Typhoid Fever","65+","Pain and suffering",1034.63179541943,344.631621034817,2388.64035010111
"1000","Salmonella Typhi","Typhoid Fever","All ages","Premature mortality",199457.746063917,45212.0825153867,630878.73592146
"1001","Salmonella Typhi","Typhoid Fever","All ages","HumanCapital",58615.7021342982,19822.4005063002,131931.658040965
"1002","Salmonella Typhi","Typhoid Fever","All ages","FrictionHigh",46892.5617074385,15857.9204050402,105545.326432772
"1003","Salmonella Typhi","Typhoid Fever","All ages","FrictionLow",17584.7106402894,5946.72015189006,39579.4974122895
"1004","Salmonella Typhi","Typhoid Fever","All ages","TotalHumanCapital",734556.200929396,317243.693637834,1441105.68607119
"1005","Salmonella Typhi","Typhoid Fever","All ages","TotalFrictionHigh",722448.309602769,312194.498425598,1416756.77045983
"1006","Salmonella Typhi","Typhoid Fever","All ages","TotalFrictionLow",692036.288295821,299464.683865427,1356939.52388119
"1007","Salmonella Typhi","Typhoid Fever","All ages","Direct",391580.761137402,132445.333570417,880444.019294561
"1008","Salmonella Typhi","Typhoid Fever","All ages","Pain and suffering",34586.2628754497,11520.5427603067,79848.8345605227
"1009","Salmonella Typhi","Initial and sequel disease","<5","Premature mortality",16975.0776048444,140.130913971147,178711.71331285
"1010","Salmonella Typhi","Initial and sequel disease","<5","HumanCapital",4630.86923899576,1560.39955346024,10459.6901915968
"1011","Salmonella Typhi","Initial and sequel disease","<5","FrictionHigh",3704.69539119661,1248.31964276819,8367.75215327746
"1012","Salmonella Typhi","Initial and sequel disease","<5","FrictionLow",1389.26077169873,468.119866038071,3137.90705747904
"1013","Salmonella Typhi","Initial and sequel disease","<5","TotalHumanCapital",73081.8893836034,24035.6773425593,233597.150403935
"1014","Salmonella Typhi","Initial and sequel disease","<5","TotalFrictionHigh",71977.9912972954,23610.236260491,232294.975416838
"1015","Salmonella Typhi","Initial and sequel disease","<5","TotalFrictionLow",69207.8200199035,22546.6430486443,229130.27504706
"1016","Salmonella Typhi","Initial and sequel disease","<5","Direct",36814.8362683301,12452.0787910002,82778.822036737
"1017","Salmonella Typhi","Initial and sequel disease","<5","Pain and suffering",3251.69992846108,1083.12795182371,7507.15538603205
"1018","Salmonella Typhi","Initial and sequel disease","5-64","Premature mortality",18592.5377450351,153.067805024978,197373.802070173
"1019","Salmonella Typhi","Initial and sequel disease","5-64","HumanCapital",52705.1656918405,17818.3559800283,118619.360128665
"1020","Salmonella Typhi","Initial and sequel disease","5-64","FrictionHigh",42164.1325534724,14254.6847840227,94895.4881029324
"1021","Salmonella Typhi","Initial and sequel disease","5-64","FrictionLow",15811.5497075522,5345.5067940085,35585.8080385996
"1022","Salmonella Typhi","Initial and sequel disease","5-64","TotalHumanCapital",474598.283578729,172117.152945179,1027197.54736911
"1023","Salmonella Typhi","Initial and sequel disease","5-64","TotalFrictionHigh",464032.850847408,168308.29854994,1003960.07175852
"1024","Salmonella Typhi","Initial and sequel disease","5-64","TotalFrictionLow",437409.325153587,158700.989585015,945983.094530656
"1025","Salmonella Typhi","Initial and sequel disease","5-64","Direct",343050.671165612,116037.701363711,771315.915018864
"1026","Salmonella Typhi","Initial and sequel disease","5-64","Pain and suffering",30299.9311515692,10092.7831874482,69953.0388243895
"1027","Salmonella Typhi","Initial and sequel disease","65+","Premature mortality",107253.852515513,13180.1971295593,477576.837652731
"1028","Salmonella Typhi","Initial and sequel disease","65+","HumanCapital",1226.73165668813,402.876755879802,3020.69789384409
"1029","Salmonella Typhi","Initial and sequel disease","65+","FrictionHigh",981.385325350505,322.301404703842,2416.55831507527
"1030","Salmonella Typhi","Initial and sequel disease","65+","FrictionLow",368.01949700644,120.863026763941,906.209368153226
"1031","Salmonella Typhi","Initial and sequel disease","65+","TotalHumanCapital",123117.083777511,27492.7181897746,493274.776457676
"1032","Salmonella Typhi","Initial and sequel disease","65+","TotalFrictionHigh",122827.799466029,27263.5907905253,492998.836070213
"1033","Salmonella Typhi","Initial and sequel disease","65+","TotalFrictionLow",122108.681583335,26679.1775015288,492263.869327504
"1034","Salmonella Typhi","Initial and sequel disease","65+","Direct",11714.3886803245,3961.68740692085,26340.6955248359
"1035","Salmonella Typhi","Initial and sequel disease","65+","Pain and suffering",1034.63179541943,344.631621034817,2388.64035010111
"1036","Salmonella Typhi","Initial and sequel disease","All ages","Premature mortality",199457.746063917,45212.0825153867,630878.73592146
"1037","Salmonella Typhi","Initial and sequel disease","All ages","HumanCapital",58615.7021342982,19822.4005063002,131931.658040965
"1038","Salmonella Typhi","Initial and sequel disease","All ages","FrictionHigh",46892.5617074385,15857.9204050402,105545.326432772
"1039","Salmonella Typhi","Initial and sequel disease","All ages","FrictionLow",17584.7106402894,5946.72015189006,39579.4974122895
"1040","Salmonella Typhi","Initial and sequel disease","All ages","TotalHumanCapital",734556.200929396,317243.693637834,1441105.68607119
"1041","Salmonella Typhi","Initial and sequel disease","All ages","TotalFrictionHigh",722448.309602769,312194.498425598,1416756.77045983
"1042","Salmonella Typhi","Initial and sequel disease","All ages","TotalFrictionLow",692036.288295821,299464.683865427,1356939.52388119
"1043","Salmonella Typhi","Initial and sequel disease","All ages","Direct",391580.761137402,132445.333570417,880444.019294561
"1044","Salmonella Typhi","Initial and sequel disease","All ages","Pain and suffering",34586.2628754497,11520.5427603067,79848.8345605227
"1045","STEC","STEC","<5","Premature mortality",130868.076090343,1117.63767305949,1217948.5310813
"1046","STEC","STEC","<5","HumanCapital",105693.525686256,45169.9316245177,255033.373701329
"1047","STEC","STEC","<5","FrictionHigh",84554.8205490051,36135.9452996142,204026.698961063
"1048","STEC","STEC","<5","FrictionLow",31708.0577058769,13550.9794873553,76510.0121103986
"1049","STEC","STEC","<5","TotalHumanCapital",444353.131840636,177598.872575812,1524471.71576216
"1050","STEC","STEC","<5","TotalFrictionHigh",417929.784133244,165183.80544847,1495127.9390552
"1051","STEC","STEC","<5","TotalFrictionLow",350116.533490481,133096.255520515,1425716.19688143
"1052","STEC","STEC","<5","Direct",53998.310566348,33377.819955637,93119.6225922487
"1053","STEC","STEC","<5","Pain and suffering",93815.3785109193,40631.4428632051,209625.915790533
"1054","STEC","STEC","5-64","Premature mortality",1377882.69497535,327020.664824848,4152346.68212366
"1055","STEC","STEC","5-64","HumanCapital",742799.953223603,336036.06551708,1626836.66970509
"1056","STEC","STEC","5-64","FrictionHigh",594239.962578882,268828.852413664,1301469.33576407
"1057","STEC","STEC","5-64","FrictionLow",222839.985967081,100810.819655124,488051.000911526
"1058","STEC","STEC","5-64","TotalHumanCapital",2977212.72621349,1439444.52676098,6027001.17923766
"1059","STEC","STEC","5-64","TotalFrictionHigh",2811573.22433086,1343236.08104969,5791539.48873528
"1060","STEC","STEC","5-64","TotalFrictionLow",2390560.95342947,1090535.51065449,5240098.4592338
"1061","STEC","STEC","5-64","Direct",209427.472856395,126384.399990351,386530.441873848
"1062","STEC","STEC","5-64","Pain and suffering",448168.37180057,192370.781533124,1005667.41596372
"1063","STEC","STEC","65+","Premature mortality",157183.999662576,1354.91926503362,1463358.12385234
"1064","STEC","STEC","65+","HumanCapital",146995.860722968,58717.7344451067,648325.571419401
"1065","STEC","STEC","65+","FrictionHigh",117596.688578374,46974.1875560854,518660.457135521
"1066","STEC","STEC","65+","FrictionLow",44098.7582168903,17615.320333532,194497.67142582
"1067","STEC","STEC","65+","TotalHumanCapital",792861.440558839,386965.518064918,2235210.21402997
"1068","STEC","STEC","65+","TotalFrictionHigh",752479.188156539,369728.472167905,2145837.46151873
"1069","STEC","STEC","65+","TotalFrictionLow",645066.360124404,323181.858375321,1948065.54620273
"1070","STEC","STEC","65+","Direct",231846.435435351,138600.549857576,357938.128045421
"1071","STEC","STEC","65+","Pain and suffering",131960.979354368,58277.4536574046,292328.414267033
"1072","STEC","STEC","All ages","Premature mortality",2061025.16653353,646136.50965984,5182757.1642962
"1073","STEC","STEC","All ages","HumanCapital",1041324.53859615,481828.210729692,2345907.52447484
"1074","STEC","STEC","All ages","FrictionHigh",833059.63087692,385462.568583754,1876726.01957987
"1075","STEC","STEC","All ages","FrictionLow",312397.361578845,144548.463218908,703772.257342451
"1076","STEC","STEC","All ages","TotalHumanCapital",4537952.17101222,2448310.59545109,8253248.90999682
"1077","STEC","STEC","All ages","TotalFrictionHigh",4309705.85093497,2312660.68692341,7888373.35654304
"1078","STEC","STEC","All ages","TotalFrictionLow",3726690.4806941,1953911.5543873,7036161.34493904
"1079","STEC","STEC","All ages","Direct",502730.442332493,341572.895459757,769655.017326088
"1080","STEC","STEC","All ages","Pain and suffering",673932.133406024,291339.910307887,1507604.8720872
"1081","STEC","Haemolytic uremic syndrome","<5","Premature mortality",77116.0857291383,661.182919084083,722309.606301668
"1082","STEC","Haemolytic uremic syndrome","<5","HumanCapital",61935.5804022846,23508.1383562839,156784.371993732
"1083","STEC","Haemolytic uremic syndrome","<5","FrictionHigh",49548.4643218277,18806.5106850271,125427.497594986
"1084","STEC","Haemolytic uremic syndrome","<5","FrictionLow",18580.6741206854,7052.44150688518,47035.3115981197
"1085","STEC","Haemolytic uremic syndrome","<5","TotalHumanCapital",325832.7344256,112215.440138432,1002013.44174895
"1086","STEC","Haemolytic uremic syndrome","<5","TotalFrictionHigh",311164.137883562,106087.682918537,980479.501008669
"1087","STEC","Haemolytic uremic syndrome","<5","TotalFrictionLow",274051.398764356,90493.1820789136,929071.76221632
"1088","STEC","Haemolytic uremic syndrome","<5","Direct",89592.9927140732,34005.5647423503,226819.365150609
"1089","STEC","Haemolytic uremic syndrome","<5","Pain and suffering",43660.3856465828,16049.99210466,114143.321618031
"1090","STEC","Haemolytic uremic syndrome","5-64","Premature mortality",4634713.11936451,2075147.61987824,9449247.11508566
"1091","STEC","Haemolytic uremic syndrome","5-64","HumanCapital",350585.452695728,133067.475498584,887475.658967273
"1092","STEC","Haemolytic uremic syndrome","5-64","FrictionHigh",280468.362156582,106453.980398867,709980.527173819
"1093","STEC","Haemolytic uremic syndrome","5-64","FrictionLow",105175.635808718,39920.2426495752,266242.697690182
"1094","STEC","Haemolytic uremic syndrome","5-64","TotalHumanCapital",5817526.66937793,3015283.64471271,10772860.0667498
"1095","STEC","Haemolytic uremic syndrome","5-64","TotalFrictionHigh",5734281.40328119,2959643.29067063,10667329.5747474
"1096","STEC","Haemolytic uremic syndrome","5-64","TotalFrictionLow",5526420.46806916,2815399.92906324,10413247.5893872
"1097","STEC","Haemolytic uremic syndrome","5-64","Direct",431350.013884786,163742.696765407,1092372.18802571
"1098","STEC","Haemolytic uremic syndrome","5-64","Pain and suffering",210305.012427181,77373.6452324878,549394.851637891
"1099","STEC","Haemolytic uremic syndrome","65+","Premature mortality",8455926.67220384,4033526.09402356,16211169.1331666
"1100","STEC","Haemolytic uremic syndrome","65+","HumanCapital",41346.060963585,15693.2237545231,104663.848477492
"1101","STEC","Haemolytic uremic syndrome","65+","FrictionHigh",33076.848770868,12554.5790036185,83731.0787819938
"1102","STEC","Haemolytic uremic syndrome","65+","FrictionLow",12403.8182890755,4707.96712635692,31399.1545432477
"1103","STEC","Haemolytic uremic syndrome","65+","TotalHumanCapital",8723833.10141851,4292595.2873981,16482479.434522
"1104","STEC","Haemolytic uremic syndrome","65+","TotalFrictionHigh",8714117.41314033,4283073.6933642,16472494.0490598
"1105","STEC","Haemolytic uremic syndrome","65+","TotalFrictionLow",8689353.52442979,4260211.59257573,16445827.1416287
"1106","STEC","Haemolytic uremic syndrome","65+","Direct",124003.297874888,47058.6196960927,313936.060873764
"1107","STEC","Haemolytic uremic syndrome","65+","Pain and suffering",60441.3726211681,22209.152321399,158050.234169728
"1108","STEC","Haemolytic uremic syndrome","All ages","Premature mortality",13750834.9115718,8034304.48025865,22474498.8514305
"1109","STEC","Haemolytic uremic syndrome","All ages","HumanCapital",453867.094061597,172268.837609391,1148923.8794385
"1110","STEC","Haemolytic uremic syndrome","All ages","FrictionHigh",363093.675249278,137815.070087513,919139.103550798
"1111","STEC","Haemolytic uremic syndrome","All ages","FrictionLow",136160.128218479,51680.6512828173,344677.163831549
"1112","STEC","Haemolytic uremic syndrome","All ages","TotalHumanCapital",15419645.7611984,9479727.77862277,24300119.7698897
"1113","STEC","Haemolytic uremic syndrome","All ages","TotalFrictionHigh",15312621.2534282,9397207.33176051,24169589.5618279
"1114","STEC","Haemolytic uremic syndrome","All ages","TotalFrictionLow",15045635.836023,9187024.82922787,23858421.7950006
"1115","STEC","Haemolytic uremic syndrome","All ages","Direct",644979.632382006,244841.928674019,1633161.4333944
"1116","STEC","Haemolytic uremic syndrome","All ages","Pain and suffering",315009.530477632,116488.905968376,818671.310308786
"1117","STEC","Initial and sequel disease","<5","Premature mortality",315881.835954376,22324.9950245725,1555765.86975027
"1118","STEC","Initial and sequel disease","<5","HumanCapital",171032.478793236,73792.5908919358,395368.606814348
"1119","STEC","Initial and sequel disease","<5","FrictionHigh",136825.983034589,59034.0727135487,316294.885451478
"1120","STEC","Initial and sequel disease","<5","FrictionLow",51309.7436379707,22137.7772675808,118610.582044304
"1121","STEC","Initial and sequel disease","<5","TotalHumanCapital",856481.873479527,355759.548613084,2156916.13809869
"1122","STEC","Initial and sequel disease","<5","TotalFrictionHigh",816626.172693883,335119.514144401,2103820.79539809
"1123","STEC","Initial and sequel disease","<5","TotalFrictionLow",715791.288638872,281887.809122987,1975546.97622595
"1124","STEC","Initial and sequel disease","<5","Direct",144585.53902411,72287.1004369661,311357.746851498
"1125","STEC","Initial and sequel disease","<5","Pain and suffering",139276.666119255,59613.3557829164,314529.562199468
"1126","STEC","Initial and sequel disease","5-64","Premature mortality",6343556.65667711,3199083.83465346,11661798.5447254
"1127","STEC","Initial and sequel disease","5-64","HumanCapital",1105613.24880123,487922.736945272,2454899.43553777
"1128","STEC","Initial and sequel disease","5-64","FrictionHigh",884490.599040987,390338.189556217,1963919.54843021
"1129","STEC","Initial and sequel disease","5-64","FrictionLow",331683.97464037,146376.821083582,736469.83066133
"1130","STEC","Initial and sequel disease","5-64","TotalHumanCapital",9077741.49728904,5331069.29371314,14963723.7304837
"1131","STEC","Initial and sequel disease","5-64","TotalFrictionHigh",8833565.45676362,5169195.92803693,14615321.6492253
"1132","STEC","Initial and sequel disease","5-64","TotalFrictionLow",8216390.6658935,4742141.09612026,13783204.017311
"1133","STEC","Initial and sequel disease","5-64","Direct",646683.35323689,306110.989817887,1442507.38375186
"1134","STEC","Initial and sequel disease","5-64","Pain and suffering",667028.656110628,283600.913161783,1511773.54453405
"1135","STEC","Initial and sequel disease","65+","Premature mortality",8837224.19039353,4316036.35755351,16640629.5749943
"1136","STEC","Initial and sequel disease","65+","HumanCapital",195798.621117886,84152.423654904,719390.548929105
"1137","STEC","Initial and sequel disease","65+","FrictionHigh",156638.896894309,67321.9389239232,575512.439143284
"1138","STEC","Initial and sequel disease","65+","FrictionLow",58739.5863353657,25245.7270964712,215817.164678732
"1139","STEC","Initial and sequel disease","65+","TotalHumanCapital",9721244.21538519,5147468.5228807,17555751.7037724
"1140","STEC","Initial and sequel disease","65+","TotalFrictionHigh",9665120.36821222,5101630.20543975,17491045.1194005
"1141","STEC","Initial and sequel disease","65+","TotalFrictionLow",9525336.01946925,4982958.5440274,17340383.7945702
"1142","STEC","Initial and sequel disease","65+","Direct",364578.773228427,217476.435037585,610861.839024583
"1143","STEC","Initial and sequel disease","65+","Pain and suffering",194859.668187658,84526.2736332883,437335.403464989
"1144","STEC","Initial and sequel disease","All ages","Premature mortality",16149118.8614193,9985565.0002207,25208061.1374909
"1145","STEC","Initial and sequel disease","All ages","HumanCapital",1515842.20259244,681606.464486142,3403479.31262705
"1146","STEC","Initial and sequel disease","All ages","FrictionHigh",1212673.76207395,545285.171588914,2722783.45010164
"1147","STEC","Initial and sequel disease","All ages","FrictionLow",454752.660777733,204481.939345843,1021043.79378811
"1148","STEC","Initial and sequel disease","All ages","TotalHumanCapital",20272796.1948657,13418105.9511723,30005782.7670677
"1149","STEC","Initial and sequel disease","All ages","TotalFrictionHigh",19936057.4466443,13175422.1571338,29548578.3825625
"1150","STEC","Initial and sequel disease","All ages","TotalFrictionLow",19086132.6947361,12540428.6817765,28443690.6356862
"1151","STEC","Initial and sequel disease","All ages","Direct",1152263.43962762,629645.597954803,2343123.8682254
"1152","STEC","Initial and sequel disease","All ages","Pain and suffering",1001292.58255013,428155.316670536,2261831.90872843
"1153","Yersinia Enterocolitica","Yersiniosis","<5","Premature mortality",167533.939842893,1423.80285177148,1494382.02356425
"1154","Yersinia Enterocolitica","Yersiniosis","<5","HumanCapital",282632.625549741,136484.50904257,585200.844654345
"1155","Yersinia Enterocolitica","Yersiniosis","<5","FrictionHigh",226106.100439793,109187.607234056,468160.675723476
"1156","Yersinia Enterocolitica","Yersiniosis","<5","FrictionLow",84789.7876649224,40945.3527127711,175560.253396304
"1157","Yersinia Enterocolitica","Yersiniosis","<5","TotalHumanCapital",933572.405125545,471643.205011459,2275089.06609828
"1158","Yersinia Enterocolitica","Yersiniosis","<5","TotalFrictionHigh",868384.373037995,437063.447131974,2196711.32737354
"1159","Yersinia Enterocolitica","Yersiniosis","<5","TotalFrictionLow",702288.449928392,347113.03554519,2013299.33249023
"1160","Yersinia Enterocolitica","Yersiniosis","<5","Direct",116565.094470419,76457.0081308542,190855.288852879
"1161","Yersinia Enterocolitica","Yersiniosis","<5","Pain and suffering",260761.522948221,140178.655333692,470547.862250534
"1162","Yersinia Enterocolitica","Yersiniosis","5-64","Premature mortality",183744.902163125,1581.62793897618,1640411.99580634
"1163","Yersinia Enterocolitica","Yersiniosis","5-64","HumanCapital",1934392.76016115,1061498.16455927,3462143.31547485
"1164","Yersinia Enterocolitica","Yersiniosis","5-64","FrictionHigh",1547514.20812892,849198.531647419,2769714.65237988
"1165","Yersinia Enterocolitica","Yersiniosis","5-64","FrictionLow",580317.828048345,318449.449367782,1038642.99464246
"1166","Yersinia Enterocolitica","Yersiniosis","5-64","TotalHumanCapital",4076245.89212677,2341976.91799207,7022388.90224978
"1167","Yersinia Enterocolitica","Yersiniosis","5-64","TotalFrictionHigh",3681811.92469103,2116210.23409033,6368984.84348317
"1168","Yersinia Enterocolitica","Yersiniosis","5-64","TotalFrictionLow",2686938.06204225,1539222.48511546,4773599.33367896
"1169","Yersinia Enterocolitica","Yersiniosis","5-64","Direct",524858.910931599,347630.23570714,851541.856485016
"1170","Yersinia Enterocolitica","Yersiniosis","5-64","Pain and suffering",1194502.51147766,642544.029771796,2155046.80663414
"1171","Yersinia Enterocolitica","Yersiniosis","65+","Premature mortality",201850.411811435,1695.06034208232,1797604.81052474
"1172","Yersinia Enterocolitica","Yersiniosis","65+","HumanCapital",366659.118743473,133334.614336598,1669994.07749892
"1173","Yersinia Enterocolitica","Yersiniosis","65+","FrictionHigh",293327.294994778,106667.691469278,1335995.26199914
"1174","Yersinia Enterocolitica","Yersiniosis","65+","FrictionLow",109997.735623042,40000.3843009793,500998.223249677
"1175","Yersinia Enterocolitica","Yersiniosis","65+","TotalHumanCapital",1611816.22741942,897002.936738802,3773580.09402365
"1176","Yersinia Enterocolitica","Yersiniosis","65+","TotalFrictionHigh",1521266.81249171,858305.476198201,3514975.71978323
"1177","Yersinia Enterocolitica","Yersiniosis","65+","TotalFrictionLow",1277069.58017533,750797.039679685,2927796.70266987
"1178","Yersinia Enterocolitica","Yersiniosis","65+","Direct",447145.977830148,309940.61845394,609110.342144507
"1179","Yersinia Enterocolitica","Yersiniosis","65+","Pain and suffering",375295.027768676,203505.336801507,674073.165984709
"1180","Yersinia Enterocolitica","Yersiniosis","All ages","Premature mortality",973685.960676517,141429.717063263,3386430.4782305
"1181","Yersinia Enterocolitica","Yersiniosis","All ages","HumanCapital",2707744.16138482,1474503.64437314,5147179.49662502
"1182","Yersinia Enterocolitica","Yersiniosis","All ages","FrictionHigh",2166195.32910786,1179602.91549851,4117743.59730001
"1183","Yersinia Enterocolitica","Yersiniosis","All ages","FrictionLow",812323.248415447,442351.093311941,1544153.84898751
"1184","Yersinia Enterocolitica","Yersiniosis","All ages","TotalHumanCapital",6936564.48170121,4190991.90083883,11526797.1328697
"1185","Yersinia Enterocolitica","Yersiniosis","All ages","TotalFrictionHigh",6382413.5728127,3861486.83084313,10572967.4208004
"1186","Yersinia Enterocolitica","Yersiniosis","All ages","TotalFrictionLow",4974888.92867308,3013700.07159232,8268348.55042406
"1187","Yersinia Enterocolitica","Yersiniosis","All ages","Direct",1094619.68089057,803848.15600533,1561852.30064658
"1188","Yersinia Enterocolitica","Yersiniosis","All ages","Pain and suffering",1830563.73480913,986314.253074473,3299656.4409253
"1189","Yersinia Enterocolitica","Reactive arthritis","<5","Premature mortality",3865.94240455177,30.9080716409219,46812.6805158095
"1190","Yersinia Enterocolitica","Reactive arthritis","<5","HumanCapital",290578.72075927,99690.0051986609,633491.931127158
"1191","Yersinia Enterocolitica","Reactive arthritis","<5","FrictionHigh",232462.976607416,79752.0041589287,506793.544901726
"1192","Yersinia Enterocolitica","Reactive arthritis","<5","FrictionLow",87173.6162277809,29907.0015595983,190047.579338147
"1193","Yersinia Enterocolitica","Reactive arthritis","<5","TotalHumanCapital",463594.446599785,157630.497877077,1025274.68168727
"1194","Yersinia Enterocolitica","Reactive arthritis","<5","TotalFrictionHigh",405142.023741971,137410.31716212,900367.71189841
"1195","Yersinia Enterocolitica","Reactive arthritis","<5","TotalFrictionLow",258422.348162655,86084.1013131766,590497.341703283
"1196","Yersinia Enterocolitica","Reactive arthritis","<5","Direct",21493.2145313472,7295.60596414202,47786.2708703396
"1197","Yersinia Enterocolitica","Reactive arthritis","<5","Pain and suffering",137311.540921437,42160.0123046377,340877.848472934
"1198","Yersinia Enterocolitica","Reactive arthritis","5-64","Premature mortality",3200.89535263956,25.8301609289164,39176.9202705575
"1199","Yersinia Enterocolitica","Reactive arthritis","5-64","HumanCapital",1563433.18459876,536373.282576086,3408447.4758228
"1200","Yersinia Enterocolitica","Reactive arthritis","5-64","FrictionHigh",1250746.54767901,429098.626060869,2726757.98065824
"1201","Yersinia Enterocolitica","Reactive arthritis","5-64","FrictionLow",469029.955379628,160911.984772826,1022534.24274684
"1202","Yersinia Enterocolitica","Reactive arthritis","5-64","TotalHumanCapital",2321373.78972429,790825.704906049,5115635.15783793
"1203","Yersinia Enterocolitica","Reactive arthritis","5-64","TotalFrictionHigh",2007235.06769692,682197.89174428,4439554.38283043
"1204","Yersinia Enterocolitica","Reactive arthritis","5-64","TotalFrictionLow",1218622.44740833,407598.275923465,2764657.02365743
"1205","Yersinia Enterocolitica","Reactive arthritis","5-64","Direct",100110.324522599,33975.1626242844,222837.054199689
"1206","Yersinia Enterocolitica","Reactive arthritis","5-64","Pain and suffering",628665.5945752,192906.387209838,1560345.02026976
"1207","Yersinia Enterocolitica","Reactive arthritis","65+","Premature mortality",3595.24817783405,28.6337537781225,43922.1661541341
"1208","Yersinia Enterocolitica","Reactive arthritis","65+","HumanCapital",198992.530272434,68269.1641202044,433824.479482785
"1209","Yersinia Enterocolitica","Reactive arthritis","65+","FrictionHigh",159194.024217947,54615.3312961635,347059.583586228
"1210","Yersinia Enterocolitica","Reactive arthritis","65+","FrictionLow",59697.7590817302,20480.7492360613,130147.343844835
"1211","Yersinia Enterocolitica","Reactive arthritis","65+","TotalHumanCapital",438672.288159717,147462.524305045,986440.633187097
"1212","Yersinia Enterocolitica","Reactive arthritis","65+","TotalFrictionHigh",398335.51601406,133417.502084631,901687.83520684
"1213","Yersinia Enterocolitica","Reactive arthritis","65+","TotalFrictionLow",297201.985935792,97490.0595641473,691867.26576302
"1214","Yersinia Enterocolitica","Reactive arthritis","65+","Direct",30363.8723589809,10300.7004783237,67663.2921316952
"1215","Yersinia Enterocolitica","Reactive arthritis","65+","Pain and suffering",195276.019917819,59927.0503487384,484848.894666843
"1216","Yersinia Enterocolitica","Reactive arthritis","All ages","Premature mortality",19201.4871953533,2138.03350986419,100591.984763682
"1217","Yersinia Enterocolitica","Reactive arthritis","All ages","HumanCapital",2053004.43563046,704332.451894951,4475763.88643274
"1218","Yersinia Enterocolitica","Reactive arthritis","All ages","FrictionHigh",1642403.54850437,563465.961515961,3580611.10914619
"1219","Yersinia Enterocolitica","Reactive arthritis","All ages","FrictionLow",615901.330689139,211299.735568485,1342729.16592982
"1220","Yersinia Enterocolitica","Reactive arthritis","All ages","TotalHumanCapital",3224687.37884808,1097449.65532382,7122213.02214438
"1221","Yersinia Enterocolitica","Reactive arthritis","All ages","TotalFrictionHigh",2812248.74554243,954527.854149534,6234063.14236518
"1222","Yersinia Enterocolitica","Reactive arthritis","All ages","TotalFrictionLow",1775476.14431878,592644.529031125,4039748.42409893
"1223","Yersinia Enterocolitica","Reactive arthritis","All ages","Direct",152584.437854893,52094.7085731728,335842.76231449
"1224","Yersinia Enterocolitica","Reactive arthritis","All ages","Pain and suffering",961778.526181014,295249.136515812,2384183.82953168
"1225","Yersinia Enterocolitica","Initial and sequel disease","<5","Premature mortality",180162.960385738,6102.21415434364,1506450.23770161
"1226","Yersinia Enterocolitica","Initial and sequel disease","<5","HumanCapital",582708.430285322,282505.715293713,1139055.93520854
"1227","Yersinia Enterocolitica","Initial and sequel disease","<5","FrictionHigh",466166.744228257,226004.57223497,911244.748166836
"1228","Yersinia Enterocolitica","Initial and sequel disease","<5","FrictionLow",174812.529085597,84751.7145881139,341716.780562563
"1229","Yersinia Enterocolitica","Initial and sequel disease","<5","TotalHumanCapital",1453503.95578151,737125.768406215,2994309.8867576
"1230","Yersinia Enterocolitica","Initial and sequel disease","<5","TotalFrictionHigh",1327698.65975982,671325.310460452,2805757.22777461
"1231","Yersinia Enterocolitica","Initial and sequel disease","<5","TotalFrictionLow",1007654.48282729,501731.619626834,2370600.91261882
"1232","Yersinia Enterocolitica","Initial and sequel disease","<5","Direct",139116.883649274,89018.1806401075,229799.594567348
"1233","Yersinia Enterocolitica","Initial and sequel disease","<5","Pain and suffering",404157.621634776,208362.690006283,764373.12013561
"1234","Yersinia Enterocolitica","Initial and sequel disease","5-64","Premature mortality",193788.541401605,5943.09345915128,1650447.91765332
"1235","Yersinia Enterocolitica","Initial and sequel disease","5-64","HumanCapital",3518118.23902063,1814929.26468144,6578900.82245879
"1236","Yersinia Enterocolitica","Initial and sequel disease","5-64","FrictionHigh",2814494.59121651,1451943.41174515,5263120.65796703
"1237","Yersinia Enterocolitica","Initial and sequel disease","5-64","FrictionLow",1055435.47170619,544478.779404431,1973670.24673764
"1238","Yersinia Enterocolitica","Initial and sequel disease","5-64","TotalHumanCapital",6453164.61913339,3525464.32750294,11553610.6159262
"1239","Yersinia Enterocolitica","Initial and sequel disease","5-64","TotalFrictionHigh",5745640.01034186,3148356.18187006,10264401.6971905
"1240","Yersinia Enterocolitica","Initial and sequel disease","5-64","TotalFrictionLow",3967740.94645108,2187906.698481,7091906.80042926
"1241","Yersinia Enterocolitica","Initial and sequel disease","5-64","Direct",630070.539048328,406756.240090568,1033037.83760431
"1242","Yersinia Enterocolitica","Initial and sequel disease","5-64","Pain and suffering",1850544.84541254,954425.364359815,3500291.28170747
"1243","Yersinia Enterocolitica","Initial and sequel disease","65+","Premature mortality",213384.778065111,6519.43618799953,1807800.43331478
"1244","Yersinia Enterocolitica","Initial and sequel disease","65+","HumanCapital",595353.221561854,259900.912267182,1946525.68223784
"1245","Yersinia Enterocolitica","Initial and sequel disease","65+","FrictionHigh",476282.577249484,207920.729813746,1557220.54579027
"1246","Yersinia Enterocolitica","Initial and sequel disease","65+","FrictionLow",178605.966468556,77970.2736801547,583957.704671351
"1247","Yersinia Enterocolitica","Initial and sequel disease","65+","TotalHumanCapital",2114048.57631435,1176632.73191254,4412371.38423029
"1248","Yersinia Enterocolitica","Initial and sequel disease","65+","TotalFrictionHigh",1979058.67957715,1112110.64318659,4093693.85611913
"1249","Yersinia Enterocolitica","Initial and sequel disease","65+","TotalFrictionLow",1625286.84484494,939242.503607649,3350865.26592702
"1250","Yersinia Enterocolitica","Initial and sequel disease","65+","Direct",479669.456909158,334244.418164851,655658.116371304
"1251","Yersinia Enterocolitica","Initial and sequel disease","65+","Pain and suffering",579271.283482593,300555.184876855,1091500.38545808
"1252","Yersinia Enterocolitica","Initial and sequel disease","All ages","Premature mortality",1005948.93799004,170382.776975734,3418959.22617032
"1253","Yersinia Enterocolitica","Initial and sequel disease","All ages","HumanCapital",4816867.24117069,2484823.12711849,9162927.89412008
"1254","Yersinia Enterocolitica","Initial and sequel disease","All ages","FrictionHigh",3853493.79293655,1987858.50169479,7330342.31529606
"1255","Yersinia Enterocolitica","Initial and sequel disease","All ages","FrictionLow",1445060.17235121,745446.938135548,2748878.36823602
"1256","Yersinia Enterocolitica","Initial and sequel disease","All ages","TotalHumanCapital",10258655.7962066,5915620.91619741,17709691.7758405
"1257","Yersinia Enterocolitica","Initial and sequel disease","All ages","TotalFrictionHigh",9289170.56009157,5385899.76059877,15931750.3568811
"1258","Yersinia Enterocolitica","Initial and sequel disease","All ages","TotalFrictionLow",6849210.9343704,4021725.9365945,11570886.1520893
"1259","Yersinia Enterocolitica","Initial and sequel disease","All ages","Direct",1252221.62982194,894928.993538444,1841824.55040678
"1260","Yersinia Enterocolitica","Initial and sequel disease","All ages","Pain and suffering",2834323.63515517,1463735.75381167,5353879.33872832
"1261","All pathogens","Initial","<5","Premature mortality",20240579.6520743,12770517.1114031,30783484.5227798
"1262","All pathogens","Initial","<5","HumanCapital",71642215.482038,35483860.0417063,140790490.230718
"1263","All pathogens","Initial","<5","FrictionHigh",57313772.3856304,28387088.0333651,112632392.184575
"1264","All pathogens","Initial","<5","FrictionLow",21492664.6446114,10645158.0125119,42237147.0692155
"1265","All pathogens","Initial","<5","TotalHumanCapital",125741397.035306,79016088.1386762,205385225.594094
"1266","All pathogens","Initial","<5","TotalFrictionHigh",111415982.722532,71574286.616588,177532708.761691
"1267","All pathogens","Initial","<5","TotalFrictionLow",75499450.8682471,52144122.220668,109230013.509671
"1268","All pathogens","Initial","<5","Direct",19398043.4762603,12599739.0956177,28432878.102321
"1269","All pathogens","Initial","<5","Pain and suffering",12822027.2147193,6974636.80936711,22296730.5668733
"1270","All pathogens","Initial","5-64","Premature mortality",24373795.0001258,14109221.1616093,40388166.3550285
"1271","All pathogens","Initial","5-64","HumanCapital",1471982731.7139,814220770.414176,2456671607.71984
"1272","All pathogens","Initial","5-64","FrictionHigh",1177586185.37112,651376616.331341,1965337286.17587
"1273","All pathogens","Initial","5-64","FrictionLow",441594819.514171,244266231.124253,737001482.315952
"1274","All pathogens","Initial","5-64","TotalHumanCapital",1857839439.25725,1069143058.33452,3016615637.43657
"1275","All pathogens","Initial","5-64","TotalFrictionHigh",1563337488.16348,905704638.237337,2526287564.93527
"1276","All pathogens","Initial","5-64","TotalFrictionLow",826000167.04691,495220495.03125,1305338935.20053
"1277","All pathogens","Initial","5-64","Direct",183053902.54827,116683931.024755,278838749.303199
"1278","All pathogens","Initial","5-64","Pain and suffering",170404718.569778,89144354.535889,302432754.561738
"1279","All pathogens","Initial","65+","Premature mortality",213542459.432208,124537855.366027,354139729.878008
"1280","All pathogens","Initial","65+","HumanCapital",177647984.077687,50884177.7265275,878344551.315413
"1281","All pathogens","Initial","65+","FrictionHigh",142118387.26215,40707342.181222,702675641.05233
"1282","All pathogens","Initial","65+","FrictionLow",53294395.2233061,15265253.3179582,263503365.394624
"1283","All pathogens","Initial","65+","TotalHumanCapital",593788330.785963,379099845.533356,1301198660.36614
"1284","All pathogens","Initial","65+","TotalFrictionHigh",558419230.960166,363830601.994843,1128413494.40145
"1285","All pathogens","Initial","65+","TotalFrictionLow",464457532.966208,319183946.096925,718387326.057822
"1286","All pathogens","Initial","65+","Direct",131189693.764248,82392511.0658783,203587189.77976
"1287","All pathogens","Initial","65+","Pain and suffering",39879941.6925514,21680130.8393941,69404135.5003026
"1288","All pathogens","Initial","All ages","Premature mortality",259974311.966374,169156845.696486,401260475.337504
"1289","All pathogens","Initial","All ages","HumanCapital",1793972688.67878,977661596.246607,3141318045.90116
"1290","All pathogens","Initial","All ages","FrictionHigh",1435178150.94303,782129276.997285,2513054436.72093
"1291","All pathogens","Initial","All ages","FrictionLow",538191806.603635,293298478.873982,942395413.770347
"1292","All pathogens","Initial","All ages","TotalHumanCapital",2636768056.07612,1639126070.90202,4199522947.40961
"1293","All pathogens","Initial","All ages","TotalFrictionHigh",2277665513.24416,1441309499.24461,3574604337.29663
"1294","All pathogens","Initial","All ages","TotalFrictionLow",1379637786.55518,937847515.483194,2022442532.64305
"1295","All pathogens","Initial","All ages","Direct",338160365.517038,236374713.395512,470661591.876067
"1296","All pathogens","Initial","All ages","Pain and suffering",223106979.827458,117925730.185457,394060624.141826
"1297","All pathogens","Reactive arthritis","<5","Premature mortality",161903.247828767,18429.3684691352,746113.261610907
"1298","All pathogens","Reactive arthritis","<5","HumanCapital",7334745.73442891,3958041.34564495,12701132.7902412
"1299","All pathogens","Reactive arthritis","<5","FrictionHigh",5867796.58754313,3166433.07651596,10160906.2321929
"1300","All pathogens","Reactive arthritis","<5","FrictionLow",2200423.72032867,1187412.40369349,3810339.83707235
"1301","All pathogens","Reactive arthritis","<5","TotalHumanCapital",11694250.0837706,6328141.80343081,20431426.4023416
"1302","All pathogens","Reactive arthritis","<5","TotalFrictionHigh",10221264.5542516,5518534.23285593,17928035.6751789
"1303","All pathogens","Reactive arthritis","<5","TotalFrictionLow",6531553.72367848,3447551.40593465,11766966.4908518
"1304","All pathogens","Reactive arthritis","<5","Direct",541481.734029952,307662.742392741,922793.98466383
"1305","All pathogens","Reactive arthritis","<5","Pain and suffering",3510347.77272218,1555293.17395687,7061670.52156903
"1306","All pathogens","Reactive arthritis","5-64","Premature mortality",157189.884332211,15776.4935082734,898558.151216441
"1307","All pathogens","Reactive arthritis","5-64","HumanCapital",51905442.2069144,28130521.2997534,93663198.0059867
"1308","All pathogens","Reactive arthritis","5-64","FrictionHigh",41524353.7655316,22504417.0398028,74930558.4047894
"1309","All pathogens","Reactive arthritis","5-64","FrictionLow",15571632.6620743,8439156.38992603,28098959.401796
"1310","All pathogens","Reactive arthritis","5-64","TotalHumanCapital",77080519.7084281,41509504.671289,140595929.922501
"1311","All pathogens","Reactive arthritis","5-64","TotalFrictionHigh",66669165.6696442,35758843.5789777,122075246.198118
"1312","All pathogens","Reactive arthritis","5-64","TotalFrictionLow",40549705.1339618,21196698.62167,76289116.1913037
"1313","All pathogens","Reactive arthritis","5-64","Direct",3314349.98776022,1906583.09121567,5854216.33576169
"1314","All pathogens","Reactive arthritis","5-64","Pain and suffering",21192171.9486854,9402288.01535427,43936972.8738099
"1315","All pathogens","Reactive arthritis","65+","Premature mortality",168267.619910046,15688.243790431,999186.558626494
"1316","All pathogens","Reactive arthritis","65+","HumanCapital",6459731.7602769,3466582.9106423,11786833.6885069
"1317","All pathogens","Reactive arthritis","65+","FrictionHigh",5167785.40822152,2773266.32851384,9429466.9508055
"1318","All pathogens","Reactive arthritis","65+","FrictionLow",1937919.52808307,1039974.87319269,3536050.10655206
"1319","All pathogens","Reactive arthritis","65+","TotalHumanCapital",14256004.646899,7528369.49624991,26681255.7756765
"1320","All pathogens","Reactive arthritis","65+","TotalFrictionHigh",12953867.7095796,6795727.56830697,24400044.1502735
"1321","All pathogens","Reactive arthritis","65+","TotalFrictionLow",9690889.63064808,4922100.14014916,18743301.5522088
"1322","All pathogens","Reactive arthritis","65+","Direct",983434.953076265,552169.271415355,1775183.74040756
"1323","All pathogens","Reactive arthritis","65+","Pain and suffering",6435436.86929835,2833966.39250032,13471106.6466801
"1324","All pathogens","Reactive arthritis","All ages","Premature mortality",672905.820373026,193556.296922939,1872429.81698927
"1325","All pathogens","Reactive arthritis","All ages","HumanCapital",65817427.3374363,35892278.0579566,117422789.800594
"1326","All pathogens","Reactive arthritis","All ages","FrictionHigh",52653941.869949,28713822.4463653,93938231.8404752
"1327","All pathogens","Reactive arthritis","All ages","FrictionLow",19745228.2012309,10767683.417387,35226836.9401782
"1328","All pathogens","Reactive arthritis","All ages","TotalHumanCapital",103217709.029396,55962834.2639972,186339540.592003
"1329","All pathogens","Reactive arthritis","All ages","TotalFrictionHigh",90005676.7678239,48606294.6094249,163243574.600391
"1330","All pathogens","Reactive arthritis","All ages","TotalFrictionLow",56873514.4026198,29919004.3119382,106062125.635803
"1331","All pathogens","Reactive arthritis","All ages","Direct",4857960.32404225,2813851.48691302,8438881.87743599
"1332","All pathogens","Reactive arthritis","All ages","Pain and suffering",31218156.7584591,13908951.1997772,64044180.6052135
"1333","All pathogens","Irritable bowel syndrome","<5","Premature mortality",45283.0291759674,3540.9055963328,249986.14940037
"1334","All pathogens","Irritable bowel syndrome","<5","HumanCapital",3725703.41811135,2507831.11779223,5529688.10390839
"1335","All pathogens","Irritable bowel syndrome","<5","FrictionHigh",2980562.73448908,2006264.89423378,4423750.48312671
"1336","All pathogens","Irritable bowel syndrome","<5","FrictionLow",1117711.0254334,752349.335337669,1658906.43117252
"1337","All pathogens","Irritable bowel syndrome","<5","TotalHumanCapital",13301871.4904957,8308035.26462424,21271711.4697654
"1338","All pathogens","Irritable bowel syndrome","<5","TotalFrictionHigh",12552287.287151,7768136.32856804,20228282.98337
"1339","All pathogens","Irritable bowel syndrome","<5","TotalFrictionLow",10673127.6765551,6392570.69862201,17639535.2549722
"1340","All pathogens","Irritable bowel syndrome","<5","Direct",1612779.61778657,1086190.62955107,2392977.25911329
"1341","All pathogens","Irritable bowel syndrome","<5","Pain and suffering",7843915.07939033,4217101.22806683,13854525.2148819
"1342","All pathogens","Irritable bowel syndrome","5-64","Premature mortality",183741.411920297,41807.6024369967,685410.596958202
"1343","All pathogens","Irritable bowel syndrome","5-64","HumanCapital",28356153.090556,18183726.9010273,44943145.37334
"1344","All pathogens","Irritable bowel syndrome","5-64","FrictionHigh",22684922.4724448,14546981.5208218,35954516.298672
"1345","All pathogens","Irritable bowel syndrome","5-64","FrictionLow",8506845.92716681,5455118.07030819,13482943.612002
"1346","All pathogens","Irritable bowel syndrome","5-64","TotalHumanCapital",93942494.3886775,57520840.6824839,156683734.261876
"1347","All pathogens","Irritable bowel syndrome","5-64","TotalFrictionHigh",88208938.7098025,53624953.1468682,148153976.183647
"1348","All pathogens","Irritable bowel syndrome","5-64","TotalFrictionLow",73873727.4386679,43684088.3118122,127051385.946126
"1349","All pathogens","Irritable bowel syndrome","5-64","Direct",14110442.2089,9632490.85623933,21063048.9596627
"1350","All pathogens","Irritable bowel syndrome","5-64","Pain and suffering",50743323.4497918,26214238.3708277,95254255.1084737
"1351","All pathogens","Irritable bowel syndrome","65+","Premature mortality",1000953.64884294,420536.671029673,2591301.70058646
"1352","All pathogens","Irritable bowel syndrome","65+","HumanCapital",3526512.84730273,2238335.39797661,5638458.4487679
"1353","All pathogens","Irritable bowel syndrome","65+","FrictionHigh",2821210.27784219,1790668.31838129,4510766.75901432
"1354","All pathogens","Irritable bowel syndrome","65+","FrictionLow",1057953.85419082,671500.619392983,1691537.53463037
"1355","All pathogens","Irritable bowel syndrome","65+","TotalHumanCapital",24626609.8778354,14894984.7544896,41793768.4577358
"1356","All pathogens","Irritable bowel syndrome","65+","TotalFrictionHigh",23912198.7698939,14402708.8705706,40736640.1223654
"1357","All pathogens","Irritable bowel syndrome","65+","TotalFrictionLow",22128893.5642671,13156608.0372162,38121798.0682773
"1358","All pathogens","Irritable bowel syndrome","65+","Direct",4330791.22048718,2911450.61530161,6571959.30520886
"1359","All pathogens","Irritable bowel syndrome","65+","Pain and suffering",15485268.5037516,7946333.32970485,29362532.7203757
"1360","All pathogens","Irritable bowel syndrome","All ages","Premature mortality",1338554.83736379,646349.896987738,2980222.11465797
"1361","All pathogens","Irritable bowel syndrome","All ages","HumanCapital",35616922.8694638,23036940.6092864,55961469.6415239
"1362","All pathogens","Irritable bowel syndrome","All ages","FrictionHigh",28493538.295571,18429552.4874292,44769175.7132191
"1363","All pathogens","Irritable bowel syndrome","All ages","FrictionLow",10685076.8608391,6911082.18278593,16788440.8924572
"1364","All pathogens","Irritable bowel syndrome","All ages","TotalHumanCapital",132245993.741139,81831817.5955552,217515358.58307
"1365","All pathogens","Irritable bowel syndrome","All ages","TotalFrictionHigh",125049166.004285,76880746.7965948,206833228.320157
"1366","All pathogens","Irritable bowel syndrome","All ages","TotalFrictionLow",107064836.645167,64323273.9609056,180376101.939444
"1367","All pathogens","Irritable bowel syndrome","All ages","Direct",20070878.0157648,13864492.0064332,29747960.2662007
"1368","All pathogens","Irritable bowel syndrome","All ages","Pain and suffering",74551779.7966896,39377603.5095316,135780135.861381
"1369","All pathogens","Guillain-Barré syndrome","<5","Premature mortality",55900.5723341888,474.679258084749,545423.16012592
"1370","All pathogens","Guillain-Barré syndrome","<5","HumanCapital",170398.626914017,83841.8172499385,351170.138898612
"1371","All pathogens","Guillain-Barré syndrome","<5","FrictionHigh",136318.901531214,67073.4537999508,280936.111118889
"1372","All pathogens","Guillain-Barré syndrome","<5","FrictionLow",51119.5880742052,25152.5451749816,105351.041669584
"1373","All pathogens","Guillain-Barré syndrome","<5","TotalHumanCapital",700952.720700201,338037.210425094,1454149.63397689
"1374","All pathogens","Guillain-Barré syndrome","<5","TotalFrictionHigh",665327.539187736,319697.744527131,1390035.4477629
"1375","All pathogens","Guillain-Barré syndrome","<5","TotalFrictionLow",575782.107851764,273483.244188249,1232836.67422194
"1376","All pathogens","Guillain-Barré syndrome","<5","Direct",385504.2968954,189675.647585914,794499.930210205
"1377","All pathogens","Guillain-Barré syndrome","<5","Pain and suffering",21623.7031640312,10263.3514368229,45999.6191357743
"1378","All pathogens","Guillain-Barré syndrome","5-64","Premature mortality",4267970.89109613,1714887.86219809,8927248.01390478
"1379","All pathogens","Guillain-Barré syndrome","5-64","HumanCapital",1818240.22807965,894634.937381647,3747164.42854886
"1380","All pathogens","Guillain-Barré syndrome","5-64","FrictionHigh",1454592.18246372,715707.949905318,2997731.54283909
"1381","All pathogens","Guillain-Barré syndrome","5-64","FrictionLow",545472.068423895,268390.481214494,1124149.32856466
"1382","All pathogens","Guillain-Barré syndrome","5-64","TotalHumanCapital",10290668.508057,5867297.97292223,17420517.257079
"1383","All pathogens","Guillain-Barré syndrome","5-64","TotalFrictionHigh",9915672.96311755,5644502.70170919,16756409.1933509
"1384","All pathogens","Guillain-Barré syndrome","5-64","TotalFrictionLow",8967028.92432912,5070325.38849569,15133006.5854327
"1385","All pathogens","Guillain-Barré syndrome","5-64","Direct",3512115.94065684,1728132.85346501,7238667.65354467
"1386","All pathogens","Guillain-Barré syndrome","5-64","Pain and suffering",229406.4556036,109058.504837537,487453.515716033
"1387","All pathogens","Guillain-Barré syndrome","65+","Premature mortality",48923319.3466868,21456291.3307715,90166914.3688607
"1388","All pathogens","Guillain-Barré syndrome","65+","HumanCapital",231910.030281378,114107.482726902,477937.404900493
"1389","All pathogens","Guillain-Barré syndrome","65+","FrictionHigh",185528.024225102,91285.9861815214,382349.923920394
"1390","All pathogens","Guillain-Barré syndrome","65+","FrictionLow",69573.0090844134,34232.2448180705,143381.221470148
"1391","All pathogens","Guillain-Barré syndrome","65+","TotalHumanCapital",50523404.8184641,23017402.4687278,91765103.6228921
"1392","All pathogens","Guillain-Barré syndrome","65+","TotalFrictionHigh",50471280.9123409,22967241.7769553,91710815.1569728
"1393","All pathogens","Guillain-Barré syndrome","65+","TotalFrictionLow",50340618.4047829,22845653.4822429,91580312.3873411
"1394","All pathogens","Guillain-Barré syndrome","65+","Direct",1102095.12433759,542288.756459075,2271307.56454618
"1395","All pathogens","Guillain-Barré syndrome","65+","Pain and suffering",110722.14020736,52048.3560326325,237183.879102536
"1396","All pathogens","Guillain-Barré syndrome","All ages","Premature mortality",53751368.7850926,25991818.5660545,95143961.2855358
"1397","All pathogens","Guillain-Barré syndrome","All ages","HumanCapital",2220548.88527504,1092584.23735849,4576271.97234796
"1398","All pathogens","Guillain-Barré syndrome","All ages","FrictionHigh",1776439.10822004,874067.38988679,3661017.57787837
"1399","All pathogens","Guillain-Barré syndrome","All ages","FrictionLow",666164.665582513,327775.271207546,1372881.59170439
"1400","All pathogens","Guillain-Barré syndrome","All ages","TotalHumanCapital",62156001.6655848,33685568.8194079,103969116.355991
"1401","All pathogens","Guillain-Barré syndrome","All ages","TotalFrictionHigh",61669000.4084707,33275888.846982,103426665.874371
"1402","All pathogens","Guillain-Barré syndrome","All ages","TotalFrictionLow",60433434.3721041,32212760.4940378,102078895.258959
"1403","All pathogens","Guillain-Barré syndrome","All ages","Direct",4999762.317383,2460138.83568109,10304266.358272
"1404","All pathogens","Guillain-Barré syndrome","All ages","Pain and suffering",362027.464097652,171987.808086502,769402.288261483
"1405","All pathogens","Haemolytic uremic syndrome","<5","Premature mortality",77116.0857291383,661.182919084083,722309.606301668
"1406","All pathogens","Haemolytic uremic syndrome","<5","HumanCapital",61935.5804022846,23508.1383562839,156784.371993732
"1407","All pathogens","Haemolytic uremic syndrome","<5","FrictionHigh",49548.4643218277,18806.5106850271,125427.497594986
"1408","All pathogens","Haemolytic uremic syndrome","<5","FrictionLow",18580.6741206854,7052.44150688518,47035.3115981197
"1409","All pathogens","Haemolytic uremic syndrome","<5","TotalHumanCapital",325832.7344256,112215.440138432,1002013.44174895
"1410","All pathogens","Haemolytic uremic syndrome","<5","TotalFrictionHigh",311164.137883562,106087.682918537,980479.501008669
"1411","All pathogens","Haemolytic uremic syndrome","<5","TotalFrictionLow",274051.398764356,90493.1820789136,929071.76221632
"1412","All pathogens","Haemolytic uremic syndrome","<5","Direct",89592.9927140732,34005.5647423503,226819.365150609
"1413","All pathogens","Haemolytic uremic syndrome","<5","Pain and suffering",43660.3856465828,16049.99210466,114143.321618031
"1414","All pathogens","Haemolytic uremic syndrome","5-64","Premature mortality",4634713.11936451,2075147.61987824,9449247.11508566
"1415","All pathogens","Haemolytic uremic syndrome","5-64","HumanCapital",350585.452695728,133067.475498584,887475.658967273
"1416","All pathogens","Haemolytic uremic syndrome","5-64","FrictionHigh",280468.362156582,106453.980398867,709980.527173819
"1417","All pathogens","Haemolytic uremic syndrome","5-64","FrictionLow",105175.635808718,39920.2426495752,266242.697690182
"1418","All pathogens","Haemolytic uremic syndrome","5-64","TotalHumanCapital",5817526.66937793,3015283.64471271,10772860.0667498
"1419","All pathogens","Haemolytic uremic syndrome","5-64","TotalFrictionHigh",5734281.40328119,2959643.29067063,10667329.5747474
"1420","All pathogens","Haemolytic uremic syndrome","5-64","TotalFrictionLow",5526420.46806916,2815399.92906324,10413247.5893872
"1421","All pathogens","Haemolytic uremic syndrome","5-64","Direct",431350.013884786,163742.696765407,1092372.18802571
"1422","All pathogens","Haemolytic uremic syndrome","5-64","Pain and suffering",210305.012427181,77373.6452324878,549394.851637891
"1423","All pathogens","Haemolytic uremic syndrome","65+","Premature mortality",8455926.67220384,4033526.09402356,16211169.1331666
"1424","All pathogens","Haemolytic uremic syndrome","65+","HumanCapital",41346.060963585,15693.2237545231,104663.848477492
"1425","All pathogens","Haemolytic uremic syndrome","65+","FrictionHigh",33076.848770868,12554.5790036185,83731.0787819938
"1426","All pathogens","Haemolytic uremic syndrome","65+","FrictionLow",12403.8182890755,4707.96712635692,31399.1545432477
"1427","All pathogens","Haemolytic uremic syndrome","65+","TotalHumanCapital",8723833.10141851,4292595.2873981,16482479.434522
"1428","All pathogens","Haemolytic uremic syndrome","65+","TotalFrictionHigh",8714117.41314033,4283073.6933642,16472494.0490598
"1429","All pathogens","Haemolytic uremic syndrome","65+","TotalFrictionLow",8689353.52442979,4260211.59257573,16445827.1416287
"1430","All pathogens","Haemolytic uremic syndrome","65+","Direct",124003.297874888,47058.6196960927,313936.060873764
"1431","All pathogens","Haemolytic uremic syndrome","65+","Pain and suffering",60441.3726211681,22209.152321399,158050.234169728
"1432","All pathogens","Haemolytic uremic syndrome","All ages","Premature mortality",13750834.9115718,8034304.48025865,22474498.8514305
"1433","All pathogens","Haemolytic uremic syndrome","All ages","HumanCapital",453867.094061597,172268.837609391,1148923.8794385
"1434","All pathogens","Haemolytic uremic syndrome","All ages","FrictionHigh",363093.675249278,137815.070087513,919139.103550798
"1435","All pathogens","Haemolytic uremic syndrome","All ages","FrictionLow",136160.128218479,51680.6512828173,344677.163831549
"1436","All pathogens","Haemolytic uremic syndrome","All ages","TotalHumanCapital",15419645.7611984,9479727.77862277,24300119.7698897
"1437","All pathogens","Haemolytic uremic syndrome","All ages","TotalFrictionHigh",15312621.2534282,9397207.33176051,24169589.5618279
"1438","All pathogens","Haemolytic uremic syndrome","All ages","TotalFrictionLow",15045635.836023,9187024.82922787,23858421.7950006
"1439","All pathogens","Haemolytic uremic syndrome","All ages","Direct",644979.632382006,244841.928674019,1633161.4333944
"1440","All pathogens","Haemolytic uremic syndrome","All ages","Pain and suffering",315009.530477632,116488.905968376,818671.310308786
"1441","All pathogens","Initial and sequel disease","<5","Premature mortality",20885343.9536327,13378025.3347444,31450883.2618877
"1442","All pathogens","Initial and sequel disease","<5","HumanCapital",83493548.7423656,46847913.0157412,152739836.561727
"1443","All pathogens","Initial and sequel disease","<5","FrictionHigh",66794838.9938924,37478330.412593,122191869.249381
"1444","All pathogens","Initial and sequel disease","<5","FrictionLow",25048064.6227097,14054373.9047224,45821950.968518
"1445","All pathogens","Initial and sequel disease","<5","TotalHumanCapital",153293424.474273,104818004.124515,233734745.095629
"1446","All pathogens","Initial and sequel disease","<5","TotalFrictionHigh",136596092.444179,95057210.9976992,203561481.806799
"1447","All pathogens","Initial and sequel disease","<5","TotalFrictionLow",94717043.8064631,69746187.9424328,129518703.290127
"1448","All pathogens","Initial and sequel disease","<5","Direct",22165314.542749,15271643.148278,31250425.3234767
"1449","All pathogens","Initial and sequel disease","<5","Pain and suffering",25054107.7234771,16658561.3999604,36690561.8722894
"1450","All pathogens","Initial and sequel disease","5-64","Premature mortality",34699953.5615302,23057353.2674006,51542662.515559
"1451","All pathogens","Initial and sequel disease","5-64","HumanCapital",1559528439.37109,899672927.875826,2545736111.87906
"1452","All pathogens","Initial and sequel disease","5-64","FrictionHigh",1247622751.49687,719738342.300661,2036588889.50325
"1453","All pathogens","Initial and sequel disease","5-64","FrictionLow",467858531.811327,269901878.362748,763720833.563719
"1454","All pathogens","Initial and sequel disease","5-64","TotalHumanCapital",2056659579.86728,1261385010.26029,3219036908.6741
"1455","All pathogens","Initial and sequel disease","5-64","TotalFrictionHigh",1744493358.85286,1080710492.94754,2710975503.34201
"1456","All pathogens","Initial and sequel disease","5-64","TotalFrictionLow",963712960.925766,625597447.890952,1446558987.89411
"1457","All pathogens","Initial and sequel disease","5-64","Direct",205583961.291153,138501143.391613,301745548.879379
"1458","All pathogens","Initial and sequel disease","5-64","Pain and suffering",249430527.308128,156072607.869412,388474687.027774
"1459","All pathogens","Initial and sequel disease","65+","Premature mortality",276307538.261358,179514846.307066,420352083.004764
"1460","All pathogens","Initial and sequel disease","65+","HumanCapital",188557919.641376,61562829.7539978,889051559.935554
"1461","All pathogens","Initial and sequel disease","65+","FrictionHigh",150846335.713101,49250263.8031982,711241247.948444
"1462","All pathogens","Initial and sequel disease","65+","FrictionLow",56567375.8924128,18468848.9261993,266715467.980666
"1463","All pathogens","Initial and sequel disease","65+","TotalHumanCapital",698571561.445932,478527393.534692,1406178046.07006
"1464","All pathogens","Initial and sequel disease","65+","TotalFrictionHigh",660908100.386958,460673832.69908,1231014952.6549
"1465","All pathogens","Initial and sequel disease","65+","TotalFrictionLow",561295657.558862,409909289.202003,817862921.074277
"1466","All pathogens","Initial and sequel disease","65+","Direct",138081001.998831,89186119.2109514,210533321.101786
"1467","All pathogens","Initial and sequel disease","65+","Pain and suffering",64018811.9676617,41271323.0616981,96815573.6279617
"1468","All pathogens","Initial and sequel disease","All ages","Premature mortality",333580227.018788,235042918.548835,478406952.076412
"1469","All pathogens","Initial and sequel disease","All ages","HumanCapital",1904025715.19185,1085860121.19605,3251715426.33372
"1470","All pathogens","Initial and sequel disease","All ages","FrictionHigh",1523220572.15348,868688096.956837,2601372341.06698
"1471","All pathogens","Initial and sequel disease","All ages","FrictionLow",571207714.557554,325758036.358814,975514627.900116
"1472","All pathogens","Initial and sequel disease","All ages","TotalHumanCapital",2966805163.93881,1959060963.16439,4533894916.95927
"1473","All pathogens","Initial and sequel disease","All ages","TotalFrictionHigh",2585732338.80177,1739081581.04571,3887391490.58599
"1474","All pathogens","Initial and sequel disease","All ages","TotalFrictionLow",1632655037.17523,1179384579.35074,2282792160.35648
"1475","All pathogens","Initial and sequel disease","All ages","Direct",370310508.725592,267735063.400501,503400309.59184
"1476","All pathogens","Initial and sequel disease","All ages","Pain and suffering",338575842.608634,215121289.857815,520459681.000009
